,firewall_instructions,nf_router_instructions,ndpi_stats_instructions,payload_scan_instructions,bridge_instructions,firewall_branches,nf_router_branches,ndpi_stats_branches,payload_scan_branches,bridge_branches,firewall_branch-misses,nf_router_branch-misses,ndpi_stats_branch-misses,payload_scan_branch-misses,bridge_branch-misses,firewall_branch-load-misses,nf_router_branch-load-misses,ndpi_stats_branch-load-misses,payload_scan_branch-load-misses,bridge_branch-load-misses,firewall_cache-misses,nf_router_cache-misses,ndpi_stats_cache-misses,payload_scan_cache-misses,bridge_cache-misses,firewall_cache-references,nf_router_cache-references,ndpi_stats_cache-references,payload_scan_cache-references,bridge_cache-references,firewall_cycles,nf_router_cycles,ndpi_stats_cycles,payload_scan_cycles,bridge_cycles,firewall_L1-dcache-load-misses,nf_router_L1-dcache-load-misses,ndpi_stats_L1-dcache-load-misses,payload_scan_L1-dcache-load-misses,bridge_L1-dcache-load-misses,firewall_L1-dcache-loads,nf_router_L1-dcache-loads,ndpi_stats_L1-dcache-loads,payload_scan_L1-dcache-loads,bridge_L1-dcache-loads,firewall_LLC-load-misses,nf_router_LLC-load-misses,ndpi_stats_LLC-load-misses,payload_scan_LLC-load-misses,bridge_LLC-load-misses,firewall_LLC-stores,nf_router_LLC-stores,ndpi_stats_LLC-stores,payload_scan_LLC-stores,bridge_LLC-stores,firewall_LLC-loads,nf_router_LLC-loads,ndpi_stats_LLC-loads,payload_scan_LLC-loads,bridge_LLC-loads,input_rate,output_rate,latency
0,1685805.0,1589334502.0,1127405882.0,1339504463.0,1541079281.0,353867.0,317250385.0,224882276.0,268740914.0,302346601.0,5247.0,1168192.0,829492.0,1034934.0,1112673.0,5247.0,1168716.0,829181.0,1044527.0,1126207.0,3002.0,7030.0,6959.0,1836.0,2259.0,N/A,5545.0,1222.0,4611.0,2978.0,N/A,490591672.0,368033393.0,429005288.0,470836352.0,N/A,80437.0,85537.0,2912358.0,79172.0,N/A,484808426.0,326336058.0,459440975.0,495738512.0,N/A,116.0,219.0,1575.0,269.0,N/A,142.0,103.0,180.0,519.0,N/A,1506.0,1171.0,3254.0,10255.0,1858.1123679195,0.0,N/A
1,879492778.0,7470333797.0,7018429399.0,8063488936.0,7720436750.0,163010670.0,1494383501.0,1381994132.0,1579953432.0,1497478124.0,732555.0,6059434.0,5199871.0,6108449.0,5709327.0,731927.0,6063767.0,5470050.0,6099731.0,5766523.0,97737.0,14403.0,27274.0,18766.0,7087.0,2856219.0,3588348.0,3765314.0,5219353.0,3325484.0,372227773.0,2170864969.0,2028501471.0,2281424016.0,2312880046.0,3006622.0,3878127.0,4953236.0,14488731.0,3994152.0,231966989.0,2424217748.0,2130049495.0,2469823031.0,2480427666.0,122590.0,8141.0,33020.0,5324.0,4638.0,851735.0,1253674.0,1128262.0,1195560.0,1200005.0,2277961.0,2177476.0,3203407.0,3548565.0,1809605.0,5146.3110025926,0.0,N/A
2,4871906698.0,8728018215.0,7200059299.0,8740668949.0,8971715929.0,964774780.0,1709382524.0,1413760493.0,1722088576.0,1766702509.0,4368743.0,7106770.0,6014295.0,7143735.0,7025039.0,4389382.0,7096013.0,6007537.0,7154291.0,7032922.0,39375.0,20966.0,17371.0,16288.0,9493.0,12586830.0,11450829.0,14796264.0,14031792.0,8011025.0,2169241706.0,2796001957.0,2797938113.0,2831016952.0,2823611570.0,14995072.0,11888829.0,16289185.0,15255933.0,8494879.0,1569111610.0,2642230311.0,2250534566.0,2684656729.0,2769869601.0,38197.0,15699.0,15774.0,14861.0,6848.0,3704124.0,3859663.0,3416825.0,3587619.0,3120933.0,8680586.0,7324280.0,11229031.0,10237179.0,4771602.0,5259.1565798653,3076.8474578855,N/A
3,7853528176.0,7193213692.0,6018383759.0,7258908724.0,7421996937.0,1573513338.0,1407468257.0,1145267185.0,1447786376.0,1466815583.0,6748091.0,6743617.0,5565123.0,6579325.0,6436912.0,6838555.0,6788972.0,5540483.0,6607528.0,6490686.0,20214.0,12422.0,43983.0,17146.0,7196.0,15844418.0,24148505.0,31481193.0,31477546.0,16630066.0,2799381951.0,2887460130.0,2889621048.0,2888508859.0,2888675101.0,16020522.0,25046579.0,32635125.0,35129281.0,17890620.0,2551940268.0,2204428628.0,1829470368.0,2292551904.0,2276852001.0,20429.0,10832.0,22438.0,13924.0,4712.0,4645720.0,9064404.0,7884131.0,8534813.0,7581761.0,10743841.0,15268360.0,22388425.0,22744007.0,10510670.0,5249.8784196364,5446.6216238009,N/A
4,7900916162.0,6751466150.0,5661196434.0,6960590544.0,6986298468.0,1552013393.0,1333170055.0,1101752020.0,1387495306.0,1382252702.0,6840230.0,7526538.0,6665783.0,6948686.0,6707920.0,6842148.0,7535197.0,6671716.0,6957393.0,6674232.0,8392.0,8987.0,18927.0,10415.0,7294.0,20206273.0,29550918.0,34129954.0,32208179.0,20376605.0,2890761782.0,2889216535.0,2890753569.0,2890615204.0,2890351940.0,20558648.0,30488084.0,35987942.0,34601204.0,21461464.0,2471231214.0,2056487932.0,1763620984.0,2126276845.0,2164509525.0,6067.0,8595.0,17403.0,8802.0,5014.0,5817021.0,11137892.0,10334885.0,10229033.0,8099199.0,13837163.0,18342294.0,23573742.0,22514360.0,12738513.0,5246.9875756659,6436.4507410964,N/A
5,7968373278.0,6524502862.0,5215086410.0,7066667212.0,7198757977.0,1552072577.0,1288475324.0,1021061002.0,1397673651.0,1418628991.0,6882104.0,7266653.0,6363040.0,7062251.0,6838631.0,6880446.0,7233522.0,6410299.0,7001217.0,6843705.0,8824.0,9488.0,21947.0,10121.0,19846.0,20136966.0,27789714.0,33761094.0,31366530.0,19849180.0,2890236885.0,2888343324.0,2702264851.0,2889828616.0,2890274990.0,20486364.0,28995280.0,34912308.0,33693110.0,20695621.0,2456996363.0,1889015222.0,1651580525.0,2183263728.0,2204771187.0,7829.0,6732.0,15822.0,8561.0,4700.0,5921570.0,10607734.0,9818977.0,9987839.0,7613620.0,14322547.0,17377922.0,22829523.0,22156610.0,12101430.0,5252.4161136971,6018.2353384525,N/A
6,8046416408.0,6733465864.0,5659139311.0,6860269406.0,6856791155.0,1579702215.0,1334669860.0,1104962725.0,1370403565.0,1358764554.0,6866109.0,7223931.0,6631701.0,6930848.0,6655976.0,6867162.0,7166897.0,6637863.0,6918429.0,6746646.0,9521.0,25008.0,49970.0,20953.0,18146.0,19985637.0,29000177.0,33386022.0,32392066.0,20372880.0,2890081484.0,2887847949.0,2887720312.0,2890679493.0,2890070889.0,20848515.0,30675506.0,35641502.0,34931042.0,21391162.0,2455508097.0,2052050722.0,1755974399.0,2113724453.0,2145652834.0,6062.0,6213.0,15227.0,7849.0,4055.0,5953914.0,11352915.0,10416865.0,9710850.0,8010502.0,14359737.0,18533927.0,23821710.0,21952330.0,12919718.0,5251.6292413006,6016.5804486465,N/A
7,7580169066.0,6667630968.0,5739716212.0,6851769044.0,6906129395.0,1494785216.0,1328716357.0,1104265109.0,1369581448.0,1367236914.0,6564075.0,7225373.0,6758755.0,6935801.0,6857793.0,6578474.0,7220468.0,6768153.0,6980451.0,6860017.0,23455.0,7238.0,18145.0,9469.0,5436.0,20186710.0,29429779.0,34432987.0,32419239.0,20654238.0,2759256062.0,2889033362.0,2890740189.0,2891042331.0,2890152942.0,20731407.0,30442296.0,36306954.0,34466322.0,21514899.0,2321986561.0,2043966299.0,1752650184.0,2019713784.0,2159481899.0,7040.0,7428.0,14918.0,8839.0,5249.0,5841228.0,10968235.0,10507320.0,9892527.0,7748513.0,14218137.0,18136161.0,23320939.0,22395684.0,12389642.0,5251.4166829678,6016.8555456366,N/A
8,7769837794.0,6499127521.0,5412893956.0,6885996495.0,7071301150.0,1531825857.0,1305222419.0,1042108787.0,1387061584.0,1393273418.0,6955117.0,7496290.0,6588921.0,7761080.0,6893762.0,6949719.0,7662296.0,6607949.0,7489974.0,6923538.0,10008.0,9525.0,21487.0,11744.0,7721.0,23708909.0,30304625.0,37149875.0,34979259.0,21066044.0,2889317060.0,2888351310.0,2888338928.0,2889352847.0,2890371669.0,24432338.0,31428733.0,38585986.0,37030682.0,21967770.0,2348196159.0,2030002647.0,1733740549.0,2196007501.0,2165626515.0,8821.0,7489.0,18926.0,12190.0,5824.0,6688146.0,10701521.0,10880037.0,10124487.0,7690990.0,16339855.0,18038500.0,26187007.0,25005714.0,11556984.0,5713.1058337967,6540.3887036322,N/A
9,7338552183.0,6448223160.0,5677397445.0,6891106312.0,6874085468.0,1456283324.0,1294442210.0,1076310640.0,1381815324.0,1356691699.0,7049299.0,7635889.0,6776628.0,7417597.0,6928298.0,6890005.0,7696193.0,6765960.0,7426257.0,6966313.0,9029.0,9606.0,20538.0,10379.0,6853.0,25476699.0,31817775.0,38983582.0,36144105.0,21762275.0,2891203840.0,2889490276.0,2890521380.0,2889982876.0,2890522226.0,26219022.0,32881673.0,40905893.0,38860966.0,22630044.0,2266547690.0,2027739603.0,1710152439.0,2150672305.0,2163876205.0,7778.0,13504.0,20127.0,8540.0,3806.0,7772499.0,11678382.0,11289608.0,10350354.0,8570838.0,18066127.0,20281694.0,27518938.0,25640419.0,13350470.0,7975.8934026909,8549.1299488691,N/A
10,7314188253.0,6604942544.0,5637225367.0,7173493533.0,6683679121.0,1453552819.0,1324712334.0,1086324453.0,1441021477.0,1342081415.0,6873673.0,7758676.0,6884641.0,7531397.0,6800351.0,7051727.0,7749564.0,6834333.0,7532853.0,6895152.0,9337.0,11191.0,20229.0,11633.0,7909.0,24941340.0,30335446.0,38917681.0,35066211.0,20967749.0,2890256431.0,2888323143.0,2890521628.0,2889880715.0,2890363552.0,26220384.0,32476791.0,41301621.0,38133276.0,21889305.0,2263074958.0,2006254028.0,1720297282.0,2169365269.0,2188949596.0,7561.0,5919.0,18836.0,7453.0,3714.0,7563926.0,11589684.0,11199896.0,10277652.0,8425913.0,18565129.0,19890030.0,27711919.0,24151354.0,12556435.0,7981.3417240854,8722.3783865482,N/A
11,7106210680.0,7281595667.0,6793714143.0,7803105570.0,8216595906.0,1403698618.0,1468914255.0,1325241922.0,1562272443.0,1607899231.0,6690776.0,7164573.0,7113820.0,7608814.0,7258306.0,6767920.0,7222944.0,7122876.0,7608452.0,7181799.0,5782.0,5354.0,7019.0,3499.0,3522.0,23469129.0,21326729.0,26656771.0,24739509.0,15690965.0,2890011403.0,2888440809.0,2888495945.0,2891416498.0,2890924712.0,24995923.0,22690071.0,28884231.0,27141542.0,16120827.0,2169394526.0,2289107121.0,2111466487.0,2411313357.0,2455988612.0,4529.0,2651.0,5834.0,3043.0,1551.0,8183179.0,8452706.0,7658389.0,7471221.0,6557661.0,16007186.0,13418890.0,18811875.0,17229050.0,9498622.0,7972.1286275057,8482.8834738692,N/A
12,7343558050.0,8067899467.0,7213849998.0,8302213942.0,8363448569.0,1460515259.0,1604201116.0,1408628215.0,1652703175.0,1622889360.0,6989665.0,7792089.0,7927328.0,7849740.0,7486333.0,7000897.0,7791730.0,7871879.0,7850087.0,7484657.0,3551.0,2221.0,5932.0,2606.0,1916.0,25344295.0,23241574.0,28108685.0,26525513.0,17038360.0,2891447277.0,2891102817.0,2891300687.0,2891351230.0,2891250943.0,26277566.0,24362254.0,30241442.0,28362198.0,17759347.0,2262961213.0,2474220281.0,2222413544.0,2544890302.0,2557410025.0,2814.0,2028.0,4737.0,1663.0,1403.0,8637328.0,8789374.0,8484902.0,8058709.0,6909284.0,17006461.0,14141136.0,20236572.0,17733665.0,10022018.0,7986.9367033788,7983.4492632028,N/A
13,7333549093.0,7093157159.0,6087476222.0,7307079088.0,7441923320.0,1458154532.0,1422386587.0,1160520577.0,1477421284.0,1449967205.0,7031262.0,7037077.0,6188007.0,7060447.0,6456903.0,7030102.0,7048810.0,6027153.0,7083261.0,6445920.0,4946.0,6049.0,12099.0,6957.0,4184.0,24460946.0,28823342.0,39776954.0,36771708.0,21046210.0,2891341130.0,2890508554.0,2891518407.0,2891078002.0,2891478548.0,25435634.0,30589305.0,43655687.0,39997625.0,21472035.0,2270011779.0,2215031309.0,1796087230.0,2360754822.0,2273396228.0,3889.0,4328.0,10027.0,6805.0,2889.0,7938856.0,10718453.0,10239163.0,10207746.0,8646610.0,16129983.0,17652473.0,27819610.0,28131523.0,11825173.0,7980.3109708008,7977.6118416755,N/A
14,7202633863.0,6293644540.0,5230069815.0,6859869119.0,6820343157.0,1429391769.0,1248061705.0,1011339534.0,1350447147.0,1333619974.0,6718610.0,8239646.0,6758977.0,7443623.0,6830291.0,6718163.0,8234387.0,6788441.0,7455732.0,6838412.0,9415.0,9123.0,45693.0,11952.0,7222.0,25856076.0,33565326.0,40780778.0,38221513.0,22762422.0,2890967397.0,2888911267.0,2890717933.0,2890785688.0,2890946924.0,26782665.0,34654694.0,43140332.0,40461510.0,23459089.0,2258519959.0,1948699916.0,1625581006.0,2086878455.0,2098266403.0,8030.0,7366.0,19572.0,9268.0,5866.0,7268367.0,12241595.0,11752733.0,11367897.0,8822549.0,17614302.0,20160347.0,29369395.0,26427961.0,13513567.0,7989.3732782278,9113.5351970068,N/A
15,7227344725.0,6382681905.0,5282869076.0,6649270087.0,6846733598.0,1438953082.0,1263421829.0,1019909029.0,1302020838.0,1343806661.0,6966628.0,7852177.0,6817559.0,7144076.0,6881175.0,6964708.0,7854703.0,6876569.0,7094929.0,6879519.0,9316.0,7643.0,21155.0,13449.0,6204.0,25395807.0,33134218.0,40937894.0,37897597.0,22287373.0,2890456367.0,2888963532.0,2891306923.0,2665592799.0,2890203899.0,26159228.0,34091412.0,43325944.0,40464715.0,23141092.0,2275569413.0,1940879863.0,1650756190.0,1934455539.0,2077475088.0,6778.0,8442.0,20405.0,10054.0,5031.0,7406444.0,12332435.0,11366046.0,11274279.0,8838629.0,17652344.0,20388418.0,28860918.0,26968962.0,13730846.0,7973.4595433959,8916.7893924314,N/A
16,6767706455.0,6302492429.0,5325106034.0,6967037751.0,6904543500.0,1318672375.0,1232855155.0,1024262381.0,1382571097.0,1360659874.0,6675902.0,7717041.0,6814897.0,7477995.0,6849666.0,6608845.0,7723835.0,6829143.0,7468550.0,6841893.0,9048.0,19937.0,27749.0,11313.0,6934.0,25195883.0,32939046.0,40710137.0,38524429.0,21894818.0,2589807671.0,2887964750.0,2889002759.0,2890500540.0,2889876639.0,26455398.0,34495620.0,42589733.0,40621893.0,23335256.0,2094846730.0,1926929398.0,1604490090.0,2092944217.0,2081263610.0,7394.0,7476.0,20921.0,9529.0,5162.0,7659422.0,12505891.0,11428212.0,11228880.0,8839625.0,17939160.0,21033030.0,28915476.0,27102555.0,13711917.0,7979.7428798721,8922.7361342238,N/A
17,7322281366.0,6419392048.0,5306085588.0,6914433077.0,6801082307.0,1440306662.0,1279708935.0,1024108388.0,1383087996.0,1340054032.0,6793980.0,7845643.0,6829998.0,7512677.0,6878557.0,6832446.0,7846333.0,6830856.0,7522525.0,6839412.0,9456.0,10671.0,22061.0,10182.0,6107.0,25875075.0,32944869.0,40478057.0,38141260.0,22347564.0,2889735821.0,2888382379.0,2890427505.0,2889987610.0,2890365171.0,26746262.0,34625557.0,43008297.0,41262457.0,23642034.0,2254257050.0,1942675331.0,1644639990.0,2077956872.0,2091733897.0,7643.0,8913.0,21415.0,9302.0,4180.0,7663151.0,12551304.0,11716744.0,11229026.0,8986573.0,17758972.0,21099832.0,28808740.0,27132654.0,13978447.0,7979.478545964,8928.9787141142,N/A
18,7460112874.0,6489963851.0,4516792829.0,7488239471.0,7087457532.0,1454253209.0,1290494136.0,886793967.0,1468583848.0,1376506627.0,6504183.0,7149315.0,5812146.0,6943115.0,6500187.0,6535401.0,7091850.0,5884698.0,6962033.0,6467539.0,11968.0,12144.0,22279.0,14007.0,16959.0,20538395.0,26892662.0,34220335.0,31967904.0,18115913.0,2889033365.0,2887448381.0,2888369546.0,2890054845.0,2889042259.0,21505494.0,28443954.0,36871220.0,33650028.0,18860246.0,2372343628.0,2065524125.0,1385502847.0,2085914312.0,2215636743.0,10287.0,11032.0,22902.0,13429.0,3865.0,6115096.0,10659041.0,9412219.0,9156493.0,7365496.0,14366658.0,17771444.0,24175692.0,22422530.0,11247602.0,7629.0833150297,8525.5969625558,N/A
19,7865682681.0,6421937345.0,5139598544.0,6648878022.0,6722063668.0,1543280347.0,1279709663.0,1009354101.0,1333700368.0,1334137820.0,7315530.0,7462765.0,6448476.0,7070660.0,7157981.0,7315765.0,7389006.0,6474859.0,7027000.0,6788302.0,9707.0,28431.0,45383.0,9909.0,8112.0,21269773.0,30799461.0,36211792.0,34912867.0,21081269.0,2890112463.0,2888602490.0,2889511799.0,2890697237.0,2890046999.0,21990968.0,32738617.0,38736175.0,37620914.0,22569404.0,2408905032.0,1956371943.0,1649147866.0,2070184908.0,2075217714.0,7197.0,7678.0,17916.0,9822.0,4476.0,5845375.0,11312600.0,11199307.0,10841375.0,8273954.0,14582783.0,18851771.0,25938524.0,24296328.0,13093174.0,5893.6899233975,6567.7430280193,N/A
20,7796926141.0,6346989102.0,5386153467.0,6677387714.0,6705521614.0,1544448462.0,1265392954.0,1030712949.0,1337982356.0,1327108555.0,6855611.0,7463918.0,6671486.0,7313980.0,6939490.0,6863750.0,7465711.0,6678756.0,7108629.0,6947362.0,8649.0,8968.0,19321.0,9853.0,5357.0,21677448.0,31605325.0,38234198.0,35268930.0,21608007.0,2890562203.0,2889015663.0,2890711618.0,2891440915.0,2890564930.0,22207046.0,32896881.0,39927549.0,37690089.0,22758148.0,2386914187.0,1938537118.0,1656393816.0,2056266772.0,2081327265.0,6614.0,7282.0,17076.0,10129.0,5265.0,6374914.0,12057407.0,11367640.0,10799881.0,8252282.0,15631388.0,20032308.0,25816797.0,24854569.0,13543254.0,5895.1253999532,6848.7472407029,N/A
21,7676453437.0,7605771133.0,6644687404.0,7462555582.0,8052117979.0,1515927729.0,1513263772.0,1273221171.0,1505615169.0,1590627850.0,6699774.0,7389471.0,7411002.0,7012625.0,7061404.0,6686644.0,7385346.0,7411220.0,7103818.0,7061501.0,6637.0,4768.0,9697.0,5781.0,2822.0,19466808.0,20238997.0,26482816.0,22967704.0,13881472.0,2889879378.0,2888417916.0,2888953064.0,2888867379.0,2889342048.0,20932247.0,21355770.0,26660521.0,25032749.0,15316597.0,2304906342.0,2306944387.0,2073599183.0,2407795590.0,2433942964.0,6241.0,4365.0,8124.0,5498.0,1912.0,6458657.0,8375327.0,7783995.0,7291001.0,5791027.0,13377956.0,13547373.0,18062717.0,16296927.0,8791892.0,5894.3946739765,6835.2772672159,N/A
22,8043954462.0,8309449866.0,7855354637.0,8608280689.0,8658060691.0,1594577168.0,1656706316.0,1510006040.0,1716934903.0,1714600916.0,7108466.0,7553133.0,7667013.0,7644857.0,7520786.0,7299543.0,7612611.0,7669343.0,7639883.0,7524759.0,4209.0,2551.0,5002.0,2992.0,2204.0,20545833.0,19224069.0,23153461.0,21528857.0,14253719.0,2891528471.0,2821450331.0,2891550685.0,2891509504.0,2891230545.0,21369793.0,20071189.0,24098300.0,23058560.0,14880250.0,2482402617.0,2600141820.0,2398587638.0,2679752924.0,2719538124.0,3601.0,1975.0,3238.0,2250.0,1000.0,7283668.0,7392114.0,7000814.0,6690318.0,5731168.0,13454283.0,11940576.0,16076113.0,14676775.0,8653177.0,5898.7439793113,5898.1068187105,N/A
23,8032973314.0,8216425500.0,7167782085.0,8430185422.0,8234902464.0,1590638730.0,1635245905.0,1391592570.0,1682570977.0,1628217452.0,7256696.0,7412189.0,6926322.0,7306043.0,7130620.0,7101678.0,7409296.0,6929134.0,7277884.0,7138125.0,4989.0,4561.0,9557.0,5472.0,3363.0,20152883.0,22184375.0,27976980.0,25119792.0,16174392.0,2891463589.0,2891168362.0,2891288975.0,2890763625.0,2891335499.0,20852979.0,22357463.0,30082852.0,28817777.0,16931035.0,2478990270.0,2561680938.0,2212484641.0,2563390505.0,2562915961.0,2915.0,2362.0,6822.0,3538.0,1501.0,6950023.0,8281250.0,7801843.0,7696268.0,6748239.0,13444481.0,13666912.0,19156416.0,18848279.0,9364078.0,5899.1286417347,5897.9231086873,N/A
24,7700475308.0,7017978377.0,6350203961.0,6763558279.0,7237684626.0,1527874668.0,1409105905.0,1230987610.0,1366798954.0,1432067214.0,7007381.0,7316303.0,7034341.0,7288338.0,6893470.0,6882439.0,7317566.0,7026755.0,7321032.0,6892472.0,11274.0,6307.0,15701.0,6991.0,5462.0,21578338.0,27524725.0,32462723.0,30961938.0,20001570.0,2890747987.0,2889201196.0,2890961149.0,2811156947.0,2890680895.0,22758004.0,29230952.0,34145236.0,33032061.0,20817062.0,2398818689.0,2193455584.0,1923640827.0,2172594518.0,2260331066.0,5348.0,5000.0,14740.0,5335.0,4164.0,6599678.0,10452304.0,10040099.0,9566123.0,7788739.0,15312208.0,17124517.0,22900833.0,21121735.0,11950338.0,5900.702699719,6727.8404757436,N/A
25,7716312034.0,7121361737.0,6336297795.0,7242049512.0,7434796440.0,1528384041.0,1418881616.0,1229679316.0,1446930436.0,1439674936.0,6898744.0,7387039.0,7075758.0,7155315.0,6912585.0,6901172.0,7387394.0,7035010.0,7154938.0,6911124.0,7552.0,6648.0,16366.0,7919.0,5472.0,21921341.0,28122190.0,32441342.0,30600190.0,20389634.0,2890778403.0,2888905086.0,2890977228.0,2891095895.0,2890368720.0,22274860.0,28977979.0,34375109.0,32946423.0,20993493.0,2395506443.0,2177355245.0,1929217647.0,2187712203.0,2276997242.0,6391.0,6188.0,13933.0,6189.0,3406.0,6401601.0,10181630.0,10006936.0,9601364.0,7838442.0,15192168.0,16663713.0,22747361.0,20949425.0,11902686.0,5891.6780414845,6411.6533187218,N/A
26,7636837812.0,7030645691.0,6258366226.0,7235445622.0,7428438625.0,1515206156.0,1403537589.0,1218158642.0,1446336886.0,1450512894.0,6971122.0,7307847.0,7098575.0,7130261.0,6974942.0,6977349.0,7311576.0,7107903.0,7125819.0,6978202.0,7476.0,6894.0,16352.0,8337.0,5598.0,21513237.0,27688719.0,32679585.0,30696787.0,20354822.0,2890184585.0,2888736864.0,2890203647.0,2890497173.0,2890092839.0,22372051.0,28584122.0,34189597.0,33035650.0,20607258.0,2382420314.0,2197065189.0,1910656978.0,2246231747.0,2272998689.0,6707.0,5283.0,13731.0,5579.0,3556.0,6614917.0,10708693.0,9887945.0,9752630.0,7808153.0,15049683.0,17250807.0,22564355.0,21180177.0,12367824.0,5895.2613784387,6416.1521208661,N/A
27,7728978040.0,7124351545.0,6314938329.0,7342489008.0,7489526652.0,1532946755.0,1396054680.0,1227789672.0,1441474400.0,1461086001.0,7150500.0,7522577.0,7040954.0,7099991.0,6920900.0,7157297.0,7526038.0,7035507.0,7098684.0,6924974.0,8262.0,7662.0,16187.0,8548.0,5576.0,21756849.0,27833723.0,32395137.0,31248803.0,19838509.0,2891203599.0,2889046009.0,2890385900.0,2891242613.0,2890295055.0,22766411.0,28986023.0,33802918.0,33254227.0,20703717.0,2395890893.0,2196831047.0,1912906795.0,2239578837.0,2260127977.0,5511.0,43819.0,65458.0,35707.0,31897.0,6491012.0,10803065.0,9958968.0,9684412.0,7919225.0,14877448.0,16936204.0,22762610.0,20636505.0,12489475.0,5896.0371642517,6415.6827737571,N/A
28,7540624699.0,7117624046.0,6163505833.0,7297709164.0,7398716517.0,1494569403.0,1403972520.0,1194421795.0,1441179879.0,1456617899.0,7021170.0,7478288.0,7068905.0,7282918.0,7024737.0,7022826.0,7478613.0,7089731.0,7288538.0,7027244.0,8154.0,19460.0,16777.0,8360.0,5553.0,23092571.0,29157074.0,33797673.0,32660427.0,20610902.0,2890025633.0,2889439118.0,2890304232.0,2890552044.0,2890705699.0,23892055.0,29958791.0,35882273.0,34521662.0,21620156.0,2337038540.0,2145839193.0,1897559093.0,2218572110.0,2251116630.0,32699.0,5606.0,15193.0,7558.0,4152.0,7146492.0,11073752.0,10301319.0,9965333.0,8104557.0,15725599.0,17910313.0,23877559.0,22384113.0,12699770.0,6025.3091078451,6561.6659845202,N/A
29,7403412554.0,7228456761.0,6122771445.0,7433768293.0,7450532835.0,1469511835.0,1407156223.0,1192847553.0,1467422693.0,1466268318.0,6674632.0,7360231.0,7009937.0,7177895.0,6922617.0,6616036.0,7282093.0,6943209.0,7197989.0,6935275.0,9334.0,7885.0,17598.0,11953.0,6219.0,21531348.0,26659639.0,32613249.0,31392312.0,18623541.0,2888795106.0,2887588017.0,2890103250.0,2888996932.0,2888752999.0,23077466.0,28283665.0,33941484.0,33706009.0,20011315.0,2350353492.0,2102732986.0,1901816602.0,2234091387.0,2252299395.0,9586.0,6753.0,16891.0,11848.0,3950.0,6991778.0,10651036.0,9697256.0,9463631.0,7883354.0,15765484.0,17313791.0,23303052.0,21670068.0,12177900.0,6659.6553425881,7148.0771027547,N/A
30,7645779727.0,7101074307.0,5965545779.0,7259585768.0,7306550376.0,1497004454.0,1410841689.0,1169493158.0,1447197398.0,1442511824.0,7062047.0,7482827.0,7010370.0,7271872.0,7007657.0,7064322.0,7485247.0,7069542.0,7277544.0,6961707.0,7236.0,7088.0,17325.0,8401.0,5381.0,23904443.0,29070971.0,33756658.0,32562038.0,20635397.0,2890912131.0,2888910195.0,2890318258.0,2891155473.0,2890899165.0,24665396.0,30362477.0,35916002.0,34611404.0,21549846.0,2327464636.0,2158760076.0,1898644356.0,2242931641.0,2256625983.0,5808.0,5527.0,15622.0,7529.0,4095.0,7155297.0,11078091.0,10214378.0,10070243.0,8064815.0,15760063.0,18225410.0,24156755.0,22470748.0,12619291.0,6656.8539250034,7130.2017330603,N/A
31,7259220274.0,7311413652.0,6413190283.0,7533075948.0,7531161301.0,1417449865.0,1450190874.0,1250279800.0,1483791027.0,1482383224.0,7144310.0,7202249.0,6977972.0,7018718.0,6890174.0,7140429.0,7203877.0,6973360.0,6971423.0,6916762.0,5907.0,4639.0,10749.0,6889.0,2739.0,22429542.0,23979289.0,29025382.0,26678146.0,16965751.0,2890044873.0,2889054905.0,2889700384.0,2889866687.0,2889921261.0,23463094.0,25094128.0,31116776.0,28936339.0,17366777.0,2204872466.0,2172905715.0,1926240291.0,2275257955.0,2276774956.0,5220.0,4597.0,10983.0,5713.0,3332.0,7009627.0,9366551.0,8538566.0,8090834.0,6684268.0,14739734.0,14922853.0,21037666.0,18174394.0,10390489.0,6660.1620584079,7179.5161985538,N/A
32,7826622030.0,8473279629.0,7395092521.0,8537804128.0,8444481819.0,1535848488.0,1678686924.0,1454484020.0,1698342257.0,1675433957.0,7138611.0,7766999.0,7707661.0,7747940.0,7532871.0,7144018.0,7861292.0,7709345.0,7703367.0,8072494.0,3862.0,4731.0,9334.0,3436.0,2381.0,22419551.0,20864838.0,25211638.0,23254712.0,15383399.0,2891944939.0,2890487536.0,2889643786.0,2891108358.0,2890869718.0,23139260.0,21555504.0,26822562.0,25188530.0,16172041.0,2403252726.0,2598272283.0,2310771145.0,2613453313.0,2633228468.0,3196.0,2300.0,3825.0,2570.0,1250.0,7914322.0,8230083.0,7440331.0,7534818.0,6137700.0,14844870.0,12998100.0,17340458.0,16156637.0,9455193.0,6660.5886660734,6788.3272098091,N/A
33,7891545502.0,8287111197.0,7432208741.0,8459145130.0,8346296868.0,1555555707.0,1649260097.0,1459257877.0,1687386420.0,1651594781.0,7493862.0,7615783.0,7691542.0,7723253.0,7492449.0,7490572.0,7740245.0,7621022.0,7616875.0,7494251.0,4290.0,2641.0,4830.0,2884.0,2436.0,22550694.0,21868532.0,26942989.0,24155144.0,16137219.0,2890472901.0,2890179347.0,2891442033.0,2891514014.0,2891402343.0,23167649.0,22421022.0,28602882.0,25328448.0,16811989.0,2387512705.0,2557151705.0,2287399983.0,2554862653.0,2617005276.0,3638.0,7211.0,3112.0,2545.0,1917.0,7911453.0,8181624.0,7393267.0,7349634.0,6145886.0,14830759.0,12993958.0,17298016.0,16463137.0,9562657.0,6666.2817751548,6665.5243349729,N/A
34,7332494108.0,7931110308.0,6945724414.0,8049751535.0,8186938266.0,1448653963.0,1580511552.0,1364008896.0,1607568006.0,1614251206.0,6675134.0,7670197.0,7629185.0,7580424.0,7409838.0,6664823.0,7664841.0,7623410.0,7629448.0,7413198.0,6437.0,6592.0,9492.0,4801.0,14454.0,22359857.0,23144884.0,27420108.0,25899383.0,17116076.0,2719559787.0,2888787556.0,2891300871.0,2890764956.0,2891462189.0,23239718.0,24117987.0,29514927.0,27602671.0,18030528.0,2142022873.0,2454297050.0,2143963876.0,2512084639.0,2513655073.0,4612.0,3013.0,8352.0,5334.0,1763.0,7609357.0,8803222.0,8280376.0,8017894.0,6576998.0,15343879.0,14586658.0,19104035.0,18147875.0,10036658.0,6665.535662925,6865.3132740481,N/A
35,7661525483.0,7844091719.0,7016389373.0,8049154114.0,8038797811.0,1521543388.0,1567667335.0,1376406708.0,1608461788.0,1590995803.0,7144644.0,7644345.0,7671709.0,7584793.0,8105977.0,7011136.0,7703822.0,7707697.0,7585680.0,8114353.0,7329.0,4162.0,9577.0,4612.0,3148.0,22929880.0,23428711.0,27926639.0,26302702.0,17161504.0,2890993571.0,2890224798.0,2891072068.0,2891556804.0,2891305834.0,23743918.0,24420876.0,29321517.0,28124282.0,17877008.0,2376604861.0,2460689998.0,2201697396.0,2502924830.0,2527020784.0,6142.0,3263.0,7740.0,4282.0,3486.0,7544278.0,8648402.0,8362295.0,7803948.0,6794300.0,15127778.0,14411408.0,19450435.0,18145299.0,10391591.0,6659.234407863,6805.3537106824,N/A
36,7679306886.0,7975920528.0,7192011823.0,8100381167.0,8192544156.0,1520599505.0,1586716705.0,1390626491.0,1614144368.0,1617666594.0,6993231.0,8051255.0,7766230.0,7610892.0,7764305.0,7090252.0,8054152.0,7769572.0,7613192.0,7765524.0,6734.0,3792.0,9358.0,5304.0,3417.0,22844322.0,23370134.0,28082319.0,25841830.0,17304065.0,2890419868.0,2889374505.0,2891191722.0,2890711915.0,2890304185.0,23478736.0,24137801.0,29527163.0,27994357.0,18069954.0,2371276695.0,2430773981.0,2201803215.0,2496878875.0,2500898414.0,5329.0,45823.0,65598.0,26757.0,27791.0,7557979.0,8718358.0,8354035.0,7944054.0,6798306.0,15400612.0,14468772.0,18884288.0,17680189.0,10260978.0,6662.0224774596,6808.1845712552,N/A
37,7627607111.0,7882984415.0,7016174249.0,8051872958.0,8032239016.0,1513882977.0,1573324928.0,1375428740.0,1610114212.0,1588001982.0,7177877.0,7637944.0,7699377.0,7580210.0,7318614.0,7138970.0,7638990.0,7700048.0,7571663.0,7325054.0,6651.0,3940.0,9726.0,4938.0,3527.0,22676206.0,23257250.0,27663535.0,26043638.0,17278733.0,2890619979.0,2889773709.0,2889743563.0,2890783699.0,2891105708.0,23637060.0,24292844.0,29258830.0,27917889.0,17865954.0,2381570109.0,2457600708.0,2198127373.0,2508206044.0,2528264193.0,35138.0,3664.0,11298.0,3432.0,4077.0,7517657.0,8874950.0,8330127.0,8071834.0,6866011.0,15428472.0,14462785.0,19435493.0,17928007.0,10389889.0,6662.1896271539,6806.7332081018,N/A
38,7913765775.0,8118370314.0,7325622889.0,8132032282.0,8460401192.0,1570457151.0,1616031458.0,1421155023.0,1623964405.0,1638557650.0,7020386.0,8047454.0,7662730.0,7467434.0,7346730.0,7027969.0,8054168.0,7616605.0,7495039.0,7341589.0,6207.0,3741.0,9115.0,4290.0,3741.0,21081019.0,22026359.0,25796195.0,24167745.0,16268392.0,2891030505.0,2888956374.0,2891133377.0,2890679535.0,2891034360.0,21771360.0,22938869.0,27201628.0,25993889.0,16918640.0,2434281246.0,2506896796.0,2267080904.0,2536159570.0,2573188760.0,5213.0,3719.0,6351.0,3176.0,2465.0,6885372.0,8140791.0,7900074.0,7574229.0,6486997.0,14337084.0,13228278.0,17609333.0,16286021.0,9538607.0,6504.109468759,6630.0921518037,N/A
39,7939711504.0,8086257151.0,7277742951.0,7981089449.0,8463955678.0,1578736359.0,1612680330.0,1417660753.0,1592466705.0,1650487169.0,7222401.0,7570769.0,7471357.0,7503203.0,7803769.0,7218909.0,7574041.0,7545080.0,7511627.0,7829158.0,6567.0,4591.0,10895.0,6026.0,3112.0,20069469.0,20992252.0,24889008.0,23281520.0,15822393.0,2889499290.0,2887707416.0,2890043006.0,2889499628.0,2890121540.0,20609732.0,21491642.0,26120814.0,24815064.0,16292220.0,2483147436.0,2537840600.0,2264800803.0,2527347386.0,2565443294.0,6559.0,3307.0,8948.0,5439.0,2196.0,6134694.0,7603305.0,7391911.0,7174330.0,5968963.0,12490836.0,12309353.0,17092352.0,15666559.0,8801121.0,5730.4472116188,5877.6917676646,N/A
40,7888493802.0,8209693098.0,7440835230.0,8349980815.0,8409241534.0,1567616107.0,1614739753.0,1429118598.0,1629353116.0,1642984375.0,7120090.0,7605941.0,7649154.0,7466457.0,7330654.0,7121352.0,7610839.0,7655575.0,7466800.0,7333675.0,6267.0,4565.0,9398.0,5076.0,3361.0,20844843.0,22061751.0,25897517.0,24299825.0,16337862.0,2891596763.0,2890713058.0,2891226865.0,2890997965.0,2891100650.0,21574561.0,22757386.0,27012649.0,25647850.0,16919862.0,2468400496.0,2532806153.0,2266155367.0,2561674092.0,2555558928.0,4505.0,2976.0,7501.0,3916.0,2625.0,6711982.0,8350161.0,7808215.0,7680814.0,6322268.0,13552965.0,13164956.0,18070541.0,16164733.0,9764714.0,5728.2504564021,5854.8855402231,N/A
41,7408050466.0,7777722615.0,6956525815.0,7804262829.0,8014541379.0,1468261393.0,1529261759.0,1357480434.0,1537156293.0,1576254772.0,6686945.0,7288108.0,7296227.0,7119227.0,7035244.0,6684846.0,7292177.0,7307494.0,7122996.0,7021936.0,6157.0,4682.0,8502.0,4568.0,5194.0,19950916.0,21167801.0,24894875.0,23519711.0,15264990.0,2889820950.0,2889450532.0,2890879052.0,2890233422.0,2890413980.0,21688271.0,21806207.0,26921953.0,25489177.0,16031744.0,2300936182.0,2344897820.0,2119081312.0,2335765896.0,2411991337.0,4690.0,3115.0,8014.0,4318.0,2723.0,6690114.0,8126067.0,7475282.0,7252590.0,6254209.0,13296739.0,12877740.0,17444003.0,16028834.0,9479304.0,5729.3763186853,5875.3077526762,N/A
42,8025149186.0,7915582271.0,7519345371.0,7755218230.0,8417356359.0,1590478533.0,1544353867.0,1468870792.0,1523360163.0,1656044728.0,7213852.0,7314418.0,7599885.0,7014136.0,7311640.0,7181124.0,7270580.0,7594426.0,7058009.0,7311526.0,10506.0,7136.0,10491.0,6838.0,4627.0,19920623.0,20825305.0,24655006.0,23620982.0,15451699.0,2891027404.0,2888397132.0,2888199664.0,2771079057.0,2890588241.0,20791302.0,21894578.0,26128645.0,25116642.0,16188290.0,2499981706.0,2463305292.0,2287670342.0,2431200845.0,2551430363.0,5630.0,3814.0,9847.0,5098.0,3137.0,6752836.0,8243658.0,7548361.0,7449048.0,6322386.0,13222113.0,13154982.0,17541537.0,16239787.0,9677772.0,5728.9891668804,5872.4082667751,N/A
43,7855931863.0,7835644308.0,7006300643.0,8060365196.0,7934914993.0,1546844414.0,1556671409.0,1367131398.0,1595659004.0,1568906169.0,6817714.0,7289131.0,7120584.0,7370118.0,6987192.0,6830138.0,7316342.0,7202462.0,7372088.0,7023443.0,38877.0,19083.0,25578.0,22873.0,4381.0,18293306.0,19237222.0,22833306.0,21444603.0,13905485.0,2889543054.0,2887725257.0,2864874276.0,2889741394.0,2889851876.0,19294186.0,20091516.0,24928669.0,23428416.0,14858966.0,2390493971.0,2417591583.0,2198905928.0,2442330554.0,2474587195.0,28440.0,15670.0,29453.0,18581.0,2324.0,6073747.0,7301635.0,6699606.0,6775628.0,5541468.0,12395666.0,11823831.0,16018985.0,15269569.0,8211299.0,5730.1303222835,5876.4610580679,N/A
44,8077904939.0,7998447766.0,7402309015.0,7820525142.0,7893706342.0,1570262483.0,1573762528.0,1449362959.0,1552572037.0,1551714426.0,7008748.0,7336835.0,7709160.0,7119569.0,6984806.0,7018523.0,7240614.0,7707229.0,7077000.0,6987926.0,6734.0,7064.0,8641.0,6369.0,15264.0,20610272.0,20717896.0,25465901.0,23043847.0,15348662.0,2891154661.0,2888413297.0,2891558113.0,2889910980.0,2889864962.0,21471855.0,22140035.0,26773307.0,25027388.0,16011094.0,2324795815.0,2502238680.0,2265935543.0,2384397396.0,2391255222.0,5727.0,4917.0,6693.0,5550.0,1959.0,6756974.0,8258645.0,7560984.0,7243924.0,5991355.0,13645346.0,13309155.0,17587623.0,16023560.0,9308318.0,5728.4557444512,5872.2422419758,N/A
45,6792589600.0,8135391760.0,6909521677.0,8338058857.0,8381726849.0,1339233954.0,1626816785.0,1351619161.0,1663616446.0,1659517433.0,6297068.0,7694822.0,7065661.0,7520786.0,7294581.0,6268249.0,7589054.0,7116989.0,7532940.0,7347495.0,9462.0,13401.0,15527.0,9993.0,5575.0,18298154.0,19692566.0,22767353.0,22438352.0,14663414.0,2888741580.0,2889673972.0,2888615659.0,2891115888.0,2889795707.0,21039437.0,20255063.0,24602578.0,24167159.0,15438388.0,2035101177.0,2420847986.0,2149751222.0,2616209537.0,2620197950.0,11863.0,8305.0,11154.0,7184.0,2728.0,5916450.0,7349291.0,6762465.0,7037009.0,5781268.0,12330675.0,11883891.0,16295592.0,15818116.0,8847119.0,5725.6894569413,5872.5795547984,N/A
46,7501159057.0,7726402029.0,6855635914.0,7781772448.0,7379492910.0,1483983173.0,1530905886.0,1344413178.0,1550622811.0,1461182836.0,6633362.0,7247126.0,7567870.0,7155816.0,6824022.0,6630400.0,7229435.0,7564542.0,7201443.0,6832905.0,6307.0,5613.0,7862.0,5808.0,3962.0,19646632.0,20284506.0,24635942.0,22522902.0,14564665.0,2889454793.0,2887418253.0,2890361918.0,2889816471.0,2888496174.0,20727762.0,20928877.0,26379672.0,24740757.0,15621913.0,2308819367.0,2405389109.0,2128208188.0,2400275063.0,2324236887.0,6115.0,3730.0,7543.0,4251.0,2001.0,6517319.0,7783421.0,6910934.0,6897051.0,5732533.0,13206724.0,12635859.0,16950587.0,15856056.0,8730974.0,5729.7147911017,5872.8591138223,N/A
47,8142302761.0,8106769784.0,7360225553.0,8050705697.0,8333401357.0,1610231725.0,1616674214.0,1442521733.0,1615708960.0,1643292332.0,7457561.0,7899805.0,7697192.0,7411973.0,7370807.0,7416401.0,7664923.0,7705700.0,7497402.0,7372579.0,6427.0,6029.0,8630.0,4806.0,3591.0,20025174.0,21140039.0,25005056.0,23838502.0,15896671.0,2890846935.0,2889228298.0,2890103200.0,2891326010.0,2891053329.0,20946050.0,22227169.0,26560678.0,25569938.0,16747181.0,2476941027.0,2522023060.0,2277944225.0,2545292883.0,2569034200.0,6513.0,3251.0,10787.0,4175.0,1676.0,6771950.0,8068296.0,7362173.0,7492939.0,6130014.0,13704405.0,13312279.0,17278892.0,16585959.0,9372660.0,5729.7876318881,5876.320863993,N/A
48,7324326073.0,6337788612.0,6684162637.0,7631447289.0,7471872953.0,1456490556.0,1269957877.0,1309002345.0,1527062672.0,1493235489.0,7014774.0,6616749.0,6989795.0,7270531.0,6875210.0,6756602.0,6668442.0,7002543.0,7217576.0,6939809.0,13720.0,9188.0,13306.0,8908.0,3506.0,21333365.0,21668866.0,25764216.0,24804471.0,15594217.0,2889463713.0,2886825353.0,2888867721.0,2888794350.0,2888981773.0,22226227.0,24965611.0,28483705.0,26972116.0,16158999.0,2296716597.0,2032545488.0,2081134292.0,2378824126.0,2429041272.0,12581.0,7050.0,12116.0,6473.0,3452.0,6809821.0,7929480.0,7363722.0,7186193.0,6215921.0,14247046.0,13184979.0,18289324.0,17251629.0,9179352.0,6007.884444664,6191.2304983049,N/A
49,7371378921.0,6991245415.0,6482840182.0,7289953566.0,7800549850.0,1449925170.0,1390928025.0,1253066673.0,1459550988.0,1541990687.0,6712865.0,6944906.0,7124584.0,7151382.0,7040526.0,6719598.0,6934983.0,7103587.0,7130345.0,7006712.0,8625.0,5260.0,11368.0,7879.0,3374.0,22379266.0,21950007.0,27087926.0,25155500.0,15813465.0,2889023183.0,2621947333.0,2888996715.0,2889181595.0,2888724552.0,23680213.0,22845627.0,29573368.0,27871529.0,16553356.0,2216510704.0,1998614795.0,2012898227.0,2337187998.0,2323424485.0,7250.0,4318.0,9850.0,5789.0,2177.0,7200035.0,8142467.0,7615529.0,7531665.0,6390197.0,15467063.0,13353789.0,19276833.0,17656762.0,9146818.0,7364.6056161454,7503.5653652903,N/A
50,7509641091.0,7773786015.0,6890574608.0,7978516038.0,8048392847.0,1494898623.0,1552297396.0,1349674790.0,1593091628.0,1572849311.0,6988380.0,7697761.0,7631246.0,7649488.0,7333732.0,7034543.0,7694210.0,7638049.0,7653643.0,7338121.0,6788.0,5502.0,11304.0,5542.0,6678.0,23770646.0,23914997.0,28965339.0,27137352.0,17834331.0,2891586295.0,2890865714.0,2890295623.0,2891231868.0,2891204209.0,24627405.0,24836712.0,30394327.0,28998442.0,18362414.0,2353025972.0,2437914792.0,2160157445.0,2432403339.0,2482285712.0,5280.0,4389.0,8830.0,7475.0,3001.0,7530336.0,8742187.0,8390456.0,8298057.0,6856230.0,15982825.0,14473964.0,20148715.0,18886966.0,10147409.0,7357.9783596701,7456.1137103239,N/A
51,6662413713.0,7414023689.0,6625311092.0,7605367419.0,7742687641.0,1317287682.0,1476974709.0,1276255029.0,1516953426.0,1496531299.0,6311853.0,7773564.0,7196111.0,7318281.0,7061720.0,6340816.0,7777448.0,7196477.0,7312752.0,7063097.0,6470.0,4507.0,10593.0,6563.0,3256.0,22734425.0,22886172.0,28204463.0,25606603.0,16658134.0,2889929722.0,2889560811.0,2889905992.0,2889086285.0,2890433159.0,23654718.0,23761330.0,30094416.0,28099549.0,17174200.0,2157024570.0,2297839047.0,2040219534.0,2346242455.0,2378886254.0,5803.0,3414.0,8586.0,4728.0,2661.0,7275998.0,8414480.0,7904500.0,7966560.0,6605913.0,15317245.0,13562797.0,18631906.0,18017355.0,9748167.0,7366.5441980493,7512.1367382299,N/A
52,6660861460.0,7463551572.0,6652731130.0,8466572705.0,8459845446.0,1327685437.0,1493438766.0,1280307223.0,1672246947.0,1648047887.0,6421122.0,7437266.0,7053150.0,7732326.0,7410170.0,6435392.0,7402091.0,7038430.0,7736497.0,7408521.0,10134.0,7880.0,18850.0,13215.0,5128.0,21775414.0,21528118.0,27627497.0,25524978.0,15442994.0,2720542489.0,2887679608.0,2887839110.0,2889848816.0,2889877875.0,23588027.0,22730367.0,28950324.0,27015774.0,15846425.0,2055338795.0,2302093064.0,2010067079.0,2581778780.0,2596052845.0,8802.0,5629.0,11671.0,14944.0,3676.0,7176091.0,8441599.0,7874007.0,7476165.0,6338475.0,15008272.0,13667805.0,19461662.0,17475527.0,9442040.0,7363.6905390333,7508.9830328795,N/A
53,7636919927.0,7992631213.0,7117574441.0,8156097542.0,8199860612.0,1515497888.0,1556982257.0,1372338277.0,1595333637.0,1614184838.0,7022446.0,7842789.0,7620796.0,7656410.0,7360769.0,7022136.0,7844951.0,7620365.0,7648205.0,7361115.0,7983.0,6670.0,11978.0,5201.0,4387.0,23513386.0,24168905.0,28387306.0,27671879.0,17469705.0,2890091852.0,2889757617.0,2890768970.0,2890524114.0,2890847827.0,24363150.0,24765299.0,29942226.0,29403816.0,18390615.0,2367447108.0,2435934958.0,2177641847.0,2485462382.0,2480697221.0,6114.0,3614.0,8993.0,3946.0,2251.0,7491201.0,9080109.0,8473610.0,8477461.0,7095368.0,15425074.0,14430036.0,20423736.0,18834456.0,10749992.0,7361.4505581295,7492.490060374,N/A
54,7329938454.0,7554805075.0,6682867626.0,7838267454.0,7838179770.0,1452813819.0,1486726203.0,1304963272.0,1544626315.0,1548234739.0,6667429.0,7574529.0,7028869.0,7321255.0,7493124.0,6704334.0,7582414.0,7024257.0,7324751.0,7487377.0,11436.0,8123.0,12661.0,8581.0,4636.0,21087044.0,21620412.0,25864632.0,24964628.0,15238559.0,2889409273.0,2887211073.0,2888714942.0,2889514943.0,2888998897.0,22692081.0,22455189.0,28441043.0,26779312.0,15839696.0,2291251846.0,2323615916.0,2060690862.0,2387743954.0,2411018748.0,12606.0,9099.0,13765.0,13030.0,4793.0,6930294.0,8000245.0,7422894.0,7566797.0,6062304.0,14195416.0,13118853.0,18770572.0,17645464.0,9084335.0,7366.3139337278,7512.4560775852,N/A
55,7537568763.0,7278714957.0,7085609936.0,7651826187.0,7619933824.0,1483897444.0,1445396146.0,1376797731.0,1515585130.0,1501429472.0,7576964.0,7706633.0,7685573.0,7239255.0,6947618.0,6983930.0,7771302.0,7685666.0,7239764.0,6894808.0,6712.0,7451.0,10126.0,6762.0,4680.0,24386410.0,24356066.0,28924917.0,26108496.0,16791327.0,2891014924.0,2889288203.0,2890205094.0,2890519784.0,2889720323.0,24594868.0,25847230.0,30583694.0,28348576.0,17790306.0,2302302677.0,2283803184.0,2156666190.0,2343422481.0,2339837286.0,5741.0,4341.0,8951.0,7257.0,2925.0,7928482.0,8842914.0,8513577.0,8021616.0,6614628.0,15892198.0,14552785.0,20504138.0,18595800.0,9901942.0,7356.2108898589,7490.153731214,N/A
56,7357533023.0,7236514175.0,6630277409.0,8246866840.0,8127414804.0,1438078039.0,1426471222.0,1294699877.0,1629645438.0,1609346607.0,6934797.0,7171931.0,7095081.0,7626307.0,7389405.0,6944183.0,7103858.0,7419897.0,7627225.0,7388919.0,12500.0,8010.0,12342.0,8063.0,3416.0,21965450.0,22197193.0,26950591.0,26030506.0,16627924.0,2889641975.0,2887882374.0,2890423625.0,2889648262.0,2890094259.0,22972477.0,24974429.0,29288793.0,28095362.0,17130707.0,2295096343.0,2128773731.0,2060901716.0,2537133045.0,2552938347.0,13024.0,6214.0,13491.0,6955.0,2786.0,7138242.0,8692540.0,7733410.0,8035286.0,6700097.0,14577202.0,14022871.0,19174717.0,18373693.0,10107692.0,7362.6780303564,7505.0203872996,N/A
57,6976608708.0,7596152240.0,6599456027.0,7719910374.0,7692754115.0,1348186583.0,1507380423.0,1287280062.0,1536012827.0,1518645780.0,6447197.0,7662865.0,7150772.0,7297055.0,7357673.0,6482588.0,7656438.0,7136135.0,7211154.0,6981183.0,9236.0,10857.0,13739.0,9672.0,4659.0,22580020.0,22028764.0,27093661.0,25372044.0,15718011.0,2889321454.0,2887160544.0,2888141362.0,2889568697.0,2888312223.0,24902330.0,23052415.0,29023219.0,27712996.0,16534915.0,2045844013.0,2277761140.0,2026105706.0,2353468665.0,2357810518.0,8365.0,8418.0,13235.0,8412.0,3214.0,7272495.0,8395346.0,7737663.0,7857145.0,6298931.0,15174088.0,13755808.0,19371396.0,18214672.0,9619948.0,7365.4380776048,7508.4425996135,N/A
58,8871612398.0,8829712904.0,7869989557.0,8695437074.0,8819183147.0,1754755635.0,1756591190.0,1559508732.0,1733863585.0,1748091063.0,7229713.0,7591737.0,7425695.0,7333541.0,7362267.0,7237402.0,7699540.0,7343272.0,7344718.0,7411188.0,5102.0,3168.0,10236.0,3552.0,3811.0,15041820.0,16206872.0,19921831.0,17386456.0,12309503.0,2891985806.0,2890997363.0,2890769253.0,2891225071.0,2890788650.0,15689199.0,17449065.0,20754364.0,18939367.0,12955590.0,2736791694.0,2744886895.0,2493379743.0,2662429622.0,2754237163.0,4003.0,2713.0,5416.0,2694.0,1325.0,5116350.0,6640310.0,6023884.0,5719049.0,4891626.0,10259880.0,10563988.0,13474155.0,11682582.0,7564424.0,6657.3170659446,6704.1314105412,N/A
59,8500102117.0,8320574983.0,6611548896.0,8893479139.0,8300553509.0,1675576288.0,1649833543.0,1301445006.0,1764033587.0,1641141410.0,6804653.0,7126295.0,6111702.0,7410753.0,7365637.0,6795197.0,7143568.0,6054520.0,7413358.0,7384619.0,13795.0,15230.0,11333.0,9270.0,2956.0,13319928.0,15267259.0,16953366.0,16452730.0,11369581.0,2889811884.0,2889018048.0,2648464627.0,2890555462.0,2889155284.0,14191731.0,15777072.0,18918385.0,17562592.0,12050727.0,2552200154.0,2564850487.0,2219554856.0,2724546444.0,2600065106.0,9670.0,5754.0,11519.0,6749.0,2835.0,4365966.0,5710213.0,5247066.0,4967075.0,4358097.0,8777410.0,9255630.0,11902030.0,11040632.0,6639748.0,3197.7156301891,3344.2237568022,N/A
60,8538585795.0,7783408210.0,7327439896.0,7268402020.0,8392322445.0,1685488034.0,1550035319.0,1441173159.0,1447996965.0,1654178966.0,6794963.0,6773284.0,6798270.0,6258510.0,6966422.0,6707360.0,6871860.0,6808897.0,6286371.0,6963510.0,11571.0,7368.0,12738.0,7256.0,2655.0,13137880.0,14981556.0,17107736.0,16110124.0,11397083.0,2889982926.0,2887625985.0,2889117966.0,2589815410.0,2890268897.0,13979937.0,15760975.0,18682795.0,17381892.0,12146205.0,2590695824.0,2551353069.0,2328185646.0,2254229143.0,2566066097.0,8664.0,5379.0,7903.0,7191.0,2439.0,4303831.0,5617669.0,5226108.0,5028628.0,4330338.0,8754336.0,9161248.0,11536103.0,10770518.0,6599362.0,3193.7704189421,3340.2142466354,N/A
61,8890240577.0,8819060331.0,8148318919.0,5618751687.0,8626857697.0,1764496788.0,1753340627.0,1609276082.0,1121472633.0,1708948711.0,7203862.0,7516778.0,7720130.0,5073016.0,7244434.0,7278067.0,7479446.0,7715886.0,5071857.0,7247068.0,7575.0,4078.0,8260.0,3696.0,2946.0,13871513.0,15838128.0,18118848.0,16976319.0,12504650.0,2891508013.0,2889804259.0,2890806177.0,1892208133.0,2891221021.0,14336031.0,16485581.0,19157775.0,18296371.0,12868809.0,2792598576.0,2718164476.0,2562446802.0,1764587447.0,2699222529.0,5073.0,2164.0,7188.0,2139.0,1413.0,4680156.0,6007360.0,5627585.0,5596843.0,4890743.0,9248603.0,9906169.0,12400877.0,11346646.0,7562385.0,3193.9547999526,3340.2605664466,N/A
62,8320491675.0,8335292356.0,7685892502.0,5256182492.0,8211932951.0,1647603699.0,1653098289.0,1510808959.0,1035538282.0,1621266827.0,6730932.0,7133569.0,6954235.0,4752157.0,6900165.0,6667337.0,7137789.0,6954566.0,4758260.0,6897462.0,8268.0,4190.0,7439.0,6317.0,2769.0,13329514.0,15147089.0,17711883.0,16314976.0,11765997.0,2888804339.0,2887754855.0,2888937273.0,1891625631.0,2889629695.0,14326702.0,15933850.0,19643284.0,17871256.0,12150512.0,2612763883.0,2575276587.0,2327553320.0,1634554188.0,2528793631.0,5327.0,3071.0,6500.0,3651.0,1445.0,4441666.0,5719735.0,5275977.0,5314873.0,4709059.0,9139011.0,9232507.0,11745529.0,10774262.0,7015376.0,3197.3969213441,3345.2389096808,N/A
63,8367636646.0,8073557015.0,7454327373.0,5282986065.0,6860742956.0,1660274800.0,1609656328.0,1449957273.0,1050418247.0,1334949932.0,6796755.0,7352512.0,6744536.0,4859903.0,5787485.0,6832698.0,7410382.0,6749128.0,4864389.0,5729105.0,12957.0,10268.0,13374.0,9048.0,6005.0,13108988.0,14650534.0,16755935.0,15637344.0,10915217.0,2890625467.0,2888972727.0,2889811285.0,1891459007.0,2888841983.0,14181173.0,15642896.0,18760594.0,17047265.0,13226981.0,2611476107.0,2562546249.0,2347980979.0,1657129435.0,2230286823.0,11906.0,10229.0,11693.0,7015.0,1739.0,4418566.0,5715959.0,5331394.0,5111880.0,4277830.0,8976851.0,9095219.0,11818530.0,10381289.0,6669562.0,3195.4710242948,3340.6034770115,N/A
64,8965668130.0,8832754730.0,8169812210.0,5478902304.0,8657511089.0,1777057757.0,1755762820.0,1611044565.0,1091071836.0,1681793269.0,7236794.0,7683225.0,7295141.0,5003462.0,7570894.0,7233513.0,7684197.0,7294746.0,5019133.0,7630314.0,7747.0,5436.0,9204.0,3842.0,3536.0,13929005.0,15822361.0,17852865.0,17077080.0,12653166.0,2890317099.0,2890002704.0,2891245498.0,1892533134.0,2891025632.0,14225677.0,16430463.0,19072526.0,18374488.0,13030374.0,2771483028.0,2748306402.0,2547204464.0,1760067249.0,2707229965.0,6216.0,2589.0,6071.0,3000.0,1687.0,4397939.0,6000858.0,5529349.0,5647902.0,4970514.0,9109118.0,9513701.0,12208798.0,10954143.0,7542011.0,3195.079190019,3340.5849761432,N/A
65,9073079788.0,8881637876.0,7677584384.0,5566755155.0,6887247128.0,1800659988.0,1764251110.0,1504153399.0,1089940385.0,1336110646.0,7449904.0,7634546.0,6896149.0,4996440.0,5822775.0,7449219.0,7635301.0,6866915.0,4968772.0,5860799.0,19114.0,8193.0,14573.0,14026.0,3967.0,12731794.0,14372705.0,16143424.0,15587035.0,10633004.0,2890316100.0,2888208878.0,2889281208.0,1891327824.0,2887636090.0,13223021.0,14838379.0,17954535.0,16704191.0,13851309.0,2823454025.0,2776091863.0,2347364054.0,1680796617.0,2158927594.0,13749.0,7647.0,12527.0,13746.0,3051.0,3972379.0,5397274.0,5228594.0,4956325.0,4083674.0,8237441.0,8556598.0,11337259.0,10159012.0,6487647.0,3195.786516531,3341.5510159387,N/A
66,8496732983.0,9062545421.0,8260330176.0,5412570559.0,8261315436.0,1684090495.0,1756239306.0,1607603183.0,1060358628.0,1627521783.0,6918562.0,7510708.0,7897697.0,4836094.0,6810406.0,6912653.0,7509787.0,7887731.0,4837607.0,6821428.0,5631.0,4517.0,7690.0,5572.0,3455.0,14123406.0,16109505.0,18314819.0,16739909.0,12013888.0,2890303760.0,2890370229.0,2890981491.0,1892167603.0,2890619356.0,14933950.0,16640605.0,19322880.0,18014218.0,12853013.0,2740596124.0,2773032367.0,2539716209.0,1721489007.0,2532147521.0,4349.0,3339.0,5851.0,2942.0,2339.0,4573707.0,6107222.0,5738250.0,5481405.0,4718127.0,9240627.0,9392811.0,12349017.0,10837271.0,7245986.0,3195.6258159208,3340.2226578233,N/A
67,7121267279.0,8022252518.0,7779090289.0,5737604486.0,8865703296.0,1393195420.0,1571963239.0,1511401670.0,1127698782.0,1746411487.0,5994282.0,6821626.0,6944934.0,5035649.0,7278478.0,5965638.0,6816571.0,6952495.0,5053651.0,7274806.0,12393.0,11590.0,12775.0,10190.0,3171.0,12311261.0,14498663.0,16931292.0,16144426.0,11528724.0,2888601701.0,2753973238.0,2887711336.0,1892152096.0,2890435613.0,15026757.0,14975338.0,18202609.0,17106423.0,11877031.0,2312675037.0,2408319820.0,2361975351.0,1686488093.0,2725313220.0,11581.0,11778.0,11607.0,13907.0,3377.0,4071069.0,5519419.0,5085607.0,5343115.0,4541013.0,8273767.0,8919111.0,11240697.0,10820510.0,6963253.0,3195.6639792714,3342.1801044601,N/A
68,8371996442.0,8373749736.0,7313505831.0,5340051070.0,8249294933.0,1640947022.0,1645362126.0,1405529973.0,1060918288.0,1623481386.0,6788382.0,7117444.0,7101405.0,4830678.0,6873984.0,6796717.0,7106462.0,7107651.0,4831537.0,6787740.0,26025.0,15867.0,23834.0,20770.0,4057.0,14176396.0,15611240.0,18457270.0,16715087.0,11323282.0,2890266910.0,2888922487.0,2780119982.0,1891554394.0,2889573960.0,14906366.0,16523729.0,19428980.0,18269811.0,12221855.0,2566600923.0,2512269924.0,2235436060.0,1620217537.0,2499648553.0,30304.0,15925.0,23256.0,18165.0,2775.0,4752219.0,6005598.0,5661394.0,5471647.0,4709500.0,9396198.0,9692859.0,12682088.0,11429174.0,7170397.0,3270.8413010705,3425.6246377973,N/A
69,8964497532.0,8845049562.0,8193854115.0,5684893005.0,8480326729.0,1753565435.0,1749190841.0,1604385984.0,1129138249.0,1680991777.0,7228056.0,7566264.0,7695630.0,5156229.0,7250870.0,7221463.0,7576507.0,7689937.0,5151894.0,7223857.0,15737.0,6231.0,14253.0,3961.0,3406.0,14911406.0,16617714.0,19195725.0,18271732.0,13159451.0,2890655217.0,2889068885.0,2889531831.0,1891783480.0,2890651596.0,15410532.0,17344376.0,20368915.0,19531847.0,13785072.0,2728870236.0,2662237102.0,2497609788.0,1739078066.0,2659430269.0,11461.0,3776.0,11836.0,3389.0,2678.0,4889509.0,6515974.0,6054780.0,6072561.0,5256842.0,9781565.0,10511619.0,13371035.0,12275038.0,8130335.0,3633.8408128179,3779.7388226784,N/A
70,7831544180.0,7979370648.0,7428405399.0,5227984959.0,8263614565.0,1543160251.0,1576758869.0,1466395413.0,1037519116.0,1631286615.0,6957536.0,7190803.0,6940621.0,4917871.0,7060387.0,7078991.0,7180313.0,7006088.0,4999738.0,6882840.0,19044.0,11455.0,13602.0,11055.0,4052.0,13828474.0,15248615.0,17992197.0,16496766.0,11412402.0,2888458190.0,2887191007.0,2888897385.0,1890988130.0,2888738654.0,14686764.0,16707950.0,20174804.0,18370879.0,11959564.0,2558789300.0,2360190862.0,2322228525.0,1609586075.0,2453920477.0,14084.0,10451.0,13555.0,6532.0,2014.0,4599488.0,5930063.0,5448544.0,5408570.0,4522152.0,9330123.0,9462203.0,12520832.0,11345418.0,7170492.0,3633.6764409642,3779.19832644,N/A
71,8731948483.0,8653027587.0,8156298593.0,5238163243.0,7928255045.0,1699979102.0,1700998523.0,1599935897.0,1040629745.0,1568217289.0,7047429.0,7380179.0,7450228.0,4845185.0,6790941.0,6965749.0,7495797.0,7399621.0,4837776.0,6851187.0,7047.0,4869.0,9343.0,7219.0,4759.0,14758643.0,16310684.0,19235956.0,17429674.0,12471824.0,2890917944.0,2890044647.0,2891197420.0,1891914669.0,2889957477.0,15832436.0,17069593.0,20514603.0,19121560.0,12952153.0,2581036451.0,2521361739.0,2343305994.0,1625131655.0,2473758957.0,5655.0,6564.0,9405.0,4315.0,1776.0,5069196.0,6379657.0,5918242.0,5766343.0,4908063.0,10239057.0,10255689.0,13294257.0,11730850.0,7639902.0,3630.3282372632,3773.4296242387,N/A
72,8541073056.0,8315110163.0,7342668813.0,5426345244.0,8559530146.0,1708242479.0,1668762074.0,1451510638.0,1089656404.0,1695470767.0,7049722.0,7330575.0,6893038.0,5043457.0,7215005.0,7143596.0,7365452.0,6981270.0,5054026.0,7221951.0,14996.0,8130.0,17587.0,8400.0,2885.0,14111667.0,15926724.0,18096208.0,17368549.0,12288258.0,2891364993.0,2889174567.0,2888993601.0,1892264349.0,2890839878.0,14592208.0,16475789.0,19653333.0,18424505.0,12923942.0,2674896413.0,2702602064.0,2475994157.0,1733419884.0,2684275638.0,14803.0,4628.0,8907.0,6888.0,2458.0,4412457.0,5839802.0,5710672.0,5431945.0,4673404.0,9162954.0,9477845.0,12790660.0,11626310.0,7172496.0,3633.762711473,3781.1721653381,N/A
73,7250374273.0,8179378915.0,7372721393.0,5186684822.0,7749015163.0,1431869605.0,1625061687.0,1453367749.0,1041350660.0,1524231488.0,6052192.0,7127986.0,6928170.0,5123655.0,6556227.0,6033920.0,7181613.0,6874077.0,5159307.0,6527534.0,11883.0,12366.0,13674.0,13996.0,3651.0,14189977.0,15444217.0,18160775.0,16919982.0,11537227.0,2889434757.0,2888364307.0,2889236044.0,1891062075.0,2889423981.0,16948794.0,16435503.0,19719137.0,18028790.0,12463822.0,2209481780.0,2511986301.0,2305942025.0,1626514566.0,2462295477.0,9305.0,10795.0,9641.0,10202.0,2064.0,4542676.0,5753768.0,5471456.0,5381619.0,4400084.0,9548697.0,9465998.0,12594656.0,11474902.0,6745855.0,3633.9206510206,3779.1118785323,N/A
74,8735292602.0,8690687760.0,7908942582.0,6935200017.0,8588533548.0,1734339508.0,1728796618.0,1559645816.0,1389005099.0,1703760601.0,7164715.0,7542205.0,7572352.0,6155504.0,7289212.0,7217958.0,7542334.0,7402127.0,6146701.0,7297741.0,5996.0,4739.0,8840.0,4747.0,11283.0,15090190.0,17052032.0,19086108.0,18226486.0,13077383.0,2892125656.0,2889737780.0,2890214608.0,2379254926.0,2891219801.0,15436062.0,17489703.0,20464184.0,19824321.0,13535514.0,2738064983.0,2713680586.0,2495836572.0,2183056198.0,2709851602.0,5674.0,2613.0,6229.0,2862.0,1475.0,4976104.0,6353357.0,5963010.0,5886331.0,5135983.0,9848086.0,10543697.0,13472542.0,12318136.0,7884220.0,3631.6545172012,3777.7627475191,N/A
75,8057529761.0,8198690136.0,7507671021.0,8113293026.0,8262622283.0,1602428339.0,1614669696.0,1474423534.0,1594612160.0,1632871044.0,6683331.0,7130939.0,7041043.0,6853896.0,6909919.0,7068004.0,7151547.0,7037032.0,6841139.0,6897867.0,7729.0,4422.0,7615.0,5488.0,3416.0,14285386.0,16234914.0,18978421.0,17411875.0,12233292.0,2888712755.0,2887769699.0,2888945407.0,2754288639.0,2889526049.0,15292789.0,17235116.0,20241374.0,19330734.0,12665050.0,2555769422.0,2529891144.0,2272440498.0,2403648531.0,2556639141.0,6152.0,2613.0,7560.0,3727.0,1543.0,4785647.0,6239802.0,5517725.0,5620587.0,4980755.0,9840872.0,9906121.0,12638623.0,11914074.0,7433266.0,3632.5688441175,3777.4012546062,N/A
76,8075678256.0,8136960909.0,7353568198.0,8068653725.0,8194189078.0,1607033418.0,1616302090.0,1451261825.0,1608528057.0,1614407226.0,6766237.0,7126755.0,6928795.0,6957625.0,6912964.0,6844106.0,7125683.0,6920236.0,6955301.0,6928978.0,6728.0,5514.0,7419.0,5617.0,4225.0,14758498.0,16475172.0,18875928.0,17993950.0,12536824.0,2890957388.0,2890299384.0,2890169185.0,2890046876.0,2890062925.0,16069922.0,17215781.0,20700781.0,19619060.0,13059154.0,2551395517.0,2530873212.0,2312316977.0,2470971886.0,2556649708.0,3794.0,2427.0,5151.0,4580.0,1543.0,4974138.0,6347103.0,5840446.0,5777065.0,4973142.0,10193985.0,10195696.0,12969519.0,12131489.0,7366752.0,3632.9603815174,3779.2584463469,N/A
77,8787496686.0,8771558602.0,7776292596.0,8724180304.0,8924091783.0,1738798725.0,1740722300.0,1531394414.0,1729768356.0,1729043615.0,7194022.0,7598923.0,7355440.0,7411787.0,7360295.0,7191941.0,7599507.0,7350613.0,7409094.0,7364158.0,5441.0,3319.0,7895.0,3716.0,3566.0,15420561.0,17365033.0,19584737.0,18787694.0,13383190.0,2891468952.0,2889704802.0,2795877305.0,2891377627.0,2890792263.0,15823015.0,18058024.0,20802755.0,20197506.0,13986155.0,2696945890.0,2702098378.0,2367945782.0,2700130068.0,2727691565.0,4777.0,6727.0,7609.0,2563.0,3289.0,4909362.0,6581951.0,6006221.0,6095542.0,5289966.0,9979607.0,10400639.0,13289274.0,12314110.0,7943116.0,3632.2804146512,3778.6215064909,N/A
78,7569649849.0,6184112209.0,6949241747.0,7785452618.0,8059054083.0,1507789910.0,1235675591.0,1358562278.0,1536636094.0,1572752878.0,6701121.0,6340670.0,7092882.0,7172907.0,7054072.0,6716064.0,6304192.0,7087446.0,7208995.0,7050363.0,11525.0,8853.0,13899.0,9111.0,4528.0,18345491.0,19513810.0,23248268.0,23278978.0,14451700.0,2889265361.0,2884979948.0,2888436791.0,2888653281.0,2888641155.0,19983545.0,22434360.0,25297417.0,25073668.0,14992944.0,2386426024.0,2014780878.0,2133093440.0,2437509830.0,2378486762.0,7289.0,8607.0,12266.0,8784.0,3526.0,5943124.0,7383625.0,6990307.0,6880553.0,5828178.0,12720804.0,11843951.0,16619898.0,15790319.0,8498055.0,4130.0006261227,4342.5018701684,N/A
79,7284230938.0,7598783941.0,7040299630.0,7108102464.0,7833274708.0,1446002063.0,1487220766.0,1343601063.0,1391739587.0,1536961341.0,6802669.0,7702916.0,7494995.0,6740133.0,6941313.0,6800213.0,7695809.0,7405057.0,6752225.0,6955971.0,9113.0,5607.0,10793.0,10147.0,4087.0,21608046.0,22092813.0,26440579.0,24940701.0,15608121.0,2889981338.0,2888972719.0,2890340782.0,2889396368.0,2889248462.0,23038680.0,23185385.0,28450872.0,29625465.0,16537738.0,2339184043.0,2318573225.0,2066369187.0,2212379297.0,2388748759.0,6505.0,7008.0,10142.0,8599.0,2338.0,7252848.0,8505257.0,7826640.0,7621152.0,6392514.0,14682546.0,13435988.0,18484869.0,16989819.0,9515607.0,6549.8986509758,6690.9853518328,N/A
80,7824787075.0,8239676021.0,7096587341.0,7566569746.0,8216157102.0,1552800873.0,1611147824.0,1362772039.0,1517460003.0,1633026546.0,7132042.0,7604326.0,7509960.0,7201219.0,7291396.0,7209597.0,7613460.0,7631854.0,7302918.0,7331100.0,11382.0,6582.0,13241.0,7303.0,4157.0,19816715.0,20827921.0,25054690.0,24021467.0,15211272.0,2888685247.0,2887556952.0,2890110732.0,2888818193.0,2889803687.0,20775382.0,21188922.0,26815419.0,26483933.0,15719478.0,2306621826.0,2517284339.0,2217400391.0,2384931126.0,2607465913.0,11732.0,5678.0,10957.0,7663.0,3361.0,6328704.0,7753855.0,7458099.0,6953837.0,6163373.0,12911587.0,12744718.0,17755922.0,16183690.0,9107087.0,6548.4511070063,6691.7130485229,N/A
81,7370457855.0,7634542658.0,6796834313.0,7773781009.0,7794797201.0,1445719771.0,1507119568.0,1300278800.0,1546242868.0,1536310206.0,6783264.0,7666857.0,7524126.0,7190941.0,6968893.0,6789927.0,7673963.0,7498351.0,7199520.0,6907655.0,6513.0,4169.0,9002.0,6133.0,3557.0,21574279.0,21660628.0,26246124.0,24812771.0,15428481.0,2890215328.0,2889544518.0,2889580129.0,2889956422.0,2889163933.0,22587612.0,22712870.0,28011317.0,27125889.0,16481494.0,2238477345.0,2291258890.0,2066330882.0,2345353191.0,2368725083.0,4804.0,3708.0,8804.0,4689.0,2256.0,7131554.0,8518148.0,7853648.0,7702748.0,6575074.0,14163767.0,13685897.0,18898490.0,17357567.0,9871658.0,6545.2326386769,6664.023562398,N/A
82,7735574467.0,8095968825.0,7261800421.0,7738987011.0,7598864850.0,1517079029.0,1604389332.0,1414350244.0,1536218181.0,1504345458.0,6971629.0,7701460.0,7819891.0,7236304.0,7070679.0,6975713.0,7704584.0,7827511.0,7231904.0,6972914.0,6843.0,4672.0,9198.0,5502.0,3096.0,22772338.0,23202989.0,27325651.0,25440792.0,16453557.0,2890995767.0,2890460282.0,2891258463.0,2890694165.0,2890781476.0,23464646.0,24186923.0,29015929.0,27715782.0,17217890.0,2387745220.0,2476393250.0,2209724086.0,2479689114.0,2375487328.0,5642.0,3802.0,8990.0,5044.0,2340.0,7572720.0,8723877.0,8304749.0,7740914.0,6766099.0,14975270.0,14053229.0,19511161.0,17476492.0,10126403.0,6549.0254260002,6695.6537252784,N/A
83,7276815154.0,7616977099.0,6828494767.0,8144450604.0,8221382797.0,1433045309.0,1509608305.0,1328403870.0,1621782088.0,1621965730.0,6606677.0,7349085.0,7293894.0,7537231.0,7429665.0,6609775.0,7282379.0,7284180.0,7546090.0,7451416.0,7970.0,9125.0,9197.0,5287.0,3705.0,21656369.0,22009408.0,26586583.0,25352328.0,16893887.0,2889712988.0,2889616640.0,2887975808.0,2891360851.0,2891500523.0,22796173.0,23212907.0,28491016.0,27159926.0,17498095.0,2236184525.0,2302122684.0,2044161059.0,2391720840.0,2515115514.0,7765.0,6851.0,9885.0,5868.0,1987.0,7163255.0,8576207.0,7882189.0,7803702.0,6325807.0,14554964.0,14043408.0,18853636.0,17404073.0,9963622.0,6547.0238052429,6693.0394620749,N/A
84,7372472945.0,7424878558.0,6719264134.0,7551609431.0,7547985811.0,1456589821.0,1480645766.0,1312885539.0,1507456416.0,1497679436.0,6629076.0,7648060.0,7186847.0,7184097.0,6889093.0,6628496.0,7641758.0,7421544.0,7341391.0,6890218.0,6493.0,6330.0,9770.0,5622.0,5461.0,21690666.0,21937861.0,26036510.0,24711381.0,16127029.0,2889988488.0,2889014829.0,2890091460.0,2889453361.0,2890035375.0,22868642.0,22818644.0,28464031.0,27057850.0,16799233.0,2267776699.0,2325154394.0,2061409933.0,2394729544.0,2374531864.0,5280.0,3139.0,8454.0,5266.0,2114.0,7050979.0,8357329.0,7867577.0,7456406.0,6236223.0,14463334.0,13504961.0,18887183.0,17207004.0,9389113.0,6551.2565156725,6697.0398297106,N/A
85,7377904016.0,7481181454.0,6648559500.0,7666090645.0,7628946069.0,1478738711.0,1489068780.0,1300041075.0,1531215514.0,1508502611.0,6829174.0,7317766.0,7280790.0,7243876.0,6952690.0,6898590.0,7329066.0,7315879.0,7285269.0,6956336.0,6246.0,8280.0,9138.0,5483.0,14094.0,22565841.0,22463565.0,26883937.0,25127883.0,16266013.0,2890754238.0,2889139589.0,2890674951.0,2890202074.0,2889665395.0,23287366.0,23222021.0,29191685.0,26966054.0,16838719.0,2204947810.0,2315839674.0,2070011179.0,2317947676.0,2398843059.0,5515.0,2501.0,7791.0,4477.0,2560.0,7066448.0,8000646.0,7824608.0,7598070.0,6307126.0,14712099.0,13435515.0,18739027.0,17471998.0,9332063.0,6549.5196979032,6695.5459849631,N/A
86,7302602681.0,7934759849.0,7168014651.0,8052596585.0,8198286305.0,1422149766.0,1585214401.0,1403261998.0,1610542278.0,1618318118.0,6691644.0,8063973.0,7717446.0,7895974.0,7398089.0,6936666.0,7851739.0,7707321.0,7892876.0,7398969.0,7721.0,6457.0,12328.0,5933.0,6501.0,21371258.0,22474005.0,26895745.0,25146765.0,16604038.0,2890648801.0,2889581297.0,2891344473.0,2891178737.0,2890705985.0,22607315.0,23358820.0,28291724.0,27266226.0,17461830.0,2311176714.0,2469994422.0,2213983209.0,2513717300.0,2525683430.0,5428.0,46361.0,7875.0,29807.0,26107.0,7353788.0,8533144.0,7661534.0,7815933.0,6497859.0,14851309.0,14186505.0,19051790.0,17815335.0,9836834.0,6546.5969755493,6690.2200710003,N/A
87,7538573673.0,7560483433.0,6779037027.0,7814531192.0,7824596738.0,1498351528.0,1511617660.0,1333600762.0,1559861499.0,1543089885.0,7054673.0,7352791.0,7050361.0,7251079.0,6944207.0,7131747.0,7366133.0,7073976.0,7252909.0,6961289.0,35801.0,19643.0,30902.0,16704.0,4539.0,19739682.0,19785862.0,24665484.0,23596093.0,14511535.0,2888593335.0,2887434701.0,2889442766.0,2889079663.0,2887718235.0,21115098.0,21363285.0,26671848.0,25888329.0,15196989.0,2336212483.0,2377686036.0,2125102818.0,2422518737.0,2453373033.0,37612.0,17045.0,74770.0,19185.0,1988.0,6421662.0,7631001.0,7178817.0,6740426.0,5938239.0,13537974.0,12619544.0,17807911.0,15799680.0,8644383.0,6551.2628822236,6697.4154749563,N/A
88,8196722426.0,7715695949.0,7130982721.0,7908158531.0,8180803556.0,1623673136.0,1531348730.0,1377940423.0,1573020038.0,1611908060.0,6972692.0,7089170.0,6970760.0,6999085.0,7009995.0,6974786.0,7096412.0,6969203.0,6996661.0,7021647.0,7708.0,17186.0,16789.0,5013.0,4012.0,17777151.0,18863260.0,21503228.0,19798051.0,13543125.0,2824529960.0,2888812700.0,2888821219.0,2890047118.0,2890196048.0,18661076.0,21623400.0,23608833.0,21593249.0,14277844.0,2505398055.0,2364227582.0,2295775237.0,2463845696.0,2493348151.0,32744.0,6095.0,6902.0,4841.0,1848.0,5701112.0,6924509.0,6647914.0,6110950.0,5428579.0,11707888.0,11116811.0,15041866.0,12974962.0,7974145.0,6186.5758917128,6274.2306990822,N/A
89,7934700750.0,7367027528.0,7727058493.0,8472477443.0,8777395278.0,1577892643.0,1462014218.0,1520834062.0,1690207214.0,1695492090.0,6790175.0,6756058.0,7421047.0,7396988.0,7322582.0,6802738.0,6807304.0,7423622.0,7407674.0,7327679.0,13717.0,7053.0,11132.0,7147.0,4663.0,15869938.0,17689998.0,20291906.0,19667983.0,13834426.0,2890138176.0,2887256348.0,2890996428.0,2889621743.0,2889823046.0,16965960.0,19143656.0,21772244.0,21240853.0,14136797.0,2506578749.0,2382684413.0,2302742813.0,2656147060.0,2678195637.0,15816.0,6086.0,11918.0,6252.0,2643.0,5284296.0,6766488.0,6049205.0,6320575.0,5424472.0,11015181.0,10944147.0,13969138.0,13458208.0,8140701.0,4404.5357918343,4550.450119169,N/A
90,6527092260.0,8143581851.0,5682791838.0,8041113937.0,8408885073.0,1300880119.0,1618702896.0,1147746159.0,1606575450.0,1631295203.0,5694683.0,7230735.0,5818911.0,6902490.0,6981755.0,5710470.0,7241372.0,5931949.0,6789421.0,7009695.0,10519.0,16734.0,23123.0,11419.0,4121.0,14952443.0,15931552.0,19254864.0,17556574.0,11745026.0,2886344688.0,2886995348.0,2886703416.0,2888712284.0,2887651976.0,17198766.0,16433253.0,21918956.0,18944474.0,11724374.0,2089915441.0,2486646581.0,1863329482.0,2376142613.0,2528525298.0,11064.0,14697.0,21197.0,14866.0,4784.0,4711020.0,5703385.0,5638599.0,5073700.0,4184178.0,9942783.0,9078228.0,13267952.0,11604285.0,6287263.0,4405.6894401167,4550.32102852,N/A
91,7640918234.0,8372820072.0,7843982882.0,8647452222.0,8525734307.0,1516248703.0,1650905640.0,1534575095.0,1680566581.0,1687449524.0,7256307.0,7419971.0,7554680.0,7366527.0,7278352.0,7187197.0,7499922.0,7554591.0,7358872.0,7330968.0,6889.0,8126.0,10293.0,6786.0,3866.0,15810120.0,18316523.0,20779704.0,20237934.0,13968429.0,2890007792.0,2890263429.0,2889147978.0,2890005409.0,2890464153.0,16381497.0,18614382.0,22089814.0,21456389.0,14359626.0,2314762464.0,2634105512.0,2418178745.0,2605741275.0,2644052117.0,5054.0,4894.0,8835.0,6236.0,2906.0,5146243.0,7067260.0,6264519.0,6295643.0,5467007.0,10686763.0,11191361.0,13931522.0,13365101.0,8332510.0,4402.9192226397,4456.1084801717,N/A
92,7733309557.0,8144274004.0,7307351228.0,7501939811.0,8171090062.0,1543976921.0,1575118561.0,1399520551.0,1462616756.0,1606961212.0,6658780.0,7294316.0,7034633.0,6567217.0,6891049.0,6671239.0,7281155.0,7039877.0,6577583.0,6904656.0,6846.0,4413.0,8878.0,5607.0,3772.0,16317649.0,17837267.0,21171290.0,20041892.0,13309083.0,2889684828.0,2889008597.0,2890027483.0,2690172206.0,2890350308.0,18440335.0,18614199.0,22577716.0,21642879.0,13867561.0,2334819254.0,2465421616.0,2248097292.0,2286539574.0,2489999360.0,4334.0,3939.0,6753.0,5016.0,2088.0,5484504.0,6993426.0,6516178.0,6383572.0,5361127.0,10834703.0,11155247.0,14536775.0,13626563.0,8124613.0,4406.3850878194,4552.3881426088,N/A
93,8225453329.0,8100934172.0,7755543074.0,6920239662.0,8093588621.0,1638090539.0,1587001971.0,1481222875.0,1369337598.0,1596242948.0,7010481.0,7178039.0,7346918.0,6188090.0,6961087.0,7088087.0,7187820.0,7256112.0,6186175.0,6958708.0,6810.0,5558.0,7916.0,4499.0,3868.0,17479754.0,18643220.0,21325746.0,20337659.0,13760964.0,2890929860.0,2889672301.0,2888042480.0,2490893433.0,2889636770.0,17944159.0,19548796.0,23391893.0,21985085.0,14567754.0,2621561829.0,2456237490.0,2254310551.0,2089193570.0,2468536285.0,4365.0,3477.0,6492.0,3926.0,2263.0,5846236.0,7191862.0,6810541.0,6550807.0,5619302.0,11370580.0,11700394.0,15243971.0,13835132.0,8501248.0,4404.2389711559,4550.7427604866,N/A
94,7751431766.0,7395159278.0,7472238627.0,7337605380.0,8551369601.0,1510810781.0,1464427365.0,1470662837.0,1456273565.0,1687693366.0,6562935.0,6636608.0,7293581.0,6465422.0,7349611.0,6558764.0,6638666.0,7373252.0,6467217.0,7418881.0,6914.0,4568.0,8889.0,5163.0,3712.0,16829195.0,18519444.0,21530521.0,20402767.0,14234790.0,2890770405.0,2491515561.0,2891510885.0,2491528149.0,2891187731.0,18674004.0,19135110.0,22712351.0,21925253.0,14758236.0,2290240707.0,2247654518.0,2365595430.0,2226694235.0,2629223103.0,4078.0,3794.0,7178.0,4664.0,2618.0,5637073.0,7160372.0,6509727.0,6607657.0,5682331.0,10936133.0,11271306.0,14737600.0,13818108.0,8677549.0,4405.2339087521,4551.4227975069,N/A
95,8087553242.0,6922014334.0,7303197582.0,6914985073.0,7904979903.0,1581616222.0,1368555151.0,1431760844.0,1371732093.0,1570798671.0,7154825.0,6570369.0,7062335.0,6196915.0,6896685.0,7154371.0,6567651.0,7075129.0,6204284.0,7420103.0,15882.0,17733.0,10589.0,7938.0,4342.0,16606747.0,17498456.0,20762182.0,19895013.0,13183258.0,2889740866.0,2489705853.0,2889961255.0,2490723060.0,2888901751.0,17678556.0,18676681.0,22330132.0,21393043.0,14183848.0,2416137186.0,2130297057.0,2263880238.0,2092819276.0,2498063574.0,8968.0,4788.0,10607.0,6459.0,2226.0,5338772.0,6894845.0,6370930.0,6377680.0,5275380.0,10894801.0,10859187.0,14560726.0,13547552.0,8125646.0,4405.2580116083,4550.6919222656,N/A
96,8527489427.0,6907589994.0,7302842991.0,6720444427.0,8011868139.0,1668989671.0,1368242844.0,1428685099.0,1337498469.0,1581853044.0,7169990.0,6375584.0,7153382.0,6162238.0,6999636.0,7174178.0,6333475.0,7150005.0,6108417.0,7009334.0,5435.0,4222.0,7407.0,4684.0,9269.0,17737297.0,18571367.0,21538749.0,20003167.0,14117232.0,2891438820.0,2489857587.0,2890398966.0,2491422725.0,2891110777.0,18074374.0,19265915.0,23243843.0,21713730.0,14651255.0,2444156287.0,2104666425.0,2354790940.0,2101369221.0,2437170776.0,5315.0,3598.0,6405.0,4194.0,2042.0,5758757.0,7111491.0,6483189.0,6645050.0,5364006.0,11470640.0,11364203.0,14670183.0,13884547.0,8457567.0,4403.4426906297,4549.6300031635,N/A
97,7916465382.0,7272845287.0,7731714548.0,7229864205.0,8445587906.0,1546216181.0,1448038281.0,1520931112.0,1442008801.0,1676022383.0,6544133.0,6629168.0,7527909.0,6487938.0,7305904.0,6526520.0,6630472.0,7461435.0,6625947.0,7311248.0,6614.0,4813.0,9599.0,4591.0,3790.0,16806028.0,18351703.0,21051820.0,20268761.0,14007085.0,2830851172.0,2490558854.0,2891151157.0,2490821334.0,2890910363.0,17791361.0,19225623.0,23788488.0,21831163.0,14734483.0,2574066287.0,2262878355.0,2122259193.0,2256687781.0,2628805024.0,7289.0,3091.0,7991.0,4515.0,2290.0,5709181.0,7159220.0,6616979.0,6451018.0,5523349.0,11450280.0,11514541.0,15035220.0,13919326.0,8637633.0,4405.5028663954,4552.3138554178,N/A
98,8380012123.0,5617163700.0,7404047194.0,7033622882.0,7802860397.0,1656205861.0,1123239278.0,1454878912.0,1396396697.0,1544984573.0,6825681.0,5435212.0,6956434.0,6148296.0,6618485.0,6810529.0,5473750.0,7031869.0,6171635.0,6638308.0,16317.0,12684.0,13692.0,8791.0,4288.0,13958479.0,15627122.0,17931220.0,16995990.0,11332545.0,2889188564.0,2534551636.0,2887968808.0,2489801464.0,2888255931.0,15051985.0,18257215.0,19577011.0,18297266.0,12421159.0,2494123437.0,1936220172.0,2317552494.0,2138974577.0,2442372318.0,14084.0,11467.0,14183.0,10582.0,1583.0,4734129.0,5882523.0,5514646.0,5245671.0,4462154.0,9420649.0,9604653.0,12826768.0,11507447.0,6618112.0,4282.8947442888,4414.1810429809,N/A
99,8719686725.0,8021915968.0,8054826738.0,7326248348.0,8175798597.0,1727107236.0,1595709922.0,1582494147.0,1462167978.0,1626582787.0,7171040.0,7059954.0,7455635.0,6779548.0,7082257.0,7456179.0,7106411.0,7445930.0,6738352.0,7157202.0,6711.0,3767.0,8371.0,4491.0,2971.0,15341375.0,17184023.0,19711867.0,18422512.0,13304906.0,2890422656.0,2679977977.0,2890311863.0,2491271627.0,2890939767.0,15881980.0,17879228.0,20873302.0,19876065.0,13888975.0,2696116485.0,2478617319.0,2470207275.0,2149638674.0,2619969459.0,3989.0,1903.0,5281.0,3301.0,1563.0,5185061.0,6650157.0,5986723.0,5837586.0,5040677.0,10287747.0,10751454.0,13704759.0,12327167.0,7693818.0,3677.9819600814,3822.9026495688,N/A
100,8086892917.0,7983406591.0,7308037220.0,6923715844.0,8604838568.0,1610467838.0,1579673301.0,1442942807.0,1379824315.0,1691616449.0,6730110.0,6978893.0,6932587.0,6127005.0,7177683.0,6787080.0,6992185.0,6957036.0,6170465.0,7103989.0,6172.0,3798.0,8579.0,4239.0,3603.0,14888187.0,16507255.0,19034114.0,18350123.0,12436476.0,2889858447.0,2889013674.0,2890177510.0,2491436261.0,2890445278.0,15948564.0,17353340.0,20673273.0,19828481.0,13332874.0,2542631084.0,2541020631.0,2326373623.0,2323269001.0,2602654224.0,6311.0,2852.0,6274.0,5585.0,2063.0,4797132.0,6168045.0,5908138.0,5774912.0,5071266.0,9919942.0,10049633.0,13380093.0,12011158.0,7593371.0,3678.5931179891,3825.3829718557,N/A
101,8285811191.0,6778365404.0,7492992659.0,6748885439.0,8333498412.0,1643021608.0,1338167699.0,1473687518.0,1347427094.0,1643476580.0,6951210.0,6166142.0,6965102.0,6005708.0,6958184.0,6797619.0,6195615.0,6950165.0,5976785.0,6964616.0,17153.0,10379.0,14475.0,10029.0,3810.0,13224249.0,15089438.0,17615904.0,16009541.0,11313043.0,2888219389.0,2883520139.0,2888806385.0,2489136242.0,2887700824.0,14141941.0,17673904.0,19025905.0,17961814.0,11780730.0,2504479712.0,2159731070.0,2292168630.0,2126263534.0,2527501548.0,14743.0,11179.0,12676.0,9178.0,1905.0,4166394.0,5484071.0,4991454.0,4943442.0,4554749.0,8893226.0,8678759.0,11615649.0,10932281.0,6474220.0,3677.2329635873,3823.4269888654,N/A
102,8653940629.0,8680111351.0,7907285415.0,7438740366.0,8819425710.0,1721641154.0,1727507993.0,1559025627.0,1482992554.0,1704248646.0,7265762.0,7562443.0,7368689.0,6504594.0,7314801.0,7269201.0,7562689.0,7369701.0,6508634.0,7319087.0,6222.0,6153.0,6901.0,4177.0,3540.0,15284759.0,17172232.0,19819352.0,18671222.0,13465093.0,2890951862.0,2889196110.0,2891435621.0,2511712850.0,2891383260.0,16001138.0,17928852.0,20889397.0,20133099.0,13800903.0,2717080462.0,2716101474.0,2465643787.0,2333202334.0,2685351971.0,3864.0,2265.0,6004.0,2688.0,1705.0,5112758.0,6639177.0,6172819.0,6191804.0,5286909.0,10450456.0,10634869.0,13601352.0,12657880.0,7996710.0,3676.5057207222,3822.831311158,N/A
103,8231430029.0,8140211434.0,7370998745.0,7356904077.0,8273577614.0,1628744863.0,1608069187.0,1457037281.0,1460946939.0,1604289416.0,6792554.0,7118776.0,6982906.0,6430237.0,6911966.0,6787416.0,7115763.0,6996649.0,6422927.0,6942931.0,6264.0,6561.0,6941.0,3931.0,3046.0,15045030.0,16755815.0,19091043.0,18421908.0,12802637.0,2890014015.0,2888789318.0,2888100806.0,2607220659.0,2889515779.0,16214063.0,17913970.0,20826532.0,19988211.0,13538198.0,2492728167.0,2543200892.0,2325295389.0,2234167408.0,2542308624.0,4015.0,2576.0,5919.0,3044.0,2937.0,4898294.0,6543409.0,5973952.0,5986023.0,5107671.0,9769705.0,10159850.0,13024111.0,12063752.0,7791588.0,3679.3488060795,3826.2385644093,N/A
104,8081723327.0,8189765135.0,6512629668.0,8209340895.0,8394368531.0,1601677635.0,1617386871.0,1302030182.0,1593945542.0,1653674208.0,6800977.0,7547446.0,6501828.0,6911861.0,7046149.0,6803083.0,7548642.0,6582275.0,6918415.0,7052933.0,6476.0,3852.0,7567.0,4140.0,3303.0,15077642.0,17080424.0,19049314.0,18355098.0,12708177.0,2890657179.0,2889872416.0,2712953973.0,2890186164.0,2890699295.0,16130351.0,17530273.0,20705095.0,19868516.0,13197353.0,2501570534.0,2514643734.0,2136520291.0,2514115107.0,2532203628.0,2914.0,2155.0,6281.0,3493.0,2739.0,5025195.0,6547374.0,6027850.0,5796360.0,5087064.0,10010898.0,10277068.0,12825535.0,11969186.0,7750189.0,3677.0625687231,3823.8896506907,N/A
105,8657840581.0,8873267291.0,8132621688.0,8804286372.0,8897053733.0,1719178076.0,1723388658.0,1552057885.0,1718058234.0,1752032514.0,7133158.0,7542078.0,7953879.0,7364457.0,7346228.0,7129332.0,7541035.0,7959451.0,7374826.0,7344813.0,5819.0,4911.0,7569.0,4651.0,4223.0,15490818.0,17658734.0,20016833.0,18808008.0,13210221.0,2891324703.0,2889689886.0,2891278748.0,2890795983.0,2890609927.0,16066816.0,18203827.0,20860557.0,19999177.0,13647038.0,2712483141.0,2717393996.0,2471313132.0,2703225579.0,2719991955.0,3904.0,2556.0,5642.0,4030.0,1913.0,5018343.0,6696133.0,6289922.0,6217461.0,5163587.0,10003752.0,10516149.0,13585168.0,12890115.0,7876997.0,3679.0844185654,3824.3109308552,N/A
106,8401493036.0,8292927769.0,7626372624.0,8284147432.0,8455134507.0,1658487287.0,1630332928.0,1478832002.0,1631623914.0,1671507848.0,6990350.0,7270056.0,6989900.0,6942779.0,7338602.0,6992165.0,7284561.0,6993887.0,6936166.0,7347853.0,44133.0,17394.0,27293.0,20569.0,3806.0,13393105.0,15555690.0,18055782.0,16875323.0,11448579.0,2889356928.0,2888303387.0,2889746003.0,2889381117.0,2889607724.0,14068707.0,15878244.0,19616761.0,18469542.0,12313818.0,2577366044.0,2546554693.0,2335251532.0,2501697980.0,2579391859.0,37817.0,18376.0,30162.0,20916.0,2792.0,4432784.0,5880644.0,5341857.0,5394855.0,4529126.0,9009464.0,9413690.0,12278689.0,11618307.0,6873577.0,3677.5449514111,3825.9393737425,N/A
107,8248229137.0,8287422247.0,7577290667.0,8226741122.0,8262326857.0,1597022170.0,1638921390.0,1469796458.0,1626092879.0,1628684653.0,6699256.0,7103437.0,6954796.0,7310562.0,7099409.0,6718197.0,7122088.0,6941885.0,7276467.0,7032856.0,12204.0,9963.0,13176.0,10361.0,7072.0,14834940.0,16161769.0,19118553.0,17403529.0,12174755.0,2889929456.0,2888739293.0,2890489046.0,2889668651.0,2890384630.0,15473773.0,16708055.0,20407972.0,19031061.0,12467004.0,2538619664.0,2502026948.0,2279886487.0,2500806968.0,2505141986.0,11742.0,7987.0,10233.0,7312.0,3408.0,4867883.0,6324349.0,5813539.0,5720196.0,4887563.0,9656573.0,10098144.0,13116030.0,12178536.0,7309691.0,3677.700257218,3824.0099175707,N/A
108,8604751244.0,8605260433.0,7705348198.0,8607312396.0,8450752248.0,1685614910.0,1703047057.0,1483168000.0,1707568096.0,1678808723.0,7432259.0,7661612.0,7364108.0,7528568.0,7355116.0,7435663.0,7667023.0,7291465.0,7517800.0,7362415.0,9875.0,5552.0,11948.0,6702.0,4387.0,17534146.0,18960390.0,21590920.0,21503913.0,14011788.0,2890728885.0,2889030968.0,2888243869.0,2890494842.0,2889217836.0,17958771.0,19764621.0,23739423.0,23172770.0,14981722.0,2627038727.0,2607023675.0,2280113041.0,2606802352.0,2659022693.0,7653.0,4587.0,8898.0,5848.0,2276.0,5705896.0,7236081.0,6644341.0,6939700.0,5690533.0,11842085.0,11693050.0,15362570.0,14983278.0,8752381.0,3912.7226300466,4087.4628031605,N/A
109,6657606698.0,8015470782.0,7236688391.0,7945706087.0,8139268600.0,1309757805.0,1587916355.0,1414898143.0,1578369599.0,1603959788.0,6198899.0,7621963.0,7529087.0,7079504.0,7035686.0,6221322.0,7555496.0,7556229.0,7028471.0,7092293.0,13396.0,15800.0,14315.0,15382.0,3591.0,16868025.0,18115296.0,21729120.0,20013962.0,13494934.0,2887095518.0,2886540030.0,2890006097.0,2888709981.0,2889881104.0,19186874.0,18667921.0,23195715.0,22067950.0,13806438.0,1978973716.0,2435035602.0,2200185596.0,2441540846.0,2467340870.0,11291.0,10646.0,12318.0,8582.0,2278.0,5631070.0,6991389.0,6312722.0,6401844.0,5114594.0,11554518.0,11218246.0,14960720.0,14301606.0,8085703.0,5070.0860345689,5215.5133375927,N/A
110,8306759545.0,8254360290.0,7539238037.0,8309919745.0,8355315100.0,1640045675.0,1647204503.0,1479658775.0,1656779263.0,1656834246.0,7030436.0,7714706.0,7612173.0,7415346.0,7328088.0,7033023.0,7585518.0,7561788.0,7417263.0,7333582.0,6202.0,4447.0,8937.0,5416.0,3728.0,19036544.0,20300340.0,23636675.0,22343607.0,15019972.0,2891382456.0,2890148530.0,2891316845.0,2890782978.0,2890678044.0,19845671.0,21461484.0,25026154.0,23983520.0,15769980.0,2544788123.0,2583631629.0,2321576539.0,2608222353.0,2603183180.0,5358.0,2899.0,7011.0,5042.0,1713.0,6415906.0,7934506.0,7377256.0,7023852.0,5901563.0,12870939.0,12761924.0,16644566.0,15306223.0,9214342.0,5067.7248547427,5211.8622554934,N/A
111,6359138963.0,7511324227.0,6899795252.0,7281603052.0,7214243813.0,1230237382.0,1506556021.0,1365591217.0,1473163516.0,1433302930.0,5516599.0,7075949.0,6814754.0,6856758.0,6402663.0,5385950.0,6852206.0,6830187.0,6714187.0,6444592.0,13536.0,14220.0,16377.0,12644.0,3586.0,14970432.0,15850064.0,19100313.0,18540018.0,11421825.0,2884452045.0,2883429607.0,2887222653.0,2875946744.0,2881962130.0,17881580.0,17098299.0,20988372.0,20645827.0,12512904.0,1795968775.0,2406948960.0,2053038086.0,2452613389.0,2180102493.0,13311.0,15124.0,12637.0,13839.0,3397.0,5102443.0,6108291.0,5661610.0,5463130.0,4538516.0,10476899.0,10465789.0,14171774.0,13256278.0,6770690.0,5069.9181423176,5215.5536306447,N/A
112,8185785579.0,7733669981.0,7039322104.0,7594275215.0,7933011012.0,1622048428.0,1541351889.0,1379496407.0,1521888416.0,1566882079.0,7065436.0,7346133.0,7230564.0,7047757.0,6989637.0,7014519.0,7245564.0,7234787.0,7071845.0,6978710.0,6483.0,3571.0,8169.0,4931.0,3939.0,18984401.0,19840400.0,23355811.0,21978753.0,14703324.0,2891317869.0,2890281836.0,2890125542.0,2849278359.0,2890466195.0,19777391.0,21090388.0,25060512.0,23397271.0,15517794.0,2475878143.0,2435179197.0,2315982520.0,2389050120.0,2417568753.0,4875.0,2584.0,6030.0,3952.0,2173.0,6146624.0,7286590.0,7033669.0,6800790.0,5593918.0,12501734.0,12128726.0,16298340.0,14965586.0,8376722.0,5066.5868604063,5096.7244603868,N/A
113,7181442516.0,8288860660.0,7156135554.0,8318642595.0,7788568280.0,1431267096.0,1651366267.0,1412890161.0,1653645885.0,1547252161.0,6558856.0,7571947.0,7683340.0,7393638.0,7340557.0,6434173.0,7575798.0,7686560.0,7403661.0,7347418.0,6064.0,4254.0,11269.0,6434.0,3906.0,18324848.0,19993159.0,22655286.0,21609112.0,14803206.0,2890652268.0,2891337217.0,2818297911.0,2889639847.0,2673278833.0,19636159.0,20358000.0,24703731.0,23592308.0,15201794.0,2330725956.0,2570316882.0,2114489629.0,2613522847.0,2312374242.0,7062.0,4490.0,7660.0,5958.0,2038.0,5989010.0,7380774.0,6665543.0,6640801.0,5883667.0,12258427.0,12142324.0,16048464.0,14657106.0,8798469.0,5069.2163670451,5214.8832719983,N/A
114,7941122032.0,7927796360.0,7165892784.0,8000773450.0,8186132071.0,1573516738.0,1574315165.0,1405981819.0,1588397099.0,1614729593.0,6834760.0,7205741.0,7073305.0,7096696.0,7020819.0,6713541.0,7210057.0,7098132.0,7070155.0,7015754.0,14964.0,9801.0,12928.0,10119.0,3476.0,16475581.0,17519498.0,21136261.0,19722758.0,12957473.0,2888410693.0,2888267388.0,2889586928.0,2888845877.0,2888517791.0,17841254.0,18676315.0,23220344.0,21775858.0,13623375.0,2410111999.0,2402004696.0,2200969849.0,2436275341.0,2499568702.0,12217.0,9428.0,15603.0,11279.0,2266.0,5388887.0,6624800.0,6170641.0,5966438.0,5245847.0,11500748.0,10731420.0,14624784.0,13616670.0,7474405.0,5071.5191075028,5218.4798815125,N/A
115,8125666324.0,8331722403.0,7443357572.0,8317801086.0,8423828518.0,1619665043.0,1658303274.0,1463838795.0,1658897865.0,1634609452.0,7219590.0,7595561.0,7572744.0,7427253.0,7244221.0,7237915.0,7579375.0,7562148.0,7426810.0,7325119.0,6551.0,4986.0,9313.0,6872.0,4385.0,18899917.0,19927676.0,23302140.0,21946241.0,15089420.0,2890786999.0,2888882036.0,2890969228.0,2889891365.0,2890336016.0,19534338.0,21102816.0,25005112.0,23690959.0,15635897.0,2536423293.0,2568080877.0,2320943002.0,2601406289.0,2611628212.0,5152.0,2376.0,6168.0,5726.0,2566.0,6341503.0,7761869.0,7047638.0,7095090.0,6010648.0,12898931.0,12575322.0,16224131.0,15163977.0,9029582.0,5068.8210954835,5208.2102608688,N/A
116,7982522933.0,7916586984.0,7062283401.0,7972734160.0,8342285313.0,1583723898.0,1571144154.0,1393884206.0,1587737498.0,1608587011.0,6817491.0,7203861.0,7035092.0,7101000.0,7016758.0,6813211.0,7184157.0,7056900.0,7117870.0,6974127.0,36205.0,18576.0,31122.0,17137.0,3557.0,16635790.0,17784713.0,21243384.0,20609494.0,13319285.0,2888784871.0,2887853237.0,2889317827.0,2889249818.0,2889049913.0,17812291.0,18645668.0,23204716.0,22414764.0,13887271.0,2428490515.0,2464318555.0,2228343018.0,2450469559.0,2488047690.0,35597.0,17077.0,24571.0,15091.0,2339.0,5308300.0,6969877.0,6342384.0,6383695.0,5408414.0,11211245.0,10949511.0,14766695.0,13665708.0,8043998.0,5068.9045719217,5215.6218443083,N/A
117,7582499397.0,6920576311.0,7083760003.0,8020301511.0,7828153990.0,1506503476.0,1362501010.0,1387534050.0,1569138850.0,1538587148.0,6862977.0,6614324.0,7167413.0,7054848.0,6757550.0,6869058.0,6590565.0,7168742.0,7053849.0,6752639.0,13171.0,11224.0,13224.0,9259.0,3206.0,17709624.0,19056296.0,22063179.0,20943347.0,13645922.0,2890118617.0,2887371438.0,2889971390.0,2890331454.0,2889056695.0,19071813.0,21613672.0,24418746.0,22525224.0,14247038.0,2387854248.0,2103911234.0,2166513359.0,2444960996.0,2481275807.0,10039.0,7877.0,12828.0,7139.0,2904.0,5803974.0,7204813.0,6758634.0,6470146.0,5295743.0,11677314.0,11274005.0,15246308.0,13999386.0,8109845.0,5062.483398864,5205.6492423264,N/A
118,8198288351.0,8430182240.0,7368964921.0,8482581101.0,8553955541.0,1628799080.0,1641550378.0,1420891424.0,1657350582.0,1684048968.0,7211398.0,7589818.0,7831324.0,7464897.0,7762649.0,7217470.0,7585794.0,7836858.0,7471134.0,7759327.0,8078.0,6078.0,10847.0,5482.0,3329.0,18712957.0,20545949.0,23874815.0,22920723.0,15182506.0,2889892960.0,2889005309.0,2888463079.0,2890857593.0,2890467495.0,19443633.0,21105325.0,24788032.0,24300310.0,15741035.0,2566953621.0,2576886950.0,2318272028.0,2595975035.0,2577816300.0,7708.0,3578.0,8563.0,5174.0,2263.0,6035880.0,7673906.0,7148171.0,7170719.0,5983963.0,12209315.0,12064312.0,16400467.0,15664309.0,9281974.0,5115.7199296757,5267.3240185748,N/A
119,7808986187.0,7453641765.0,7143280994.0,8135780578.0,7071933497.0,1544897743.0,1465435694.0,1390602309.0,1611492492.0,1394463134.0,6771967.0,6989589.0,7397269.0,7197765.0,6321878.0,6767538.0,7063678.0,7401174.0,7196881.0,6351849.0,14324.0,12201.0,13979.0,12193.0,3456.0,17562701.0,18900459.0,22618477.0,20546432.0,13607225.0,2889663356.0,2888616769.0,2889446559.0,2888666908.0,2888340776.0,18468778.0,19341668.0,24366432.0,22060615.0,15978412.0,2426839796.0,2414391583.0,2174663482.0,2409768134.0,2181683558.0,11917.0,7803.0,14776.0,8309.0,3263.0,5821224.0,7148550.0,6435250.0,6586804.0,5196729.0,11732094.0,11599833.0,15428171.0,14638587.0,7835814.0,5355.6671401047,5502.5402756504,N/A
120,8237359412.0,7882177974.0,7172836452.0,7865931173.0,7895432000.0,1597026013.0,1559831164.0,1384559641.0,1561254625.0,1556847860.0,7052512.0,7199239.0,7263397.0,7024439.0,6947297.0,7057170.0,7191387.0,7282144.0,7035299.0,6890236.0,6995.0,6112.0,9334.0,6568.0,4207.0,19749312.0,20017540.0,24247843.0,22233238.0,14718953.0,2890750268.0,2889421158.0,2891485329.0,2889760724.0,2890151529.0,20169985.0,21118302.0,25590420.0,24205637.0,15516394.0,2505868307.0,2479612816.0,2298829501.0,2396575002.0,2410648469.0,5918.0,3377.0,8982.0,5501.0,2050.0,6577505.0,8032652.0,7436188.0,7032213.0,6050380.0,12948901.0,12932290.0,17128539.0,15401982.0,9055147.0,5355.2214344834,5499.0592821321,N/A
121,7979537837.0,8462469615.0,7549532178.0,8173014503.0,8219103143.0,1560564940.0,1674495865.0,1481109458.0,1625389129.0,1623965398.0,6740693.0,7521215.0,7736778.0,7257734.0,7144445.0,6742299.0,7506800.0,7687149.0,7283061.0,7630096.0,15417.0,9093.0,14522.0,8875.0,5054.0,17622678.0,18680889.0,21366925.0,21287646.0,13449015.0,2889207322.0,2887096534.0,2889835871.0,2787808814.0,2888889051.0,18583645.0,19508217.0,23436720.0,22941229.0,14342947.0,2417612174.0,2505784505.0,2159124575.0,2524471708.0,2641599854.0,13734.0,9441.0,13256.0,8894.0,2188.0,5581805.0,6962697.0,6573172.0,6616177.0,5490301.0,11668675.0,11094733.0,15703671.0,14712707.0,8368492.0,5357.4677623774,5503.301674554,N/A
122,6606821298.0,7989940341.0,7172326170.0,7605373427.0,7412519494.0,1302994963.0,1578675058.0,1397989820.0,1523132763.0,1473008722.0,5901545.0,7212993.0,7096460.0,7034947.0,6557987.0,5905677.0,7148559.0,7111397.0,6977927.0,6649578.0,12345.0,11219.0,12860.0,9677.0,3846.0,17101274.0,17810564.0,21886742.0,20896726.0,13142683.0,2888065823.0,2886803844.0,2889990168.0,2888975615.0,2717898938.0,21186510.0,19362088.0,23306647.0,22872811.0,13961804.0,2051757158.0,2417000180.0,2164931694.0,2424040657.0,2285426380.0,11918.0,10905.0,14501.0,12684.0,2085.0,5770049.0,7254531.0,6654655.0,6218423.0,5379407.0,11953437.0,11646385.0,15660469.0,14458159.0,8223729.0,5353.8578463798,5487.7760778035,N/A
123,7970276057.0,7994176049.0,7534862890.0,7856546023.0,8275033829.0,1570590625.0,1577147238.0,1475515407.0,1588267392.0,1614585336.0,7401481.0,7512949.0,7643226.0,7226504.0,7084371.0,7360372.0,7145864.0,8005083.0,7689828.0,6972097.0,6813.0,4536.0,8693.0,5402.0,3324.0,19206450.0,19883095.0,23875934.0,22853728.0,14411548.0,2890365631.0,2890911633.0,2891052065.0,2890233727.0,2889574190.0,20075394.0,21756554.0,25479781.0,24765005.0,16001256.0,2533215140.0,2566855887.0,2301104271.0,2579135479.0,2588624916.0,4789.0,3548.0,7382.0,3039.0,6752.0,6559423.0,7877417.0,7355027.0,7067143.0,6111627.0,13179417.0,12970042.0,17004025.0,15685783.0,9354339.0,5356.8090925609,5500.4206681551,N/A
124,7463616019.0,7920019207.0,7049702287.0,7915334268.0,8007458928.0,1470046367.0,1562423667.0,1385309166.0,1553615821.0,1585369065.0,6351818.0,7219133.0,7482668.0,7050999.0,6960529.0,6280510.0,7266384.0,7138004.0,7039843.0,6968512.0,33015.0,20347.0,26619.0,18061.0,4309.0,16836863.0,18233346.0,21215087.0,21124633.0,13323480.0,2889032261.0,2890688175.0,2887467927.0,2889388991.0,2888983013.0,18485946.0,19568430.0,22450573.0,22723155.0,14493676.0,2402841299.0,2419035920.0,2045483057.0,2429966306.0,2493210816.0,35128.0,16744.0,24564.0,18821.0,2836.0,5774128.0,6862973.0,6437758.0,6366960.0,5242746.0,12076632.0,11588477.0,15710310.0,14686570.0,7695138.0,5350.6436075795,5463.6442236387,N/A
125,7499572837.0,7758844921.0,7036249183.0,7680310981.0,7941305723.0,1492766861.0,1546231177.0,1378723523.0,1536583196.0,1570734110.0,6676416.0,7376032.0,7252627.0,7036610.0,6990544.0,6643752.0,7370119.0,7258214.0,7033854.0,7026233.0,8027.0,6983.0,10083.0,7494.0,3100.0,19229283.0,19817678.0,23371561.0,22063049.0,14619782.0,2890442564.0,2889410832.0,2889965489.0,2889606627.0,2890324634.0,20727033.0,20908949.0,25291587.0,24440450.0,15286866.0,2371362128.0,2395635492.0,2314690300.0,2425761520.0,2411668497.0,4850.0,3905.0,9127.0,5352.0,2004.0,6506871.0,7809456.0,7138190.0,6859760.0,5886471.0,13013762.0,12906661.0,17019811.0,15061059.0,8777834.0,5356.0941724241,5499.9586060818,N/A
126,7700210709.0,8284743870.0,7491878633.0,8392730690.0,8452779868.0,1534446603.0,1651076016.0,1472545244.0,1673167821.0,1672095010.0,6757540.0,7589926.0,7937915.0,7493084.0,7371516.0,6805627.0,7601475.0,7950632.0,7491404.0,7371429.0,11165.0,7806.0,12548.0,7369.0,5545.0,17526288.0,18863799.0,22637925.0,21594088.0,13989429.0,2889484457.0,2888699061.0,2890865672.0,2888873962.0,2889869309.0,18802016.0,19960340.0,24941193.0,23356102.0,14492005.0,2372043773.0,2600552223.0,2200722844.0,2614730470.0,2656934766.0,10378.0,8240.0,12145.0,6670.0,2613.0,5690346.0,7097713.0,6511872.0,6551045.0,5649321.0,12033964.0,11426387.0,15551217.0,14742427.0,8589062.0,5353.9578491177,5500.3020154201,N/A
127,7820561175.0,6583919208.0,7016876953.0,7962194341.0,8179597656.0,1544210661.0,1314722608.0,1373544682.0,1582451852.0,1590308857.0,6753618.0,6415023.0,7155597.0,7172155.0,7021722.0,6740728.0,6399832.0,7143542.0,7155556.0,7030040.0,12450.0,9270.0,13348.0,7685.0,3566.0,18055831.0,18669735.0,22413877.0,20938408.0,13885878.0,2890506203.0,2885111181.0,2889230424.0,2889238671.0,2889184954.0,19269634.0,21679084.0,24470990.0,22811150.0,14857616.0,2362266347.0,2048052486.0,2182244815.0,2429368054.0,2478045424.0,12065.0,9240.0,10339.0,6177.0,2793.0,5950070.0,7089004.0,6469342.0,6532157.0,5545182.0,12444631.0,11483622.0,15516305.0,14306958.0,7934041.0,5357.7119764019,5501.106128211,N/A
128,7320273873.0,7663606884.0,6792615323.0,7846894679.0,8002837100.0,1457823839.0,1529926327.0,1329858138.0,1571597717.0,1547794082.0,6966567.0,7968706.0,7648508.0,7780868.0,7339816.0,6981214.0,7973786.0,7652011.0,7779421.0,7337123.0,8422.0,5542.0,10363.0,6698.0,14821.0,24652671.0,25236159.0,29979408.0,29235073.0,18801851.0,2890105177.0,2890184469.0,2890985198.0,2890723986.0,2891147484.0,25949389.0,26566486.0,32074309.0,31047787.0,19282909.0,2301117186.0,2366349110.0,2102789817.0,2458744011.0,2430566608.0,5752.0,3864.0,10042.0,4415.0,2563.0,8128059.0,9776380.0,8707739.0,8860996.0,7377719.0,16797588.0,15782851.0,21155538.0,20158595.0,11139888.0,5840.9853681135,6049.4468813872,N/A
129,7367414665.0,7537157001.0,6650903005.0,7878463272.0,7873697872.0,1462214023.0,1495792758.0,1296840814.0,1552982030.0,1535876019.0,6801788.0,7331040.0,6976247.0,7425965.0,6926276.0,6791567.0,7263296.0,6989566.0,7439726.0,6959328.0,36375.0,20789.0,28527.0,20091.0,4692.0,22608135.0,21708672.0,27246630.0,26268088.0,15653344.0,2889270079.0,2885964778.0,2885441250.0,2889506878.0,2888365581.0,23726294.0,23439020.0,29901178.0,27989769.0,16648329.0,2259609599.0,2197658113.0,2072697065.0,2422265680.0,2411121996.0,39577.0,24733.0,28265.0,26507.0,3126.0,6877033.0,8298095.0,7760216.0,7407970.0,6330050.0,14897502.0,13127507.0,19419165.0,17823380.0,9179553.0,8203.3466071972,8344.4224688542,N/A
130,7142667535.0,7334923952.0,6822911427.0,7918979864.0,8002532025.0,1422154006.0,1432677611.0,1317091016.0,1547902379.0,1572455094.0,7034359.0,7432079.0,7736829.0,7680544.0,7528759.0,7034953.0,7436371.0,7737267.0,7671265.0,7528081.0,6630.0,4316.0,10639.0,6152.0,3031.0,26173066.0,26101343.0,31612479.0,29292583.0,18759757.0,2891187168.0,2741670267.0,2891279920.0,2890514853.0,2891262527.0,27004614.0,26495358.0,33141286.0,30939446.0,19425332.0,2225629930.0,2130711590.0,2077731568.0,2422761453.0,2413379806.0,5601.0,6713.0,9518.0,5102.0,3154.0,8412837.0,9735186.0,9105804.0,8932148.0,7387894.0,17366737.0,15854283.0,21416979.0,20520178.0,11239171.0,8197.6560027185,8335.5195969806,N/A
131,7163235549.0,7652797446.0,6853552727.0,8011816229.0,7338560999.0,1424570190.0,1501937898.0,1307630664.0,1578829523.0,1447509046.0,6941638.0,7686311.0,7786300.0,7728933.0,6882525.0,6948597.0,7736615.0,7742030.0,7726118.0,6880926.0,6702.0,4406.0,10903.0,6334.0,4346.0,26485441.0,26097569.0,31602238.0,29483630.0,18337357.0,2890915381.0,2890320134.0,2891695856.0,2890886412.0,2706374290.0,27082371.0,27166256.0,33196150.0,31428827.0,19317194.0,2243235718.0,2353460671.0,2077588716.0,2432057404.0,2273062130.0,6865.0,3788.0,9223.0,6468.0,3388.0,8762496.0,9910805.0,9126388.0,8995982.0,7484672.0,17330988.0,16280003.0,22362651.0,20711536.0,11270472.0,8203.2541980712,8346.7255980344,N/A
132,7406096364.0,7789890166.0,6688656917.0,7956648523.0,7972649832.0,1459830604.0,1545653757.0,1282316136.0,1591361625.0,1576112359.0,6995361.0,7777978.0,7556411.0,7940690.0,7395047.0,6995122.0,7762733.0,7594017.0,7946226.0,7391516.0,7570.0,6506.0,11553.0,7893.0,3761.0,24758806.0,24527125.0,31018686.0,28162269.0,17738625.0,2889626826.0,2888277632.0,2890528173.0,2889701247.0,2890058110.0,25509166.0,25333695.0,32067666.0,30324916.0,18535140.0,2232778962.0,2373741415.0,2122171859.0,2363394321.0,2477064225.0,7534.0,5577.0,11581.0,7005.0,4461.0,8283706.0,9552661.0,8605938.0,8420251.0,7126570.0,16523215.0,15522808.0,21342311.0,20055565.0,10875941.0,8201.6082433439,8302.0124984076,N/A
133,7295141235.0,7715195488.0,6829213308.0,7964558066.0,7916811495.0,1423084127.0,1531867492.0,1328890523.0,1583939276.0,1560468903.0,6952136.0,7705254.0,7690551.0,7721569.0,7401524.0,6975201.0,7706468.0,7684071.0,7720114.0,7350550.0,8410.0,5387.0,11030.0,6030.0,3872.0,26615589.0,25751197.0,30696626.0,29330688.0,18801381.0,2891010833.0,2889628468.0,2891161209.0,2891105073.0,2891156062.0,27175965.0,26890486.0,32840047.0,31553027.0,19654924.0,2221684733.0,2338536461.0,2081875243.0,2422131138.0,2418081949.0,6289.0,3473.0,9634.0,5766.0,2395.0,8709418.0,9904724.0,9266506.0,8953023.0,7459157.0,17805460.0,16199708.0,22523246.0,20472083.0,11446019.0,8200.2974279342,8316.8253974739,N/A
134,7300601800.0,7715269543.0,6800243922.0,7893290849.0,7766319020.0,1434488819.0,1532546823.0,1322373618.0,1577448332.0,1539143959.0,7053205.0,7775491.0,7671713.0,7785007.0,7330608.0,7054564.0,7784542.0,7653537.0,7795569.0,7392882.0,6391.0,6453.0,16860.0,5482.0,4622.0,26697214.0,26055647.0,31367290.0,29453228.0,18754330.0,2890925409.0,2889425532.0,2888835054.0,2891457385.0,2890844882.0,27344423.0,27081092.0,33292988.0,31530155.0,19624589.0,2227932803.0,2353598807.0,2091120980.0,2444366600.0,2449026026.0,5932.0,4100.0,9010.0,5278.0,2137.0,8668506.0,9861821.0,9263177.0,9062105.0,7437125.0,17733412.0,16156697.0,22513649.0,20688649.0,11404805.0,8203.9946631134,8346.4656366499,N/A
135,7298017518.0,7640031740.0,6818367394.0,7868903435.0,7883676734.0,1443645984.0,1520669191.0,1326415958.0,1572133741.0,1555092931.0,6925133.0,7780648.0,7830578.0,7771395.0,7394379.0,6926027.0,7726665.0,7790323.0,7716078.0,7398196.0,6707.0,5061.0,10393.0,5896.0,3541.0,26163327.0,25934275.0,31645358.0,29404060.0,19022375.0,2891031824.0,2890549582.0,2890944113.0,2891410311.0,2891320542.0,27033577.0,26796535.0,33217018.0,31567977.0,19426054.0,2222229093.0,2338819999.0,2074570186.0,2413502408.0,2426718105.0,6452.0,4215.0,9512.0,4645.0,2237.0,8815620.0,9953156.0,9270047.0,8923711.0,7339540.0,17892184.0,16402976.0,22438435.0,20600408.0,11540261.0,8203.3046710169,8346.3753250664,N/A
136,7302827581.0,7561937527.0,6670614742.0,7812636959.0,7779407371.0,1444422394.0,1509678595.0,1303849864.0,1565483330.0,1540217878.0,6906379.0,7874047.0,7704059.0,7731002.0,7657996.0,6907586.0,7852024.0,7716444.0,7789762.0,7665648.0,6381.0,5516.0,10501.0,5801.0,3801.0,26171697.0,25853102.0,31427526.0,29135962.0,18821424.0,2891299907.0,2890301821.0,2891349937.0,2890851418.0,2891445425.0,27175676.0,26805588.0,33235199.0,31382481.0,19724784.0,2219473088.0,2343713146.0,2081524441.0,2427666843.0,2412867123.0,5763.0,3612.0,9346.0,4526.0,2239.0,8755652.0,9767664.0,9231289.0,8901959.0,7364403.0,17795426.0,16242010.0,22111525.0,20734424.0,11234038.0,8196.3415816257,8339.3705712452,N/A
137,7327369443.0,7624250217.0,6658683528.0,7895139624.0,7787541338.0,1451897640.0,1521451972.0,1302774272.0,1576167614.0,1542337403.0,6999161.0,7755610.0,7716738.0,7782245.0,7491726.0,6962086.0,7811519.0,7779499.0,7778549.0,7496553.0,6632.0,4334.0,10164.0,5031.0,3331.0,26416918.0,25881984.0,31618163.0,29041290.0,18747744.0,2891047745.0,2889553747.0,2890681949.0,2890888220.0,2890999996.0,27145999.0,26917965.0,33175977.0,31376805.0,19622774.0,2222859893.0,2338862317.0,2100709625.0,2416709167.0,2446280179.0,5957.0,8490.0,8727.0,4098.0,2676.0,8737240.0,9585789.0,8960748.0,8784712.0,7316473.0,17677298.0,16266392.0,22405592.0,20844249.0,11095672.0,8205.1120531676,8348.7835942046,N/A
138,7825657043.0,8076631560.0,7277984004.0,8154348920.0,8290152892.0,1556380305.0,1610152181.0,1427821760.0,1627199608.0,1636118196.0,7122212.0,7601022.0,7686116.0,7455715.0,7339304.0,6976537.0,7603900.0,7688827.0,7458265.0,7340364.0,6169.0,4201.0,9463.0,6323.0,3054.0,21099055.0,22006496.0,25693288.0,23840174.0,16013391.0,2891004671.0,2889310485.0,2891230742.0,2890735418.0,2891181366.0,21870598.0,22637347.0,27293617.0,25841727.0,16720716.0,2433066436.0,2518859476.0,2244796920.0,2519834933.0,2558828462.0,4625.0,3785.0,8225.0,3513.0,2000.0,7075283.0,8207964.0,7503483.0,7311164.0,6357360.0,14290520.0,13469070.0,18128023.0,15916676.0,9561586.0,7767.5168118548,7852.7623680001,N/A
