,,SKT0,SKT0,SKT0,SKT0,SKT0,SKT0,SKT0,SKT0,SKT0,SKT0,SKT0,SKT0,SKT1,SKT1,SKT1,SKT1,SKT1,SKT1,SKT1,SKT1,SKT1,SKT1,SKT1,SKT1,System,System,System
Date,Time,Ch0Read,Ch0Write,Ch1Read,Ch1Write,Ch2Read,Ch2Write,Ch3Read,Ch3Write,Mem Read (MB/s),Mem Write (MB/s),P. Write (T/s),Memory (MB/s),Ch0Read,Ch0Write,Ch1Read,Ch1Write,Ch2Read,Ch2Write,Ch3Read,Ch3Write,Mem Read (MB/s),Mem Write (MB/s),P. Write (T/s),Memory (MB/s),Read,Write,Memory
2024-02-22,23:47:32.002,    4.35,    1.17,   22.32,   11.10,,,,,   26.67,   12.27,    105430,   38.94,    7.63,    8.06,   10.98,   11.38,,,,,   18.61,   19.44,     52714,   38.05,     45.28,     31.71,     76.99
2024-02-22,23:47:33.003,    3.65,    0.92,   20.18,    9.94,,,,,   23.83,   10.87,    104933,   34.70,    4.30,    2.64,    7.59,    5.96,,,,,   11.89,    8.60,     52463,   20.49,     35.72,     19.47,     55.19
2024-02-22,23:47:34.003,    3.16,    0.66,   18.09,    8.78,,,,,   21.25,    9.44,    104823,   30.69,    3.80,    2.24,    7.07,    5.56,,,,,   10.86,    7.80,     52407,   18.67,     32.11,     17.24,     49.35
2024-02-22,23:47:35.003,    3.82,    0.90,   21.19,   10.28,,,,,   25.01,   11.18,    104928,   36.19,    3.60,    1.81,    6.89,    5.14,,,,,   10.48,    6.95,     52456,   17.43,     35.49,     18.13,     53.63
2024-02-22,23:47:36.003,    5.50,    1.22,   27.64,   12.87,,,,,   33.14,   14.10,    104826,   47.24,    3.18,    1.76,    6.48,    5.09,,,,,    9.67,    6.85,     52403,   16.51,     42.81,     20.94,     63.75
2024-02-22,23:47:37.004,    3.96,    1.13,   21.55,   10.72,,,,,   25.51,   11.86,    104935,   37.37,    4.26,    1.82,    7.53,    5.12,,,,,   11.79,    6.94,     52455,   18.73,     37.30,     18.80,     56.10
2024-02-22,23:47:38.003,    3.55,    0.99,   19.89,    9.87,,,,,   23.44,   10.87,    104820,   34.30,    3.13,    1.34,    6.40,    4.66,,,,,    9.53,    6.00,     52406,   15.53,     32.96,     16.87,     49.83
2024-02-22,23:47:39.004,    5.81,    2.77,   27.78,   14.89,,,,,   33.60,   17.67,    104933,   51.26,    7.20,    2.75,   10.48,    6.08,,,,,   17.68,    8.83,     52464,   26.51,     51.27,     26.50,     77.77
2024-02-22,23:47:40.004,   23.15,   13.85,   92.37,   50.66,,,,,  115.52,   64.51,    104922,  180.04,   23.83,   12.85,   26.53,   16.12,,,,,   50.35,   28.97,     52441,   79.32,    165.88,     93.48,    259.36
2024-02-22,23:47:41.004,    4.37,    1.76,   22.83,   11.97,,,,,   27.20,   13.73,    104936,   40.92,    4.93,    2.34,    8.23,    5.65,,,,,   13.16,    7.99,     52459,   21.15,     40.36,     21.71,     62.07
2024-02-22,23:47:42.004,    3.32,    1.08,   18.87,    9.55,,,,,   22.20,   10.64,    104823,   32.84,    3.86,    1.77,    7.14,    5.13,,,,,   11.01,    6.90,     52410,   17.91,     33.20,     17.54,     50.74
2024-02-22,23:47:43.005,    3.78,    1.09,   20.70,   10.33,,,,,   24.48,   11.42,    104931,   35.91,    3.98,    1.75,    7.27,    5.07,,,,,   11.25,    6.82,     52456,   18.07,     35.74,     18.24,     53.98
2024-02-22,23:47:44.004,    3.24,    0.90,   18.43,    9.19,,,,,   21.67,   10.10,    104823,   31.77,    3.55,    1.74,    6.85,    5.07,,,,,   10.40,    6.81,     52405,   17.21,     32.07,     16.91,     48.98
2024-02-22,23:47:45.005,    3.81,    0.96,   20.97,   10.28,,,,,   24.78,   11.23,    104936,   36.02,    3.45,    1.58,    6.75,    4.93,,,,,   10.19,    6.51,     52456,   16.70,     34.98,     17.75,     52.72
2024-02-22,23:47:46.005,    3.24,    0.85,   18.79,    9.27,,,,,   22.03,   10.12,    104816,   32.15,    3.16,    1.54,    6.43,    4.84,,,,,    9.59,    6.38,     52406,   15.98,     31.63,     16.50,     48.13
2024-02-22,23:47:47.005,    3.39,    0.87,   19.30,    9.54,,,,,   22.68,   10.41,    104922,   33.09,    3.44,    1.59,    6.71,    4.92,,,,,   10.16,    6.51,     52458,   16.67,     32.84,     16.92,     49.76
2024-02-22,23:47:48.005,    3.20,    0.85,   18.65,    9.17,,,,,   21.85,   10.02,    104835,   31.87,    4.09,    1.89,    7.37,    5.21,,,,,   11.45,    7.10,     52408,   18.56,     33.31,     17.12,     50.43
2024-02-22,23:47:49.006,    4.30,    1.84,   23.05,   12.08,,,,,   27.35,   13.92,    104924,   41.27,    5.64,    2.29,    8.89,    5.62,,,,,   14.54,    7.91,     52459,   22.45,     41.89,     21.83,     63.72
2024-02-22,23:47:50.006,   21.69,   12.56,   84.46,   45.93,,,,,  106.15,   58.49,    104893,  164.64,   20.37,    9.96,   23.52,   13.33,,,,,   43.89,   23.29,     52434,   67.17,    150.03,     81.78,    231.81
2024-02-22,23:47:51.005,    4.67,    2.16,   23.62,   12.68,,,,,   28.28,   14.84,    104833,   43.12,    6.62,    2.96,    9.90,    6.25,,,,,   16.52,    9.21,     52412,   25.73,     44.80,     24.05,     68.86
2024-02-22,23:47:52.006,    3.82,    1.17,   21.05,   10.49,,,,,   24.87,   11.66,    104926,   36.54,    3.26,    1.53,    6.53,    4.85,,,,,    9.79,    6.38,     52459,   16.17,     34.66,     18.05,     52.71
2024-02-22,23:47:53.005,    3.72,    1.18,   20.59,   10.41,,,,,   24.32,   11.59,    104814,   35.91,    3.45,    1.44,    6.72,    4.75,,,,,   10.16,    6.18,     52404,   16.35,     34.48,     17.78,     52.26
2024-02-22,23:47:54.006,    3.45,    1.17,   19.53,    9.92,,,,,   22.98,   11.10,    104924,   34.08,    3.74,    1.66,    7.05,    5.01,,,,,   10.79,    6.67,     52459,   17.46,     33.77,     17.77,     51.54
2024-02-22,23:47:55.006,    3.91,    1.28,   21.31,   10.83,,,,,   25.23,   12.12,    104811,   37.34,    3.37,    1.42,    6.64,    4.72,,,,,   10.01,    6.14,     52404,   16.15,     35.24,     18.25,     53.49
2024-02-22,23:47:56.006,    3.88,    0.99,   20.32,    9.95,,,,,   24.20,   10.95,    104917,   35.15,    4.28,    2.17,    7.55,    5.50,,,,,   11.82,    7.67,     52456,   19.50,     36.02,     18.62,     54.64
2024-02-22,23:47:57.006,    4.07,    1.17,   21.86,   10.91,,,,,   25.94,   12.07,    104816,   38.01,    3.44,    1.38,    6.71,    4.71,,,,,   10.15,    6.09,     52407,   16.24,     36.09,     18.16,     54.25
2024-02-22,23:47:58.007,    3.22,    0.79,   18.53,    9.10,,,,,   21.75,    9.89,    104921,   31.64,    3.40,    1.62,    6.68,    4.95,,,,,   10.07,    6.56,     52454,   16.63,     31.82,     16.45,     48.28
2024-02-22,23:47:59.006,    4.39,    1.49,   22.96,   11.72,,,,,   27.35,   13.21,    104819,   40.56,    7.53,    4.34,   10.80,    7.66,,,,,   18.33,   12.00,     52414,   30.33,     45.68,     25.21,     70.89
2024-02-22,23:48:00.007,    3.59,    0.90,   19.90,    9.80,,,,,   23.49,   10.70,    104928,   34.19,    4.03,    2.11,    7.32,    5.42,,,,,   11.35,    7.53,     52457,   18.88,     34.84,     18.23,     53.07
2024-02-22,23:48:01.007,   24.97,   14.92,   92.62,   51.11,,,,,  117.59,   66.02,    104906,  183.61,   24.76,   11.65,   27.28,   14.96,,,,,   52.04,   26.61,     52439,   78.65,    169.63,     92.63,    262.26
2024-02-22,23:48:02.007,    4.37,    1.50,   23.16,   11.64,,,,,   27.53,   13.14,    104919,   40.67,    4.11,    1.83,    7.41,    5.18,,,,,   11.52,    7.01,     52455,   18.53,     39.05,     20.15,     59.20
2024-02-22,23:48:03.007,    3.73,    1.11,   20.42,   10.26,,,,,   24.15,   11.37,    104823,   35.52,    3.82,    1.77,    7.09,    5.07,,,,,   10.91,    6.84,     52403,   17.75,     35.06,     18.21,     53.27
2024-02-22,23:48:04.008,    3.20,    0.76,   18.68,    9.14,,,,,   21.88,    9.90,    104911,   31.78,    2.86,    1.24,    6.13,    4.58,,,,,    8.99,    5.82,     52458,   14.82,     30.87,     15.73,     46.60
2024-02-22,23:48:05.007,    3.49,    1.02,   19.85,    9.91,,,,,   23.34,   10.93,    104821,   34.27,    4.32,    1.86,    7.60,    5.18,,,,,   11.92,    7.04,     52402,   18.96,     35.26,     17.97,     53.23
2024-02-22,23:48:06.008,    3.62,    0.87,   20.02,    9.79,,,,,   23.65,   10.67,    104916,   34.31,    8.08,    1.50,   11.55,    4.83,,,,,   19.63,    6.32,     52454,   25.95,     43.27,     16.99,     60.26
2024-02-22,23:48:07.008,    2.46,    0.79,   15.70,    7.74,,,,,   18.16,    8.53,    104817,   26.69,   56.21,    1.44,   57.39,    4.76,,,,,  113.60,    6.20,     52408,  119.80,    131.76,     14.73,    146.49
2024-02-22,23:48:08.008,    2.35,    0.67,   15.18,    7.34,,,,,   17.53,    8.01,    104922,   25.54,   54.94,    1.22,   54.34,    4.55,,,,,  109.28,    5.77,     52462,  115.05,    126.81,     13.78,    140.59
2024-02-22,23:48:09.008,    3.39,    2.16,   18.88,   10.45,,,,,   22.27,   12.61,    104826,   34.89,   62.38,    2.57,   60.03,    5.90,,,,,  122.41,    8.48,     52421,  130.89,    144.68,     21.09,    165.77
2024-02-22,23:48:10.009,    3.15,    1.44,   17.89,    9.22,,,,,   21.05,   10.66,    104921,   31.71,   71.88,    2.67,   72.34,    5.97,,,,,  144.22,    8.65,     52470,  152.86,    165.26,     19.31,    184.57
2024-02-22,23:48:11.008,   20.71,   12.41,   77.43,   42.64,,,,,   98.14,   55.05,    104909,  153.19,  148.22,   12.43,  141.31,   15.63,,,,,  289.53,   28.05,     52483,  317.58,    387.67,     83.10,    470.77
2024-02-22,23:48:12.009,    3.12,    1.73,   18.03,    9.52,,,,,   21.15,   11.25,    104924,   32.40,   96.40,    2.05,   95.66,    5.37,,,,,  192.06,    7.41,     52476,  199.47,    213.21,     18.67,    231.87
2024-02-22,23:48:13.009,    2.83,    1.19,   16.98,    8.67,,,,,   19.81,    9.86,    104812,   29.67,   67.20,    1.32,   67.24,    4.67,,,,,  134.44,    5.99,     52407,  140.43,    154.24,     15.86,    170.10
2024-02-22,23:48:14.009,    2.42,    0.87,   15.21,    7.56,,,,,   17.63,    8.43,    104933,   26.06,   60.96,    1.46,   55.67,    4.79,,,,,  116.63,    6.25,     52458,  122.89,    134.26,     14.68,    148.95
2024-02-22,23:48:15.009,    2.33,    0.92,   14.93,    7.53,,,,,   17.25,    8.44,    104803,   25.70,   58.80,    1.58,   56.56,    4.87,,,,,  115.36,    6.45,     52411,  121.81,    132.62,     14.89,    147.51
2024-02-22,23:48:16.010,    2.27,    0.80,   14.80,    7.35,,,,,   17.07,    8.16,    104922,   25.23,   62.91,    1.65,   61.72,    4.97,,,,,  124.64,    6.62,     52456,  131.25,    141.71,     14.77,    156.48
2024-02-22,23:48:17.009,    2.41,    0.82,   15.48,    7.66,,,,,   17.89,    8.48,    104827,   26.37,   60.13,    1.50,   64.86,    4.83,,,,,  124.99,    6.33,     52414,  131.32,    142.88,     14.81,    157.69
2024-02-22,23:48:18.010,    2.47,    0.88,   15.62,    7.70,,,,,   18.09,    8.58,    104937,   26.67,   55.22,    1.31,   56.91,    4.65,,,,,  112.13,    5.95,     52463,  118.08,    130.22,     14.53,    144.75
2024-02-22,23:48:19.010,    2.64,    1.66,   16.38,    8.88,,,,,   19.02,   10.54,    104818,   29.56,   53.43,    1.48,   53.95,    4.82,,,,,  107.38,    6.31,     52415,  113.68,    126.40,     16.84,    143.25
2024-02-22,23:48:20.010,    3.13,    2.03,   18.03,    9.98,,,,,   21.15,   12.01,    104927,   33.16,   64.97,    2.12,   66.86,    5.45,,,,,  131.82,    7.57,     52462,  139.39,    152.98,     19.58,    172.56
2024-02-22,23:48:21.010,   19.19,   11.88,   78.34,   42.70,,,,,   97.53,   54.58,    104935,  152.11,  128.29,   13.31,  129.42,   16.61,,,,,  257.71,   29.92,     52461,  287.63,    355.24,     84.50,    439.75
2024-02-22,23:48:22.011,    3.03,    1.71,   17.16,    9.20,,,,,   20.19,   10.92,    104925,   31.10,  113.81,    3.02,  111.41,    6.36,,,,,  225.22,    9.38,     52476,  234.60,    245.41,     20.29,    265.70
2024-02-22,23:48:23.010,    2.41,    0.99,   15.32,    7.82,,,,,   17.73,    8.81,    104812,   26.54,   80.42,    1.76,   87.56,    5.06,,,,,  167.98,    6.82,     52423,  174.80,    185.72,     15.63,    201.35
2024-02-22,23:48:24.011,    2.20,    0.63,   14.24,    6.92,,,,,   16.44,    7.56,    104908,   23.99,   77.84,    1.86,   77.38,    5.24,,,,,  155.22,    7.10,     52462,  162.32,    171.66,     14.65,    186.31
2024-02-22,23:48:25.010,    2.30,    0.61,   14.71,    7.13,,,,,   17.01,    7.74,    104815,   24.75,   71.05,    1.82,   67.37,    5.13,,,,,  138.42,    6.95,     52410,  145.37,    155.43,     14.69,    170.12
2024-02-22,23:48:26.010,    2.56,    0.85,   15.99,    7.79,,,,,   18.54,    8.64,    104913,   27.19,   62.79,    1.57,   64.01,    4.90,,,,,  126.80,    6.47,     52466,  133.27,    145.34,     15.11,    160.45
2024-02-22,23:48:27.011,    2.37,    0.88,   15.31,    7.64,,,,,   17.68,    8.52,    104927,   26.20,   65.37,    1.67,   63.62,    5.02,,,,,  128.98,    6.69,     52462,  135.67,    146.66,     15.21,    161.87
2024-02-22,23:48:28.010,    2.41,    0.80,   15.26,    7.51,,,,,   17.67,    8.31,    104814,   25.98,   63.75,    1.34,   56.58,    4.63,,,,,  120.33,    5.97,     52409,  126.30,    138.00,     14.28,    152.28
2024-02-22,23:48:29.011,    3.06,    1.07,   16.95,    8.43,,,,,   20.02,    9.50,    104931,   29.51,   67.00,    2.31,   65.26,    5.61,,,,,  132.26,    7.92,     52474,  140.17,    152.27,     17.41,    169.69
2024-02-22,23:48:30.011,    3.26,    2.35,   18.34,   10.39,,,,,   21.61,   12.74,    104810,   34.35,   78.49,    2.74,   71.68,    6.07,,,,,  150.17,    8.81,     52414,  158.98,    171.78,     21.55,    193.33
2024-02-22,23:48:31.011,   25.75,   14.93,   92.56,   50.49,,,,,  118.31,   65.42,    105078,  183.73,  100.22,   10.07,   95.90,   13.35,,,,,  196.12,   23.42,     52518,  219.54,    314.43,     88.84,    403.28
2024-02-22,23:48:32.011,    3.96,    2.34,   21.24,   11.39,,,,,   25.21,   13.73,    104843,   38.94,  116.37,    2.20,  113.95,    5.51,,,,,  230.32,    7.71,     52443,  238.03,    255.53,     21.44,    276.97
2024-02-22,23:48:33.011,    2.76,    1.40,   16.53,    8.74,,,,,   19.30,   10.14,    104818,   29.43,   82.13,    2.06,   84.55,    5.37,,,,,  166.68,    7.42,     52418,  174.10,    185.98,     17.56,    203.54
2024-02-22,23:48:34.011,    2.48,    0.93,   15.37,    7.76,,,,,   17.86,    8.69,    104932,   26.54,   69.84,    1.44,   71.96,    4.77,,,,,  141.80,    6.21,     52462,  148.00,    159.65,     14.89,    174.55
2024-02-22,23:48:35.011,    2.29,    0.92,   14.83,    7.55,,,,,   17.13,    8.47,    104808,   25.60,   65.94,    1.50,   65.61,    4.81,,,,,  131.55,    6.32,     52406,  137.87,    148.68,     14.78,    163.46
2024-02-22,23:48:36.011,    2.10,    0.71,   14.22,    7.07,,,,,   16.31,    7.78,    104915,   24.09,   62.58,    1.49,   64.11,    4.81,,,,,  126.69,    6.31,     52462,  133.00,    143.00,     14.09,    157.09
2024-02-22,23:48:37.011,    2.23,    0.79,   14.74,    7.37,,,,,   16.96,    8.16,    104920,   25.12,   60.04,    1.58,   63.47,    4.88,,,,,  123.51,    6.46,     52462,  129.97,    140.48,     14.62,    155.10
2024-02-22,23:48:38.011,    2.56,    0.98,   15.97,    8.05,,,,,   18.53,    9.04,    104808,   27.57,   61.34,    1.58,   60.87,    4.90,,,,,  122.21,    6.48,     52410,  128.69,    140.74,     15.52,    156.26
2024-02-22,23:48:39.012,    3.59,    1.38,   19.18,    9.65,,,,,   22.77,   11.03,    104935,   33.80,   61.92,    2.23,   67.19,    5.56,,,,,  129.12,    7.80,     52471,  136.91,    151.89,     18.82,    170.71
2024-02-22,23:48:40.011,    3.92,    2.56,   20.98,   11.68,,,,,   24.89,   14.24,    104826,   39.14,   76.11,    2.93,   79.68,    6.26,,,,,  155.79,    9.19,     52417,  164.98,    180.68,     23.43,    204.12
2024-02-22,23:48:41.012,    2.46,    1.08,   15.58,    8.02,,,,,   18.04,    9.10,    104917,   27.14,   68.83,    1.58,   68.18,    4.92,,,,,  137.01,    6.50,     52459,  143.50,    155.05,     15.59,    170.64
2024-02-22,23:48:42.012,   22.63,   14.45,   90.48,   49.63,,,,,  113.11,   64.08,    104930,  177.19,  137.42,    8.63,  139.40,   11.88,,,,,  276.81,   20.51,     52473,  297.32,    389.92,     84.58,    474.51
2024-02-22,23:48:43.011,    2.77,    1.57,   16.79,    9.00,,,,,   19.56,   10.56,    104826,   30.12,   80.84,    1.44,   76.10,    4.77,,,,,  156.93,    6.21,     52409,  163.14,    176.49,     16.77,    193.26
2024-02-22,23:48:44.011,    2.29,    1.03,   14.84,    7.59,,,,,   17.14,    8.62,    104924,   25.75,   67.77,    1.51,   65.12,    4.83,,,,,  132.88,    6.34,     52457,  139.23,    150.02,     14.96,    164.98
2024-02-22,23:48:45.012,    2.44,    1.03,   15.34,    7.81,,,,,   17.78,    8.84,    104927,   26.62,   66.11,    1.50,   61.92,    4.82,,,,,  128.04,    6.33,     52470,  134.36,    145.82,     15.17,    160.98
2024-02-22,23:48:46.011,    3.46,    1.44,   19.32,    9.70,,,,,   22.78,   11.15,    104826,   33.92,   77.13,    1.35,   74.96,    4.67,,,,,  152.09,    6.02,     52418,  158.11,    174.87,     17.16,    192.03
2024-02-22,23:48:47.011,    3.57,    1.73,   19.62,   10.19,,,,,   23.19,   11.93,    104822,   35.12,  211.92,    1.47,  215.20,    4.81,,,,,  427.12,    6.28,     52507,  433.40,    450.31,     18.20,    468.52
2024-02-22,23:48:48.011,    3.71,    1.50,   20.12,   10.04,,,,,   23.84,   11.54,    104942,   35.37,  226.61,    1.38,  219.99,    4.68,,,,,  446.60,    6.06,     52574,  452.66,    470.43,     17.60,    488.03
2024-02-22,23:48:49.011,    3.52,    1.49,   19.67,   10.00,,,,,   23.18,   11.49,    104920,   34.67,  235.04,    1.98,  229.43,    5.31,,,,,  464.48,    7.29,     52589,  471.76,    487.66,     18.77,    506.43
2024-02-22,23:48:50.011,    6.40,    4.72,   30.66,   17.76,,,,,   37.06,   22.49,    104836,   59.55,  249.16,    2.42,  247.93,    5.76,,,,,  497.10,    8.19,     52549,  505.29,    534.16,     30.68,    564.83
2024-02-22,23:48:51.011,    3.75,    1.72,   20.18,   10.46,,,,,   23.94,   12.18,    104920,   36.12,  242.71,    1.75,  243.05,    5.08,,,,,  485.76,    6.83,     52600,  492.59,    509.70,     19.01,    528.71
2024-02-22,23:48:52.011,   33.69,   21.75,  130.44,   71.46,,,,,  164.13,   93.21,    104992,  257.34,  324.17,    9.44,  321.77,   12.71,,,,,  645.93,   22.15,     52629,  668.08,    810.06,    115.35,    925.41
2024-02-22,23:48:53.012,    4.59,    2.45,   23.15,   12.31,,,,,   27.74,   14.76,    104923,   42.50,  296.24,    2.27,  294.52,    5.60,,,,,  590.76,    7.87,     52681,  598.63,    618.50,     22.63,    641.13
2024-02-22,23:48:54.011,    3.65,    1.61,   19.75,   10.11,,,,,   23.39,   11.72,    104826,   35.11,  274.40,    1.99,  275.52,    5.32,,,,,  549.93,    7.30,     52571,  557.23,    573.32,     19.02,    592.34
2024-02-22,23:48:55.012,    4.39,    1.54,   22.70,   11.23,,,,,   27.09,   12.77,    104935,   39.86,  267.42,    2.06,  264.49,    5.38,,,,,  531.92,    7.44,     52621,  539.36,    559.01,     20.21,    579.22
2024-02-22,23:48:56.012,    3.50,    1.47,   19.35,    9.78,,,,,   22.84,   11.25,    104812,   34.10,  247.88,    1.10,  242.19,    4.43,,,,,  490.07,    5.53,     52556,  495.60,    512.91,     16.78,    529.69
2024-02-22,23:48:57.012,    3.66,    1.42,   19.90,   10.00,,,,,   23.56,   11.41,    104927,   34.98,  248.29,    1.71,  244.82,    5.04,,,,,  493.11,    6.74,     52597,  499.85,    516.67,     18.15,    534.83
2024-02-22,23:48:58.012,    3.83,    1.50,   20.35,   10.18,,,,,   24.18,   11.68,    104815,   35.85,  236.82,    1.39,  246.85,    4.72,,,,,  483.67,    6.12,     52555,  489.79,    507.85,     17.79,    525.64
2024-02-22,23:48:59.013,    3.85,    1.56,   20.74,   10.46,,,,,   24.59,   12.02,    104933,   36.61,  238.75,    1.61,  240.42,    4.94,,,,,  479.17,    6.55,     52588,  485.72,    503.76,     18.57,    522.33
2024-02-22,23:49:00.012,    4.94,    2.28,   24.11,   12.59,,,,,   29.05,   14.86,    104836,   43.92,  297.24,    5.39,  301.19,    8.72,,,,,  598.42,   14.11,     52609,  612.53,    627.47,     28.98,    656.45
2024-02-22,23:49:01.013,    4.06,    1.69,   21.21,   10.82,,,,,   25.27,   12.51,    104945,   37.77,  279.01,    2.29,  283.73,    5.60,,,,,  562.74,    7.88,     52627,  570.63,    588.01,     20.39,    608.40
2024-02-22,23:49:02.013,   32.74,   20.50,  125.28,   68.45,,,,,  158.02,   88.94,    104962,  246.96,  312.59,   10.36,  319.95,   13.68,,,,,  632.54,   24.04,     52662,  656.58,    790.56,    112.98,    903.54
2024-02-22,23:49:03.012,    4.99,    3.00,   24.80,   13.49,,,,,   29.79,   16.49,    104854,   46.29,  312.77,    2.30,  313.62,    5.61,,,,,  626.38,    7.91,     52623,  634.29,    656.18,     24.40,    680.58
2024-02-22,23:49:04.013,    4.08,    1.72,   21.47,   10.87,,,,,   25.55,   12.59,    104922,   38.14,  288.91,    1.66,  282.01,    5.00,,,,,  570.92,    6.66,     52649,  577.58,    596.47,     19.26,    615.73
2024-02-22,23:49:05.013,    3.76,    1.59,   20.54,   10.41,,,,,   24.29,   12.00,    104829,   36.30,  264.87,    1.55,  262.38,    4.91,,,,,  527.25,    6.46,     52559,  533.71,    551.55,     18.46,    570.01
2024-02-22,23:49:06.013,    3.83,    1.41,   20.63,   10.22,,,,,   24.45,   11.63,    104918,   36.08,  256.63,    1.67,  258.88,    5.01,,,,,  515.51,    6.68,     52615,  522.19,    539.96,     18.30,    558.27
2024-02-22,23:49:07.013,   10.49,    2.78,   46.19,   20.67,,,,,   56.67,   23.45,    104902,   80.12,  250.43,    1.79,  250.99,    5.12,,,,,  501.42,    6.91,     52563,  508.33,    558.09,     30.36,    588.45
2024-02-22,23:49:08.014,    3.40,    1.05,   19.13,    9.23,,,,,   22.54,   10.28,    104927,   32.82,  245.57,    1.39,  245.37,    4.74,,,,,  490.93,    6.14,     52591,  497.07,    513.47,     16.42,    529.89
2024-02-22,23:49:09.013,    4.30,    1.34,   22.68,   11.04,,,,,   26.98,   12.38,    104823,   39.36,  242.34,    1.58,  241.40,    4.89,,,,,  483.75,    6.46,     52518,  490.21,    510.73,     18.85,    529.57
2024-02-22,23:49:10.014,    4.52,    2.24,   22.61,   11.90,,,,,   27.13,   14.14,    104938,   41.27,  296.02,    5.21,  296.15,    8.58,,,,,  592.17,   13.79,     52662,  605.96,    619.30,     27.93,    647.23
2024-02-22,23:49:11.014,    4.04,    1.61,   21.46,   10.86,,,,,   25.50,   12.46,    104831,   37.97,  274.87,    1.96,  274.90,    5.27,,,,,  549.77,    7.23,     52584,  557.00,    575.28,     19.69,    594.97
2024-02-22,23:49:12.014,   16.90,    9.14,   67.16,   35.79,,,,,   84.06,   44.93,    105014,  128.99,  316.51,   17.84,  317.14,   21.17,,,,,  633.65,   39.01,     52738,  672.66,    717.71,     83.94,    801.65
2024-02-22,23:49:13.014,    4.91,    2.36,   24.66,   12.87,,,,,   29.57,   15.23,    104831,   44.80,  321.85,    3.53,  332.22,    6.86,,,,,  654.07,   10.39,     52651,  664.46,    683.64,     25.62,    709.26
2024-02-22,23:49:14.015,    3.38,    1.36,   18.59,    9.30,,,,,   21.97,   10.66,    104934,   32.63,  273.45,    2.03,  280.57,    5.34,,,,,  554.01,    7.37,     52637,  561.38,    575.98,     18.03,    594.01
2024-02-22,23:49:15.014,    3.80,    1.34,   20.52,   10.10,,,,,   24.32,   11.44,    104832,   35.76,  262.14,    1.99,  270.53,    5.32,,,,,  532.66,    7.31,     52576,  539.97,    556.98,     18.75,    575.72
2024-02-22,23:49:16.015,    3.80,    1.47,   20.54,   10.20,,,,,   24.34,   11.66,    104938,   36.00,  249.39,    1.54,  259.63,    4.91,,,,,  509.02,    6.45,     52646,  515.47,    533.36,     18.11,    551.47
2024-02-22,23:49:17.015,    3.71,    1.57,   20.19,   10.25,,,,,   23.91,   11.83,    104817,   35.73,  246.81,    1.97,  255.04,    5.30,,,,,  501.85,    7.26,     52553,  509.11,    525.75,     19.09,    544.84
2024-02-22,23:49:18.015,    3.69,    1.52,   20.19,   10.13,,,,,   23.88,   11.65,    104934,   35.54,  246.02,    1.42,  250.99,    4.74,,,,,  497.01,    6.16,     52626,  503.16,    520.89,     17.81,    538.70
2024-02-22,23:49:19.015,    3.58,    1.47,   19.64,    9.94,,,,,   23.22,   11.41,    104823,   34.63,  240.94,    1.46,  244.50,    4.79,,,,,  485.44,    6.25,     52532,  491.69,    508.66,     17.67,    526.33
2024-02-22,23:49:20.016,    4.84,    2.11,   23.75,   12.23,,,,,   28.59,   14.35,    104928,   42.94,  296.35,    5.36,  299.37,    8.68,,,,,  595.72,   14.04,     52664,  609.76,    624.31,     28.39,    652.69
2024-02-22,23:49:21.015,    3.89,    1.54,   20.58,   10.38,,,,,   24.47,   11.92,    104826,   36.39,  277.17,    1.90,  278.86,    5.24,,,,,  556.04,    7.14,     52583,  563.18,    580.50,     19.06,    599.57
2024-02-22,23:49:22.016,    3.51,    1.32,   19.41,    9.68,,,,,   22.92,   11.00,    104921,   33.92,  258.04,    1.62,  262.19,    4.94,,,,,  520.23,    6.56,     52586,  526.79,    543.16,     17.55,    560.71
2024-02-22,23:49:23.016,   15.90,    9.57,   59.60,   33.40,,,,,   75.50,   42.96,    104878,  118.46,  384.49,   21.21,  387.05,   24.75,,,,,  771.54,   45.95,     52753,  817.49,    847.04,     88.92,    935.95
2024-02-22,23:49:24.016,    4.02,    1.86,   21.25,   10.90,,,,,   25.27,   12.76,    104944,   38.03,  290.39,    1.64,  290.89,    4.99,,,,,  581.28,    6.62,     52658,  587.91,    606.55,     19.39,    625.93
2024-02-22,23:49:25.016,    3.84,    1.62,   20.74,   10.53,,,,,   24.58,   12.15,    104840,   36.73,  264.65,    1.60,  263.54,    4.96,,,,,  528.18,    6.56,     52549,  534.74,    552.76,     18.71,    571.47
2024-02-22,23:49:26.017,   13.75,   25.30,   57.63,   49.64,,,,,   71.38,   74.94,    104981,  146.32,  258.34,    1.75,  258.06,    5.08,,,,,  516.40,    6.82,     52609,  523.22,    587.78,     81.76,    669.54
2024-02-22,23:49:27.017,   56.98,  128.90,  223.05,  227.28,,,,,  280.02,  356.18,    104926,  636.20,  290.75,    1.57,  291.97,    4.91,,,,,  582.72,    6.48,     52696,  589.20,    862.74,    362.66,   1225.40
2024-02-22,23:49:28.017,   53.36,  116.91,  209.92,  210.34,,,,,  263.28,  327.24,    104935,  590.53,  301.57,    1.91,  301.10,    5.22,,,,,  602.67,    7.12,     52670,  609.80,    865.96,    334.37,   1200.32
2024-02-22,23:49:29.017,   54.79,  115.16,  214.64,  209.95,,,,,  269.43,  325.11,    105027,  594.54,  314.80,    1.99,  315.21,    5.32,,,,,  630.01,    7.31,     52764,  637.32,    899.44,    332.42,   1231.86
2024-02-22,23:49:30.017,   57.75,  105.08,  226.96,  204.70,,,,,  284.71,  309.77,    104924,  594.49,  359.53,    4.83,  360.10,    8.09,,,,,  719.63,   12.92,     52894,  732.55,   1004.34,    322.70,   1327.04
2024-02-22,23:49:31.017,   55.38,   96.61,  219.24,  193.47,,,,,  274.62,  290.08,    104926,  564.70,  345.11,    2.35,  345.43,    5.70,,,,,  690.55,    8.04,     52833,  698.59,    965.17,    298.12,   1263.30
2024-02-22,23:49:32.018,   53.97,   93.94,  213.22,  188.42,,,,,  267.18,  282.36,    104992,  549.54,  332.69,    2.00,  333.02,    5.36,,,,,  665.71,    7.36,     52852,  673.07,    932.89,    289.72,   1222.61
2024-02-22,23:49:33.018,   74.75,  128.57,  283.89,  247.50,,,,,  358.64,  376.07,    105023,  734.71,  417.46,   20.53,  422.70,   24.01,,,,,  840.16,   44.54,     53064,  884.71,   1198.80,    420.61,   1619.41
2024-02-22,23:49:34.018,   56.00,   95.48,  221.06,  192.75,,,,,  277.06,  288.23,    104922,  565.29,  364.74,    2.59,  369.08,    5.92,,,,,  733.82,    8.51,     52912,  742.33,   1010.88,    296.74,   1307.62
2024-02-22,23:49:35.018,   55.46,   95.32,  219.37,  192.19,,,,,  274.83,  287.51,    105040,  562.34,  341.91,    2.09,  347.37,    5.39,,,,,  689.28,    7.48,     52909,  696.76,    964.11,    294.99,   1259.10
2024-02-22,23:49:36.018,   58.69,   98.61,  230.75,  199.02,,,,,  289.43,  297.63,    104983,  587.07,  324.34,    1.41,  332.29,    4.73,,,,,  656.63,    6.14,     52821,  662.77,    946.06,    303.77,   1249.83
2024-02-22,23:49:37.018,   54.91,   94.29,  217.71,  190.65,,,,,  272.62,  284.95,    104916,  557.57,  323.81,    2.02,  330.60,    5.34,,,,,  654.41,    7.36,     52782,  661.77,    927.03,    292.31,   1219.34
2024-02-22,23:49:38.019,   53.73,   93.10,  212.97,  187.54,,,,,  266.70,  280.65,    105034,  547.34,  317.71,    1.76,  322.23,    5.11,,,,,  639.94,    6.87,     52797,  646.80,    906.63,    287.51,   1194.15
2024-02-22,23:49:39.019,   55.15,   96.13,  219.05,  192.79,,,,,  274.19,  288.92,    104908,  563.11,  321.05,    2.37,  320.34,    5.71,,,,,  641.39,    8.07,     52749,  649.47,    915.58,    297.00,   1212.58
2024-02-22,23:49:40.018,   55.63,  124.34,  216.44,  217.90,,,,,  272.08,  342.23,    104921,  614.31,  334.20,    2.94,  335.32,    6.29,,,,,  669.52,    9.22,     52813,  678.74,    941.59,    351.46,   1293.05
2024-02-22,23:49:41.019,   46.25,  135.41,  178.59,  215.11,,,,,  224.84,  350.53,    104995,  575.37,  328.33,    1.97,  327.87,    5.30,,,,,  656.20,    7.27,     52793,  663.47,    881.04,    357.80,   1238.83
2024-02-22,23:49:42.019,   47.43,  155.67,  181.83,  237.19,,,,,  229.27,  392.86,    104902,  622.12,  316.42,    1.34,  318.24,    4.69,,,,,  634.66,    6.02,     52757,  640.68,    863.93,    398.88,   1262.81
2024-02-22,23:49:43.020,   71.61,  241.71,  262.66,  353.57,,,,,  334.27,  595.28,    105124,  929.55,  395.67,   16.90,  395.99,   20.11,,,,,  791.66,   37.00,     53080,  828.66,   1125.93,    632.28,   1758.21
2024-02-22,23:49:44.019,   63.71,  283.68,  232.06,  389.15,,,,,  295.78,  672.83,    104929,  968.60,  365.96,    2.04,  365.94,    5.36,,,,,  731.90,    7.40,     52947,  739.30,   1027.68,    680.23,   1707.91
2024-02-22,23:49:45.019,   63.52,  280.14,  231.40,  385.33,,,,,  294.92,  665.47,    104910,  960.39,  354.82,    3.30,  356.07,    6.66,,,,,  710.89,    9.97,     52871,  720.85,   1005.81,    675.43,   1681.24
2024-02-22,23:49:46.019,   62.08,  308.25,  226.02,  411.21,,,,,  288.11,  719.46,    105016, 1007.56,  351.83,    1.48,  350.37,    4.82,,,,,  702.19,    6.29,     52967,  708.49,    990.30,    725.75,   1716.05
2024-02-22,23:49:47.018,   52.44,  520.93,  184.40,  606.26,,,,,  236.84, 1127.19,    104919, 1364.03,  450.11,    1.95,  448.33,    5.29,,,,,  898.44,    7.24,     53845,  905.68,   1135.28,   1134.43,   2269.71
2024-02-22,23:49:48.019,   51.11,  525.38,  179.06,  608.48,,,,,  230.17, 1133.86,    105017, 1364.03,  448.85,    1.38,  449.81,    4.71,,,,,  898.66,    6.08,     54003,  904.74,   1128.83,   1139.95,   2268.78
2024-02-22,23:49:49.019,   50.56,  527.48,  176.41,  609.80,,,,,  226.96, 1137.28,    104918, 1364.24,  449.72,    1.85,  451.28,    5.18,,,,,  901.00,    7.03,     53941,  908.04,   1127.97,   1144.31,   2272.28
2024-02-22,23:49:50.020,   88.17,  582.93,  320.81,  717.00,,,,,  408.98, 1299.93,    105208, 1708.91,  483.46,    6.50,  484.04,    9.84,,,,,  967.50,   16.34,     54110,  983.84,   1376.49,   1316.27,   2692.75
2024-02-22,23:49:51.020,  108.45,  615.42,  399.46,  778.12,,,,,  507.92, 1393.54,    105210, 1901.45,  482.47,    2.48,  483.21,    5.80,,,,,  965.68,    8.28,     54027,  973.96,   1473.59,   1401.82,   2875.41
2024-02-22,23:49:52.020,  107.28,  612.48,  394.37,  773.55,,,,,  501.65, 1386.03,    105247, 1887.68,  468.80,    2.09,  469.65,    5.42,,,,,  938.45,    7.51,     54080,  945.96,   1440.11,   1393.54,   2833.64
2024-02-22,23:49:53.020,  115.17,  606.30,  420.42,  774.39,,,,,  535.59, 1380.69,    105275, 1916.28,  519.52,   24.06,  517.96,   27.03,,,,, 1037.48,   51.09,     54137, 1088.58,   1573.07,   1431.78,   3004.85
2024-02-22,23:49:54.020,  108.19,  612.30,  396.42,  773.93,,,,,  504.61, 1386.23,    105259, 1890.84,  511.40,    3.32,  512.98,    6.62,,,,, 1024.37,    9.94,     54186, 1034.31,   1528.98,   1396.17,   2925.15
2024-02-22,23:49:55.021,  108.17,  613.37,  396.32,  774.68,,,,,  504.49, 1388.05,    105239, 1892.54,  484.40,    2.42,  483.05,    5.77,,,,,  967.45,    8.19,     54011,  975.64,   1471.94,   1396.24,   2868.18
2024-02-22,23:49:56.022,  107.20,  613.64,  393.35,  774.43,,,,,  500.54, 1388.07,    105324, 1888.61,  475.21,    2.42,  474.74,    5.78,,,,,  949.95,    8.20,     53894,  958.15,   1450.49,   1396.27,   2846.76
2024-02-22,23:49:57.022,  108.15,  613.37,  397.55,  775.37,,,,,  505.69, 1388.74,    105175, 1894.43,  467.58,    1.81,  468.81,    5.15,,,,,  936.39,    6.96,     53879,  943.35,   1442.08,   1395.70,   2837.78
2024-02-22,23:49:58.022,  107.16,  613.43,  392.62,  773.61,,,,,  499.78, 1387.04,    105166, 1886.81,  462.57,    1.79,  463.03,    5.13,,,,,  925.60,    6.93,     54008,  932.53,   1425.38,   1393.97,   2819.34
2024-02-22,23:49:59.022,  107.72,  612.78,  394.77,  773.73,,,,,  502.48, 1386.50,    105248, 1888.98,  461.02,    1.99,  462.03,    5.36,,,,,  923.05,    7.35,     53996,  930.40,   1425.53,   1393.85,   2819.38
2024-02-22,23:50:00.022,   98.36,  589.70,  361.08,  738.44,,,,,  459.44, 1328.14,    105162, 1787.58,  467.12,    2.58,  468.77,    5.89,,,,,  935.89,    8.47,     54022,  944.36,   1395.33,   1336.60,   2731.93
2024-02-22,23:50:01.022,   77.05,  572.87,  281.15,  694.62,,,,,  358.20, 1267.48,    105139, 1625.68,  467.08,    2.02,  469.75,    5.35,,,,,  936.83,    7.37,     54179,  944.19,   1295.03,   1274.85,   2569.88
2024-02-22,23:50:02.023,   73.28,  575.89,  266.02,  691.93,,,,,  339.30, 1267.82,    105057, 1607.12,  463.11,    2.01,  464.33,    5.34,,,,,  927.44,    7.35,     54056,  934.78,   1266.74,   1275.17,   2541.91
2024-02-22,23:50:03.022,   72.97,  578.38,  264.44,  693.95,,,,,  337.41, 1272.33,    105031, 1609.74,  459.24,    1.54,  459.27,    4.89,,,,,  918.51,    6.43,     54074,  924.94,   1255.92,   1278.76,   2534.68
2024-02-22,23:50:04.022,   81.56,  589.65,  292.77,  714.26,,,,,  374.33, 1303.91,    105064, 1678.24,  551.49,   25.93,  551.38,   29.16,,,,, 1102.87,   55.09,     54380, 1157.96,   1477.21,   1359.00,   2836.21
2024-02-22,23:50:05.023,   70.48,  589.78,  254.58,  702.02,,,,,  325.06, 1291.80,    105133, 1616.86,  488.37,    2.07,  489.82,    5.39,,,,,  978.19,    7.46,     54137,  985.66,   1303.25,   1299.26,   2602.52
2024-02-22,23:50:06.023,   60.70,  514.89,  219.61,  612.18,,,,,  280.31, 1127.07,    104995, 1407.38,  428.44,    1.96,  429.42,    5.31,,,,,  857.86,    7.27,     53839,  865.13,   1138.17,   1134.34,   2272.51
2024-02-22,23:50:07.023,    3.46,    4.19,   19.56,   12.67,,,,,   23.02,   16.86,    104929,   39.88,  103.14,    1.67,  100.72,    5.01,,,,,  203.86,    6.69,     52467,  210.55,    226.88,     23.55,    250.42
2024-02-22,23:50:08.023,    2.11,    1.45,   14.13,    7.75,,,,,   16.24,    9.21,    104819,   25.45,   70.59,    1.27,   69.99,    4.59,,,,,  140.58,    5.86,     52412,  146.45,    156.83,     15.07,    171.90
2024-02-22,23:50:09.024,    2.57,    1.12,   15.85,    8.10,,,,,   18.42,    9.22,    104927,   27.64,   65.39,    1.37,   67.13,    4.67,,,,,  132.52,    6.04,     52462,  138.57,    150.94,     15.27,    166.21
2024-02-22,23:50:10.023,    3.72,    3.50,   20.14,   12.21,,,,,   23.86,   15.70,    104828,   39.57,   69.89,    2.21,   68.21,    5.54,,,,,  138.11,    7.75,     52415,  145.86,    161.97,     23.45,    185.42
2024-02-22,23:50:11.024,    2.53,    1.34,   15.82,    8.38,,,,,   18.35,    9.73,    104930,   28.07,   65.99,    1.53,   64.95,    4.85,,,,,  130.93,    6.38,     52460,  137.31,    149.28,     16.10,    165.38
2024-02-22,23:50:12.024,    2.30,    0.92,   14.74,    7.42,,,,,   17.04,    8.34,    104822,   25.38,   62.81,    1.35,   64.62,    4.66,,,,,  127.43,    6.01,     52407,  133.44,    144.47,     14.35,    158.82
2024-02-22,23:50:13.024,    2.53,    1.12,   15.70,    7.98,,,,,   18.24,    9.10,    104927,   27.34,   63.19,    1.70,   68.42,    5.01,,,,,  131.62,    6.72,     52467,  138.33,    149.85,     15.82,    165.67
2024-02-22,23:50:14.024,   11.59,    6.30,   44.13,   24.27,,,,,   55.72,   30.57,    104848,   86.28,  160.65,   18.50,  163.13,   21.96,,,,,  323.78,   40.46,     52486,  364.25,    379.50,     71.03,    450.53
2024-02-22,23:50:15.025,    3.30,    1.40,   18.24,    9.28,,,,,   21.54,   10.68,    104942,   32.21,   97.78,    2.32,   96.33,    5.63,,,,,  194.11,    7.95,     52477,  202.07,    215.65,     18.63,    234.28
2024-02-22,23:50:16.024,    2.73,    1.14,   16.07,    8.09,,,,,   18.80,    9.23,    104816,   28.02,   75.93,    1.41,   73.25,    4.72,,,,,  149.18,    6.13,     52410,  155.31,    167.98,     15.35,    183.33
2024-02-22,23:50:17.025,    2.39,    0.98,   14.93,    7.53,,,,,   17.32,    8.52,    104914,   25.84,   68.64,    1.58,   65.79,    4.92,,,,,  134.43,    6.50,     52467,  140.93,    151.76,     15.02,    166.77
2024-02-22,23:50:18.024,    2.45,    0.85,   15.01,    7.39,,,,,   17.46,    8.24,    104822,   25.70,   69.91,    1.74,   68.61,    5.05,,,,,  138.52,    6.79,     52409,  145.31,    155.98,     15.03,    171.01
2024-02-22,23:50:19.025,    2.32,    1.00,   14.64,    7.37,,,,,   16.96,    8.37,    104910,   25.34,   66.12,    1.60,   66.11,    4.92,,,,,  132.23,    6.52,     52465,  138.75,    149.20,     14.89,    164.09
2024-02-22,23:50:20.025,    3.46,    2.66,   18.91,   10.77,,,,,   22.36,   13.43,    104822,   35.79,   68.49,    2.49,   70.85,    5.82,,,,,  139.34,    8.30,     52415,  147.65,    161.71,     21.73,    183.44
2024-02-22,23:50:21.025,    3.14,    1.56,   17.90,    9.36,,,,,   21.04,   10.92,    104923,   31.96,   67.87,    1.75,   66.87,    5.06,,,,,  134.74,    6.81,     52473,  141.55,    155.78,     17.74,    173.51
2024-02-22,23:50:22.025,    2.41,    1.23,   15.03,    7.84,,,,,   17.44,    9.07,    104813,   26.51,   56.55,    1.18,   60.38,    4.53,,,,,  116.93,    5.71,     52410,  122.64,    134.37,     14.78,    149.15
2024-02-22,23:50:23.026,    2.39,    1.17,   14.69,    7.60,,,,,   17.08,    8.77,    104929,   25.85,   59.47,    1.64,   61.99,    4.95,,,,,  121.47,    6.59,     52464,  128.06,    138.55,     15.36,    153.91
2024-02-22,23:50:24.025,   13.64,    7.91,   51.73,   28.73,,,,,   65.37,   36.64,    104876,  102.01,  147.82,   16.27,  151.49,   19.82,,,,,  299.32,   36.09,     52496,  335.41,    364.69,     72.73,    437.41
2024-02-22,23:50:25.026,    3.64,    1.63,   19.59,   10.00,,,,,   23.24,   11.63,    104926,   34.87,   97.58,    2.67,  107.57,    6.02,,,,,  205.16,    8.68,     52481,  213.84,    228.39,     20.32,    248.71
2024-02-22,23:50:26.026,   18.30,   31.87,   71.33,   61.09,,,,,   89.62,   92.96,    104854,  182.59,   93.62,    1.82,   98.32,    5.16,,,,,  191.95,    6.98,     52434,  198.93,    281.57,     99.94,    381.51
2024-02-22,23:50:27.027,  117.97,  234.34,  425.29,  406.87,,,,,  543.26,  641.21,    105147, 1184.47,  234.26,    1.55,  241.52,    4.89,,,,,  475.78,    6.44,     52609,  482.23,   1019.04,    647.66,   1666.70
2024-02-22,23:50:28.026,  116.73,  229.61,  420.85,  400.49,,,,,  537.58,  630.10,    105009, 1167.69,  239.14,    1.55,  242.46,    4.87,,,,,  481.59,    6.41,     52542,  488.01,   1019.18,    636.52,   1655.69
2024-02-22,23:50:29.027,  116.98,  225.84,  421.61,  396.44,,,,,  538.59,  622.28,    105019, 1160.87,  246.22,    1.87,  243.94,    5.21,,,,,  490.16,    7.07,     52557,  497.23,   1028.74,    629.35,   1658.09
2024-02-22,23:50:30.027,   74.81,  140.85,  272.11,  250.54,,,,,  346.92,  391.39,    105070,  738.31,  256.72,    2.50,  255.31,    5.82,,,,,  512.03,    8.32,     52597,  520.35,    858.95,    399.71,   1258.66
2024-02-22,23:50:31.026,    5.04,    2.43,   24.74,   13.02,,,,,   29.78,   15.46,    104819,   45.24,  261.34,    2.18,  262.12,    5.52,,,,,  523.46,    7.70,     52562,  531.16,    553.24,     23.16,    576.40
2024-02-22,23:50:32.027,    3.59,    1.98,   19.90,   10.60,,,,,   23.49,   12.58,    104945,   36.07,  244.91,    1.15,  249.66,    4.48,,,,,  494.57,    5.63,     52612,  500.20,    518.06,     18.21,    536.27
2024-02-22,23:50:33.027,    3.60,    2.06,   19.85,   10.76,,,,,   23.44,   12.82,    104825,   36.27,  238.97,    1.48,  242.98,    4.80,,,,,  481.95,    6.28,     52544,  488.23,    505.40,     19.11,    524.50
2024-02-22,23:50:34.027,   14.44,    9.47,   54.30,   31.48,,,,,   68.74,   40.94,    104983,  109.68,  308.34,   19.80,  318.06,   23.39,,,,,  626.40,   43.18,     52738,  669.59,    695.14,     84.13,    779.27
2024-02-22,23:50:35.027,    4.67,    3.04,   23.92,   13.28,,,,,   28.59,   16.32,    104845,   44.91,  320.05,    2.98,  326.33,    6.29,,,,,  646.39,    9.27,     52659,  655.66,    674.98,     25.59,    700.57
2024-02-22,23:50:36.028,    3.97,    2.12,   21.34,   11.29,,,,,   25.31,   13.41,    104921,   38.72,  279.42,    1.70,  285.47,    5.01,,,,,  564.89,    6.71,     52649,  571.60,    590.20,     20.12,    610.32
2024-02-22,23:50:37.027,    3.73,    2.10,   20.46,   11.04,,,,,   24.19,   13.15,    104836,   37.34,  259.18,    1.63,  265.82,    4.97,,,,,  525.00,    6.61,     52570,  531.61,    549.19,     19.75,    568.94
2024-02-22,23:50:38.028,    3.82,    1.93,   20.71,   10.87,,,,,   24.53,   12.80,    104922,   37.33,  252.74,    1.46,  253.63,    4.80,,,,,  506.37,    6.26,     52622,  512.63,    530.90,     19.06,    549.96
2024-02-22,23:50:39.028,    3.53,    2.11,   19.64,   10.72,,,,,   23.17,   12.83,    104816,   36.00,  245.26,    1.50,  245.05,    4.87,,,,,  490.32,    6.36,     52556,  496.68,    513.49,     19.19,    532.68
2024-02-22,23:50:40.028,    6.35,    6.81,   30.42,   19.86,,,,,   36.77,   26.67,    104947,   63.44,  253.05,    2.70,  256.79,    6.00,,,,,  509.83,    8.70,     52602,  518.54,    546.60,     35.37,    581.97
2024-02-22,23:50:41.028,    4.05,    3.67,   21.72,   13.06,,,,,   25.77,   16.73,    104837,   42.49,  250.41,    1.83,  254.85,    5.17,,,,,  505.25,    7.01,     52587,  512.26,    531.02,     23.73,    554.76
2024-02-22,23:50:42.029,    3.84,    3.20,   20.63,   12.03,,,,,   24.47,   15.22,    104926,   39.69,  243.97,    1.34,  248.02,    4.67,,,,,  491.99,    6.02,     52601,  498.00,    516.46,     21.24,    537.70
2024-02-22,23:50:43.028,    3.54,    3.22,   19.64,   11.79,,,,,   23.18,   15.02,    104819,   38.20,  233.46,    1.64,  239.45,    4.96,,,,,  472.91,    6.60,     52532,  479.50,    496.09,     21.61,    517.70
2024-02-22,23:50:44.029,    4.02,    3.26,   21.10,   12.37,,,,,   25.12,   15.63,    104929,   40.75,  244.84,    1.66,  245.00,    4.99,,,,,  489.84,    6.64,     52607,  496.48,    514.96,     22.28,    537.24
2024-02-22,23:50:45.029,   16.76,   14.66,   64.06,   40.48,,,,,   80.82,   55.15,    104905,  135.97,  382.74,   22.65,  389.84,   25.87,,,,,  772.58,   48.52,     52805,  821.11,    853.40,    103.67,    957.07
2024-02-22,23:50:46.030,   10.10,   82.48,   43.55,  101.56,,,,,   53.65,  184.04,    104939,  237.69,  315.87,    2.56,  321.40,    5.88,,,,,  637.27,    8.44,     52939,  645.71,    690.91,    192.48,    883.39
2024-02-22,23:50:47.029,   36.42,  587.51,  131.88,  649.35,,,,,  168.30, 1236.86,    104911, 1405.16,  466.87,    1.76,  468.60,    5.11,,,,,  935.48,    6.88,     54308,  942.35,   1103.77,   1243.74,   2347.51
2024-02-22,23:50:48.029,   33.53,  586.68,  120.48,  644.03,,,,,  154.02, 1230.71,    104894, 1384.73,  480.89,    1.35,  484.90,    4.68,,,,,  965.79,    6.03,     54186,  971.82,   1119.81,   1236.74,   2356.55
2024-02-22,23:50:49.030,   35.00,  588.66,  125.80,  648.06,,,,,  160.80, 1236.72,    105025, 1397.52,  486.43,    1.47,  488.68,    4.84,,,,,  975.11,    6.31,     54464,  981.42,   1135.91,   1243.03,   2378.94
2024-02-22,23:50:50.029,   60.56,  615.17,  222.48,  710.59,,,,,  283.04, 1325.76,    105017, 1608.80,  497.24,    2.98,  499.79,    6.35,,,,,  997.03,    9.33,     54477, 1006.36,   1280.07,   1335.09,   2615.16
2024-02-22,23:50:51.030,  116.06,  678.99,  433.15,  852.46,,,,,  549.21, 1531.46,    105390, 2080.66,  502.79,    2.03,  505.56,    5.36,,,,, 1008.34,    7.39,     54431, 1015.73,   1557.55,   1538.85,   3096.40
2024-02-22,23:50:52.030,  115.05,  679.12,  429.18,  851.43,,,,,  544.23, 1530.55,    105312, 2074.77,  505.07,    2.03,  506.53,    5.37,,,,, 1011.59,    7.39,     54387, 1018.99,   1555.82,   1537.94,   3093.76
2024-02-22,23:50:53.030,  115.44,  678.10,  430.86,  850.88,,,,,  546.30, 1528.97,    105296, 2075.27,  502.22,    1.93,  505.17,    5.27,,,,, 1007.38,    7.20,     54337, 1014.59,   1553.68,   1536.17,   3089.85
2024-02-22,23:50:54.030,  115.32,  677.97,  430.05,  850.55,,,,,  545.37, 1528.52,    105282, 2073.90,  503.16,    1.58,  504.35,    4.91,,,,, 1007.51,    6.49,     54503, 1014.00,   1552.88,   1535.01,   3087.89
2024-02-22,23:50:55.031,  120.88,  661.64,  446.97,  838.44,,,,,  567.85, 1500.08,    105338, 2067.94,  577.23,   22.80,  579.15,   26.10,,,,, 1156.38,   48.90,     54733, 1205.28,   1724.23,   1548.99,   3273.22
2024-02-22,23:50:56.030,  115.68,  679.10,  431.15,  852.03,,,,,  546.82, 1531.13,    105282, 2077.95,  530.61,    2.04,  532.40,    5.38,,,,, 1063.02,    7.41,     54735, 1070.43,   1609.84,   1538.54,   3148.38
2024-02-22,23:50:57.031,  116.01,  680.18,  432.68,  853.47,,,,,  548.69, 1533.64,    105385, 2082.33,  526.69,    2.63,  527.42,    5.94,,,,, 1054.11,    8.58,     54474, 1062.68,   1602.79,   1542.22,   3145.01
2024-02-22,23:50:58.031,  115.28,  678.24,  430.11,  850.81,,,,,  545.39, 1529.05,    105284, 2074.45,  514.67,    1.52,  517.09,    4.84,,,,, 1031.77,    6.36,     54500, 1038.13,   1577.16,   1535.42,   3112.57
2024-02-22,23:50:59.031,  115.47,  678.54,  430.60,  851.25,,,,,  546.07, 1529.79,    105319, 2075.85,  511.74,    2.07,  515.75,    5.42,,,,, 1027.49,    7.49,     54378, 1034.98,   1573.56,   1537.28,   3110.84
2024-02-22,23:51:00.031,  111.09,  613.11,  419.13,  779.29,,,,,  530.22, 1392.40,    105289, 1922.61,  520.02,    5.62,  521.99,    8.96,,,,, 1042.02,   14.58,     54576, 1056.60,   1572.23,   1406.98,   2979.21
2024-02-22,23:51:01.032,   69.46,  468.32,  280.21,  581.24,,,,,  349.67, 1049.56,    105325, 1399.23,  530.16,    3.12,  531.99,    6.43,,,,, 1062.15,    9.55,     54719, 1071.69,   1411.82,   1059.11,   2470.93
2024-02-22,23:51:02.032,   61.95,  488.66,  249.29,  592.11,,,,,  311.24, 1080.77,    105094, 1392.01,  515.75,    1.64,  520.95,    4.98,,,,, 1036.70,    6.62,     54561, 1043.32,   1347.94,   1087.39,   2435.33
2024-02-22,23:51:03.032,   62.32,  500.38,  250.40,  604.39,,,,,  312.72, 1104.77,    105185, 1417.49,  514.19,    2.23,  518.64,    5.57,,,,, 1032.82,    7.79,     54482, 1040.62,   1345.55,   1112.57,   2458.11
2024-02-22,23:51:04.032,   62.44,  507.15,  250.37,  611.16,,,,,  312.81, 1118.31,    105142, 1431.12,  509.42,    1.52,  511.48,    4.87,,,,, 1020.90,    6.39,     54471, 1027.29,   1333.71,   1124.70,   2458.41
2024-02-22,23:51:05.033,   82.64,  521.41,  322.52,  649.64,,,,,  405.16, 1171.05,    105293, 1576.22,  557.93,   19.02,  558.58,   22.16,,,,, 1116.51,   41.18,     54575, 1157.69,   1521.67,   1212.24,   2733.91
2024-02-22,23:51:06.032,   69.87,  550.74,  277.65,  664.42,,,,,  347.52, 1215.15,    105266, 1562.67,  527.65,    2.55,  530.10,    5.88,,,,, 1057.75,    8.43,     54645, 1066.18,   1405.27,   1223.59,   2628.86
2024-02-22,23:51:07.032,   57.75,  537.96,  213.58,  633.07,,,,,  271.33, 1171.03,    104988, 1442.35,  485.06,    2.05,  487.82,    5.39,,,,,  972.87,    7.44,     54052,  980.31,   1244.20,   1178.46,   2422.66
2024-02-22,23:51:08.033,   57.69,  535.67,  213.57,  630.69,,,,,  271.26, 1166.36,    105086, 1437.62,  474.49,    1.79,  475.93,    5.12,,,,,  950.42,    6.91,     54046,  957.32,   1221.68,   1173.27,   2394.94
2024-02-22,23:51:09.032,   57.72,  532.93,  213.65,  627.93,,,,,  271.37, 1160.86,    104983, 1432.22,  471.23,    1.94,  469.70,    5.26,,,,,  940.93,    7.19,     54037,  948.12,   1212.30,   1168.05,   2380.34
2024-02-22,23:51:10.033,   63.40,  544.48,  233.02,  646.85,,,,,  296.42, 1191.34,    105076, 1487.76,  478.72,    5.68,  477.73,    9.00,,,,,  956.45,   14.68,     54124,  971.13,   1252.87,   1206.02,   2458.89
2024-02-22,23:51:11.033,   60.33,  588.97,  213.78,  685.52,,,,,  274.11, 1274.49,    104976, 1548.60,  492.25,    3.00,  494.56,    6.34,,,,,  986.82,    9.34,     54136,  996.16,   1260.93,   1283.84,   2544.76
2024-02-22,23:51:12.034,   58.23,  589.12,  206.11,  682.78,,,,,  264.33, 1271.90,    105074, 1536.23,  477.17,    1.75,  480.38,    5.08,,,,,  957.55,    6.84,     53994,  964.39,   1221.88,   1278.74,   2500.62
2024-02-22,23:51:13.033,   57.85,  589.15,  205.04,  682.44,,,,,  262.88, 1271.59,    104963, 1534.47,  468.64,    2.18,  473.53,    5.51,,,,,  942.17,    7.69,     54035,  949.86,   1205.05,   1279.28,   2484.34
2024-02-22,23:51:14.033,   57.17,  589.24,  202.40,  681.59,,,,,  259.57, 1270.83,    104960, 1530.40,  470.13,    1.98,  473.67,    5.32,,,,,  943.80,    7.29,     54062,  951.09,   1203.37,   1278.12,   2481.49
2024-02-22,23:51:15.034,   68.58,  592.19,  241.72,  697.68,,,,,  310.29, 1289.87,    105176, 1600.17,  515.76,   21.26,  518.57,   24.77,,,,, 1034.33,   46.03,     54215, 1080.35,   1344.62,   1335.90,   2680.52
2024-02-22,23:51:16.034,   59.10,  594.40,  209.85,  689.70,,,,,  268.95, 1284.11,    104981, 1553.05,  504.55,    2.73,  506.82,    6.06,,,,, 1011.37,    8.79,     54284, 1020.16,   1280.32,   1292.89,   2573.21
2024-02-22,23:51:17.034,   64.06,  583.80,  228.41,  684.67,,,,,  292.47, 1268.47,    104978, 1560.94,  478.35,    2.36,  482.72,    5.70,,,,,  961.07,    8.06,     54061,  969.13,   1253.54,   1276.53,   2530.07
2024-02-22,23:51:18.033,   55.89,  596.61,  197.03,  687.14,,,,,  252.92, 1283.75,    105081, 1536.67,  468.47,    1.87,  472.08,    5.19,,,,,  940.55,    7.06,     54097,  947.61,   1193.47,   1290.81,   2484.27
2024-02-22,23:51:19.033,   56.32,  596.36,  198.63,  687.32,,,,,  254.95, 1283.68,    104974, 1538.62,  465.83,    1.82,  467.70,    5.13,,,,,  933.54,    6.94,     54019,  940.48,   1188.49,   1290.62,   2479.11
2024-02-22,23:51:20.034,   66.85,  595.82,  240.29,  701.12,,,,,  307.14, 1296.95,    105054, 1604.09,  479.10,    6.08,  479.72,    9.39,,,,,  958.83,   15.47,     54175,  974.30,   1265.97,   1312.42,   2578.39
2024-02-22,23:51:21.034,  119.64,  615.96,  441.20,  791.70,,,,,  560.84, 1407.66,    105294, 1968.49,  492.63,    2.90,  492.37,    6.21,,,,,  985.01,    9.12,     54164,  994.12,   1545.84,   1416.78,   2962.62
2024-02-22,23:51:22.034,  118.52,  614.64,  436.98,  789.18,,,,,  555.50, 1403.82,    105408, 1959.32,  475.78,    1.51,  475.77,    4.84,,,,,  951.55,    6.35,     54079,  957.90,   1507.05,   1410.17,   2917.22
2024-02-22,23:51:23.034,  118.96,  617.59,  438.51,  792.12,,,,,  557.47, 1409.71,    105270, 1967.18,  466.98,    2.00,  468.03,    5.34,,,,,  935.01,    7.33,     53965,  942.34,   1492.48,   1417.04,   2909.52
2024-02-22,23:51:24.034,  118.19,  615.70,  435.15,  789.49,,,,,  553.34, 1405.19,    105296, 1958.53,  466.68,    1.68,  464.47,    5.03,,,,,  931.14,    6.71,     53985,  937.85,   1484.48,   1411.90,   2896.38
2024-02-22,23:51:25.035,  118.68,  616.68,  437.89,  791.30,,,,,  556.56, 1407.99,    105312, 1964.55,  471.84,    2.10,  469.73,    5.43,,,,,  941.57,    7.53,     54002,  949.10,   1498.13,   1415.52,   2913.65
2024-02-22,23:51:26.035,  130.83,  528.46,  486.55,  715.71,,,,,  617.37, 1244.17,    105432, 1861.54,  528.71,   10.20,  529.59,   13.53,,,,, 1058.30,   23.72,     54355, 1082.02,   1675.67,   1267.90,   2943.57
2024-02-22,23:51:27.035,  118.93,  615.99,  438.59,  790.64,,,,,  557.52, 1406.63,    105299, 1964.16,  491.90,    2.23,  492.97,    5.57,,,,,  984.87,    7.80,     54153,  992.67,   1542.39,   1414.43,   2956.83
2024-02-22,23:51:28.035,  120.69,  616.80,  431.49,  786.82,,,,,  552.18, 1403.62,     69351, 1955.79,  475.04,    1.38,  475.14,    4.73,,,,,  950.18,    6.11,     54023,  956.29,   1502.35,   1409.73,   2912.08
2024-02-22,23:51:29.036,  122.33,  619.84,  432.49,  788.79,,,,,  554.82, 1408.63,     52561, 1963.45,  466.67,    2.02,  468.41,    5.35,,,,,  935.08,    7.36,     54071,  942.44,   1489.89,   1415.99,   2905.89
2024-02-22,23:51:30.036,  119.86,  611.39,  424.44,  777.55,,,,,  544.31, 1388.94,     52605, 1933.25,  467.59,    2.70,  470.05,    6.02,,,,,  937.64,    8.71,     54035,  946.35,   1481.95,   1397.65,   2879.60
2024-02-22,23:51:31.035,   58.94,  488.20,  197.16,  573.54,,,,,  256.10, 1061.74,     52443, 1317.85,  473.61,    2.59,  473.81,    5.95,,,,,  947.42,    8.54,     53987,  955.96,   1203.52,   1070.28,   2273.81
2024-02-22,23:51:32.035,   52.38,  503.49,  170.54,  579.02,,,,,  222.92, 1082.51,     52442, 1305.43,  472.31,    1.76,  473.99,    5.10,,,,,  946.30,    6.86,     54053,  953.16,   1169.22,   1089.37,   2258.59
2024-02-22,23:51:33.036,   52.37,  511.56,  169.52,  586.92,,,,,  221.89, 1098.47,     52486, 1320.36,  465.62,    1.54,  466.40,    4.87,,,,,  932.02,    6.41,     53990,  938.43,   1153.91,   1104.88,   2258.80
2024-02-22,23:51:34.035,   50.22,  517.11,  160.70,  589.11,,,,,  210.92, 1106.22,     52440, 1317.14,  458.08,    1.78,  459.08,    5.12,,,,,  917.16,    6.89,     53961,  924.06,   1128.08,   1113.11,   2241.20
2024-02-22,23:51:35.036,   50.55,  519.61,  161.79,  592.10,,,,,  212.33, 1111.71,     52492, 1324.04,  459.54,    1.61,  459.54,    4.98,,,,,  919.08,    6.60,     54064,  925.68,   1131.42,   1118.30,   2249.72
2024-02-22,23:51:36.036,   80.22,  551.53,  270.48,  660.15,,,,,  350.70, 1211.69,     52508, 1562.39,  508.93,   11.60,  509.70,   14.93,,,,, 1018.63,   26.53,     54180, 1045.16,   1369.33,   1238.21,   2607.54
2024-02-22,23:51:37.037,   51.14,  584.16,  159.78,  656.01,,,,,  210.92, 1240.17,     52492, 1451.09,  505.88,    3.19,  510.79,    6.50,,,,, 1016.67,    9.69,     54414, 1026.36,   1227.59,   1249.86,   2477.45
2024-02-22,23:51:38.036,   48.71,  582.51,  150.09,  650.71,,,,,  198.80, 1233.21,     52441, 1432.01,  484.21,    1.70,  487.31,    5.03,,,,,  971.52,    6.73,     54089,  978.25,   1170.32,   1239.94,   2410.26
2024-02-22,23:51:39.036,   48.67,  581.29,  149.98,  649.48,,,,,  198.64, 1230.77,     52421, 1429.42,  467.68,    1.88,  473.88,    5.22,,,,,  941.55,    7.09,     53963,  948.65,   1140.20,   1237.86,   2378.06
2024-02-22,23:51:40.037,   49.99,  582.07,  154.35,  651.88,,,,,  204.35, 1233.95,     52489, 1438.30,  472.46,    4.87,  474.77,    8.19,,,,,  947.23,   13.06,     54108,  960.29,   1151.57,   1247.01,   2398.59
2024-02-22,23:51:41.036,   52.24,  585.32,  163.21,  658.66,,,,,  215.45, 1243.97,     52433, 1459.42,  499.07,    3.79,  500.74,    7.14,,,,,  999.82,   10.93,     54329, 1010.75,   1215.26,   1254.91,   2470.17
2024-02-22,23:51:42.037,   50.67,  584.90,  157.91,  656.20,,,,,  208.59, 1241.10,     52481, 1449.68,  484.55,    1.65,  488.73,    4.99,,,,,  973.27,    6.63,     54178,  979.91,   1181.86,   1247.73,   2429.59
2024-02-22,23:51:43.037,   50.61,  584.23,  157.97,  655.61,,,,,  208.57, 1239.84,     52440, 1448.41,  472.44,    2.02,  476.23,    5.37,,,,,  948.66,    7.39,     54071,  956.05,   1157.24,   1247.22,   2404.46
2024-02-22,23:51:44.038,   50.28,  584.36,  156.33,  655.09,,,,,  206.61, 1239.46,     52474, 1446.07,  469.48,    1.46,  473.24,    4.83,,,,,  942.72,    6.30,     54085,  949.02,   1149.33,   1245.76,   2395.09
2024-02-22,23:51:45.037,   50.39,  583.79,  156.67,  654.60,,,,,  207.07, 1238.39,     52446, 1445.46,  462.06,    1.75,  464.99,    5.10,,,,,  927.05,    6.85,     53969,  933.90,   1134.12,   1245.24,   2379.36
2024-02-22,23:51:46.038,   73.85,  581.42,  245.34,  681.18,,,,,  319.19, 1262.59,     52547, 1581.78,  497.31,   12.76,  499.21,   16.04,,,,,  996.51,   28.81,     54097, 1025.32,   1315.70,   1291.40,   2607.10
2024-02-22,23:51:47.038,   45.00,  618.45,  143.90,  680.91,,,,,  188.90, 1299.36,     52434, 1488.26,  550.87,    6.27,  552.07,    9.59,,,,, 1102.94,   15.86,     54595, 1118.79,   1291.84,   1315.21,   2607.05
2024-02-22,23:51:48.037,   36.71,  613.29,  113.27,  663.73,,,,,  149.98, 1277.02,     52437, 1427.00,  520.95,    1.39,  521.50,    4.74,,,,, 1042.45,    6.13,     54585, 1048.58,   1192.43,   1283.15,   2475.59
2024-02-22,23:51:49.038,   37.73,  613.22,  117.22,  665.26,,,,,  154.95, 1278.48,     52481, 1433.43,  508.55,    1.46,  509.61,    4.81,,,,, 1018.16,    6.28,     54407, 1024.44,   1173.11,   1284.76,   2457.87
2024-02-22,23:51:50.038,   37.84,  612.08,  117.55,  664.20,,,,,  155.39, 1276.28,     52434, 1431.67,  512.70,    4.80,  514.33,    8.15,,,,, 1027.03,   12.95,     54480, 1039.98,   1182.42,   1289.23,   2471.65
2024-02-22,23:51:51.039,   64.54,  634.20,  221.86,  727.60,,,,,  286.40, 1361.81,     52533, 1648.21,  532.00,    3.02,  533.25,    6.33,,,,, 1065.24,    9.34,     54569, 1074.59,   1351.65,   1371.15,   2722.80
2024-02-22,23:51:52.039,   56.93,  628.08,  193.09,  710.53,,,,,  250.02, 1338.61,     52455, 1588.63,  521.45,    2.44,  523.10,    5.83,,,,, 1044.55,    8.28,     54477, 1052.83,   1294.57,   1346.88,   2641.46
2024-02-22,23:51:53.038,   57.82,  628.40,  196.31,  712.03,,,,,  254.13, 1340.43,     52478, 1594.57,  515.83,    2.05,  517.99,    5.38,,,,, 1033.82,    7.43,     54379, 1041.25,   1287.95,   1347.87,   2635.82
2024-02-22,23:51:54.039,   57.34,  629.20,  193.85,  711.85,,,,,  251.19, 1341.05,     52512, 1592.24,  508.86,    1.74,  509.21,    5.06,,,,, 1018.08,    6.79,     54509, 1024.87,   1269.27,   1347.84,   2617.11
2024-02-22,23:51:55.039,   56.81,  628.39,  192.39,  710.74,,,,,  249.21, 1339.13,     52463, 1588.34,  511.01,    2.29,  513.37,    5.64,,,,, 1024.38,    7.93,     54365, 1032.31,   1273.59,   1347.07,   2620.65
2024-02-22,23:51:56.040,   54.83,  626.58,  186.13,  706.68,,,,,  240.96, 1333.26,     52512, 1574.21,  506.85,    1.82,  509.27,    5.16,,,,, 1016.12,    6.98,     54597, 1023.10,   1257.08,   1340.24,   2597.31
2024-02-22,23:51:57.039,   86.09,  632.19,  294.55,  748.94,,,,,  380.64, 1381.13,     52552, 1761.77,  564.88,   14.88,  566.20,   18.12,,,,, 1131.08,   33.00,     54650, 1164.08,   1511.72,   1414.13,   2925.85
2024-02-22,23:51:58.039,   56.59,  629.92,  190.58,  711.73,,,,,  247.18, 1341.65,     52453, 1588.83,  535.30,    3.30,  538.36,    6.64,,,,, 1073.66,    9.94,     54566, 1083.61,   1320.84,   1351.60,   2672.43
2024-02-22,23:51:59.040,   56.02,  629.68,  188.17,  710.51,,,,,  244.19, 1340.20,     52529, 1584.39,  520.16,    2.30,  522.36,    5.65,,,,, 1042.52,    7.95,     54620, 1050.47,   1286.71,   1348.14,   2634.85
2024-02-22,23:52:00.040,   56.05,  630.78,  189.01,  711.89,,,,,  245.06, 1342.67,     52451, 1587.73,  508.60,    1.71,  512.27,    5.04,,,,, 1020.88,    6.76,     54531, 1027.63,   1265.94,   1349.43,   2615.36
2024-02-22,23:52:01.041,  108.46,  672.35,  386.36,  826.04,,,,,  494.83, 1498.39,     52577, 1993.22,  512.22,    3.17,  515.21,    6.50,,,,, 1027.43,    9.67,     54438, 1037.11,   1522.26,   1508.06,   3030.33
2024-02-22,23:52:02.041,  108.26,  674.11,  385.29,  827.52,,,,,  493.56, 1501.63,     52610, 1995.19,  506.65,    2.09,  509.74,    5.45,,,,, 1016.39,    7.54,     54607, 1023.93,   1509.95,   1509.17,   3019.12
2024-02-22,23:52:03.041,  108.46,  672.79,  386.22,  826.51,,,,,  494.68, 1499.29,     52563, 1993.97,  506.36,    2.37,  508.09,    5.71,,,,, 1014.45,    8.08,     54418, 1022.53,   1509.13,   1507.37,   3016.50
2024-02-22,23:52:04.041,  108.15,  673.45,  385.21,  827.02,,,,,  493.35, 1500.48,     52559, 1993.83,  510.06,    2.51,  512.31,    5.84,,,,, 1022.38,    8.35,     54391, 1030.73,   1515.73,   1508.83,   3024.56
2024-02-22,23:52:05.040,  108.64,  673.30,  387.00,  827.28,,,,,  495.64, 1500.58,     52569, 1996.22,  508.62,    2.25,  512.28,    5.59,,,,, 1020.91,    7.83,     54536, 1028.74,   1516.55,   1508.42,   3024.96
2024-02-22,23:52:06.041,   95.88,  577.97,  340.04,  712.45,,,,,  435.92, 1290.42,     52599, 1726.35,  453.36,    1.50,  455.88,    4.84,,,,,  909.24,    6.34,     54157,  915.58,   1345.17,   1296.76,   2641.93
2024-02-22,23:52:07.041,   19.20,   16.75,   53.13,   34.03,,,,,   72.33,   50.78,     52437,  123.11,  161.98,   16.87,  154.78,   20.12,,,,,  316.76,   37.00,     52467,  353.76,    389.09,     87.78,    476.86
2024-02-22,23:52:08.041,    6.41,    4.79,   10.60,    5.58,,,,,   17.00,   10.36,     52406,   27.37,  131.71,    3.04,  121.82,    6.37,,,,,  253.53,    9.40,     52440,  262.93,    270.53,     19.77,    290.30
2024-02-22,23:52:09.041,    6.34,    4.50,   10.91,    5.52,,,,,   17.25,   10.02,     52464,   27.26,   86.82,    2.24,   84.30,    5.55,,,,,  171.12,    7.80,     52467,  178.92,    188.37,     17.82,    206.18
2024-02-22,23:52:10.041,    5.67,    4.12,    8.16,    3.98,,,,,   13.83,    8.10,     52456,   21.93,   71.16,    1.41,   69.10,    4.73,,,,,  140.26,    6.14,     52469,  146.40,    154.09,     14.24,    168.33
2024-02-22,23:52:11.041,    6.76,    4.78,   11.32,    5.95,,,,,   18.08,   10.72,     52413,   28.81,  104.38,    5.05,  102.62,    8.41,,,,,  207.00,   13.46,     52429,  220.46,    225.08,     24.18,    249.27
2024-02-22,23:52:12.040,    5.44,    4.01,    7.15,    3.43,,,,,   12.59,    7.44,     52405,   20.03,   76.87,    1.77,   77.72,    5.09,,,,,  154.58,    6.86,     52409,  161.44,    167.17,     14.30,    181.48
2024-02-22,23:52:13.040,    6.01,    4.19,    9.50,    4.60,,,,,   15.51,    8.79,     52457,   24.30,   68.14,    1.55,   66.59,    4.87,,,,,  134.72,    6.42,     52458,  141.14,    150.24,     15.21,    165.44
2024-02-22,23:52:14.040,    5.57,    4.14,    7.72,    3.83,,,,,   13.30,    7.96,     52456,   21.26,   64.58,    1.42,   64.50,    4.77,,,,,  129.07,    6.19,     52462,  135.26,    142.37,     14.15,    156.53
2024-02-22,23:52:15.040,    5.81,    4.36,    8.73,    4.49,,,,,   14.54,    8.84,     52408,   23.39,   63.49,    1.52,   61.80,    4.85,,,,,  125.28,    6.37,     52414,  131.65,    139.83,     15.21,    155.04
2024-02-22,23:52:16.041,    5.66,    4.15,    8.03,    3.92,,,,,   13.69,    8.07,     52456,   21.76,   57.79,    1.21,   60.60,    4.53,,,,,  118.39,    5.74,     52461,  124.12,    132.08,     13.81,    145.89
2024-02-22,23:52:17.042,    6.99,    5.97,   12.37,    7.58,,,,,   19.37,   13.55,     52409,   32.92,   63.37,    4.17,   63.76,    7.52,,,,,  127.13,   11.69,     52488,  138.82,    146.50,     25.24,    171.74
2024-02-22,23:52:18.040,   22.48,   15.05,   68.13,   37.58,,,,,   90.61,   52.63,     52447,  143.24,  141.70,    8.96,  146.33,   12.25,,,,,  288.02,   21.20,     52394,  309.23,    378.63,     73.83,    452.47
2024-02-22,23:52:19.041,    6.31,    4.92,   10.70,    5.84,,,,,   17.01,   10.76,     52458,   27.77,   79.83,    1.68,   79.77,    4.99,,,,,  159.60,    6.67,     52465,  166.27,    176.61,     17.44,    194.05
2024-02-22,23:52:20.041,    5.50,    4.20,    7.57,    3.82,,,,,   13.06,    8.02,     52402,   21.08,   68.80,    1.73,   67.21,    5.02,,,,,  136.01,    6.75,     52414,  142.76,    149.07,     14.77,    163.84
2024-02-22,23:52:21.041,    6.72,    4.76,   11.38,    5.97,,,,,   18.10,   10.73,     52458,   28.83,  109.71,    5.56,  114.93,    8.93,,,,,  224.64,   14.49,     52486,  239.12,    242.74,     25.22,    267.96
2024-02-22,23:52:22.041,    5.70,    4.04,    8.18,    3.87,,,,,   13.88,    7.90,     52404,   21.79,   76.78,    1.56,   76.24,    4.90,,,,,  153.02,    6.46,     52420,  159.48,    166.90,     14.37,    181.27
2024-02-22,23:52:23.042,    5.77,    4.16,    8.48,    4.16,,,,,   14.24,    8.32,     52462,   22.57,   70.21,    1.73,   71.49,    5.06,,,,,  141.70,    6.78,     52468,  148.48,    155.94,     15.11,    171.05
2024-02-22,23:52:24.041,    5.84,    4.13,    8.42,    4.10,,,,,   14.26,    8.23,     52403,   22.49,   67.14,    1.59,   65.44,    4.92,,,,,  132.58,    6.51,     52409,  139.10,    146.84,     14.74,    161.58
2024-02-22,23:52:25.042,    5.59,    4.22,    8.04,    4.07,,,,,   13.63,    8.29,     52459,   21.92,   64.98,    1.54,   64.90,    4.86,,,,,  129.87,    6.40,     52471,  136.27,    143.51,     14.68,    158.19
2024-02-22,23:52:26.042,   19.53,   96.06,   59.26,  117.03,,,,,   78.79,  213.09,     52444,  291.88,  122.16,    3.09,  123.67,    6.41,,,,,  245.83,    9.50,     52641,  255.32,    324.62,    222.58,    547.21
2024-02-22,23:52:27.042,   98.95,  662.96,  350.15,  803.68,,,,,  449.10, 1466.64,     52599, 1915.74,  440.98,    2.08,  445.63,    5.39,,,,,  886.60,    7.47,     54037,  894.07,   1335.70,   1474.10,   2809.80
2024-02-22,23:52:28.042,  116.86,  627.80,  416.28,  787.57,,,,,  533.13, 1415.37,     52641, 1948.51,  545.66,   15.58,  546.87,   18.88,,,,, 1092.53,   34.46,     54517, 1126.99,   1625.67,   1449.83,   3075.50
2024-02-22,23:52:29.042,   97.36,  662.13,  345.00,  801.26,,,,,  442.35, 1463.39,     52516, 1905.75,  537.38,    3.15,  539.13,    6.51,,,,, 1076.51,    9.66,     54724, 1086.17,   1518.86,   1473.05,   2991.92
2024-02-22,23:52:30.042,   96.44,  661.55,  342.10,  799.94,,,,,  438.54, 1461.48,     52522, 1900.02,  518.58,    1.90,  520.99,    5.26,,,,, 1039.57,    7.16,     54494, 1046.73,   1478.10,   1468.64,   2946.75
2024-02-22,23:52:31.043,   86.84,  641.15,  306.89,  766.82,,,,,  393.72, 1407.98,     52576, 1801.70,  539.95,    7.08,  541.71,   10.38,,,,, 1081.66,   17.46,     54686, 1099.12,   1475.39,   1425.43,   2900.82
2024-02-22,23:52:32.043,   78.98,  635.38,  276.50,  750.18,,,,,  355.48, 1385.56,     52478, 1741.04,  529.13,    3.20,  531.42,    6.52,,,,, 1060.54,    9.71,     54498, 1070.26,   1416.03,   1395.27,   2811.30
2024-02-22,23:52:33.043,   76.72,  635.68,  268.94,  747.87,,,,,  345.66, 1383.55,     52473, 1729.21,  521.00,    1.98,  524.65,    5.34,,,,, 1045.66,    7.32,     54510, 1052.97,   1391.32,   1390.87,   2782.18
2024-02-22,23:52:34.044,   75.30,  636.37,  262.98,  746.27,,,,,  338.27, 1382.64,     52546, 1720.91,  515.42,    2.13,  519.27,    5.46,,,,, 1034.69,    7.59,     54563, 1042.28,   1372.96,   1390.23,   2763.20
2024-02-22,23:52:35.043,   75.36,  636.14,  263.23,  746.05,,,,,  338.59, 1382.19,     52490, 1720.78,  512.34,    2.10,  514.85,    5.43,,,,, 1027.19,    7.53,     54362, 1034.73,   1365.78,   1389.72,   2755.50
2024-02-22,23:52:36.043,   74.40,  636.44,  260.55,  745.14,,,,,  334.95, 1381.58,     52485, 1716.53,  508.14,    1.89,  512.05,    5.23,,,,, 1020.20,    7.13,     54457, 1027.33,   1355.15,   1388.71,   2743.86
2024-02-22,23:52:37.044,   74.54,  637.43,  260.02,  745.77,,,,,  334.56, 1383.20,     52540, 1717.76,  508.45,    2.34,  511.98,    5.68,,,,, 1020.43,    8.01