,input_rate,output_rate,latency,ndpi_stats-pcm_processed_System-Date,ndpi_stats-pcm_processed_System-Time,ndpi_stats-pcm_processed_Socket 0-EXEC,ndpi_stats-pcm_processed_Socket 0-IPC,ndpi_stats-pcm_processed_Socket 0-FREQ,ndpi_stats-pcm_processed_Socket 0-AFREQ,ndpi_stats-pcm_processed_Socket 0-L3MISS,ndpi_stats-pcm_processed_Socket 0-L2MISS,ndpi_stats-pcm_processed_Socket 0-L3HIT,ndpi_stats-pcm_processed_Socket 0-L2HIT,ndpi_stats-pcm_processed_Socket 0-L3MPI,ndpi_stats-pcm_processed_Socket 0-L2MPI,ndpi_stats-pcm_processed_Socket 0-L3OCC,ndpi_stats-pcm_processed_Socket 0-READ,ndpi_stats-pcm_processed_Socket 0-WRITE,ndpi_stats-pcm_processed_Socket 0-LOCAL,ndpi_stats-pcm_processed_Socket 0-TEMP,ndpi_stats-pcm_processed_Socket 0-INST,ndpi_stats-pcm_processed_Socket 0-ACYC,ndpi_stats-pcm_processed_Socket 0-TIME(ticks),ndpi_stats-pcm_processed_Socket 0-PhysIPC,ndpi_stats-pcm_processed_Socket 0-PhysIPC%,ndpi_stats-pcm_processed_Socket 0-INSTnom,ndpi_stats-pcm_processed_Socket 0-INSTnom%,ndpi_stats-pcm_processed_Socket 1-EXEC,ndpi_stats-pcm_processed_Socket 1-IPC,ndpi_stats-pcm_processed_Socket 1-FREQ,ndpi_stats-pcm_processed_Socket 1-AFREQ,ndpi_stats-pcm_processed_Socket 1-L3MISS,ndpi_stats-pcm_processed_Socket 1-L2MISS,ndpi_stats-pcm_processed_Socket 1-L3HIT,ndpi_stats-pcm_processed_Socket 1-L2HIT,ndpi_stats-pcm_processed_Socket 1-L3MPI,ndpi_stats-pcm_processed_Socket 1-L2MPI,ndpi_stats-pcm_processed_Socket 1-L3OCC,ndpi_stats-pcm_processed_Socket 1-READ,ndpi_stats-pcm_processed_Socket 1-WRITE,ndpi_stats-pcm_processed_Socket 1-LOCAL,ndpi_stats-pcm_processed_Socket 1-TEMP,ndpi_stats-pcm_processed_Socket 1-INST,ndpi_stats-pcm_processed_Socket 1-ACYC,ndpi_stats-pcm_processed_Socket 1-TIME(ticks),ndpi_stats-pcm_processed_Socket 1-PhysIPC,ndpi_stats-pcm_processed_Socket 1-PhysIPC%,ndpi_stats-pcm_processed_Socket 1-INSTnom,ndpi_stats-pcm_processed_Socket 1-INSTnom%,ndpi_stats-pcm_processed_SKT0 Core C-State-C0res%,ndpi_stats-pcm_processed_SKT0 Core C-State-C1res%,ndpi_stats-pcm_processed_SKT0 Core C-State-C3res%,ndpi_stats-pcm_processed_SKT0 Core C-State-C6res%,ndpi_stats-pcm_processed_SKT0 Core C-State-C7res%,ndpi_stats-pcm_processed_SKT0 Package C-State-C0res%,ndpi_stats-pcm_processed_SKT0 Package C-State-C2res%,ndpi_stats-pcm_processed_SKT0 Package C-State-C3res%,ndpi_stats-pcm_processed_SKT0 Package C-State-C6res%,ndpi_stats-pcm_processed_SKT0 Package C-State-C7res%,ndpi_stats-pcm_processed_SKT1 Core C-State-C0res%,ndpi_stats-pcm_processed_SKT1 Core C-State-C1res%,ndpi_stats-pcm_processed_SKT1 Core C-State-C3res%,ndpi_stats-pcm_processed_SKT1 Core C-State-C6res%,ndpi_stats-pcm_processed_SKT1 Core C-State-C7res%,ndpi_stats-pcm_processed_SKT1 Package C-State-C0res%,ndpi_stats-pcm_processed_SKT1 Package C-State-C2res%,ndpi_stats-pcm_processed_SKT1 Package C-State-C3res%,ndpi_stats-pcm_processed_SKT1 Package C-State-C6res%,ndpi_stats-pcm_processed_SKT1 Package C-State-C7res%,ndpi_stats-pcm_processed_Proc Energy (Joules)-SKT0,ndpi_stats-pcm_processed_Proc Energy (Joules)-SKT1,ndpi_stats-pcm_processed_DRAM Energy (Joules)-SKT0,ndpi_stats-pcm_processed_DRAM Energy (Joules)-SKT1,ndpi_stats-pcm_processed_LLCRDMISSLAT (ns)-SKT0,ndpi_stats-pcm_processed_LLCRDMISSLAT (ns)-SKT1,ndpi_stats-pcm_processed_UncFREQ (Ghz)-SKT0,ndpi_stats-pcm_processed_UncFREQ (Ghz)-SKT1,ndpi_stats-pcm_processed_Core3 (Socket 0)-EXEC,ndpi_stats-pcm_processed_Core3 (Socket 0)-IPC,ndpi_stats-pcm_processed_Core3 (Socket 0)-FREQ,ndpi_stats-pcm_processed_Core3 (Socket 0)-AFREQ,ndpi_stats-pcm_processed_Core3 (Socket 0)-L3MISS,ndpi_stats-pcm_processed_Core3 (Socket 0)-L2MISS,ndpi_stats-pcm_processed_Core3 (Socket 0)-L3HIT,ndpi_stats-pcm_processed_Core3 (Socket 0)-L2HIT,ndpi_stats-pcm_processed_Core3 (Socket 0)-L3MPI,ndpi_stats-pcm_processed_Core3 (Socket 0)-L2MPI,ndpi_stats-pcm_processed_Core3 (Socket 0)-L3OCC,ndpi_stats-pcm_processed_Core3 (Socket 0)-C0res%,ndpi_stats-pcm_processed_Core3 (Socket 0)-C1res%,ndpi_stats-pcm_processed_Core3 (Socket 0)-C3res%,ndpi_stats-pcm_processed_Core3 (Socket 0)-C6res%,ndpi_stats-pcm_processed_Core3 (Socket 0)-C7res%,ndpi_stats-pcm_processed_Core3 (Socket 0)-TEMP,ndpi_stats-pcm_processed_Core3 (Socket 0)-INST,ndpi_stats-pcm_processed_Core3 (Socket 0)-ACYC,ndpi_stats-pcm_processed_Core3 (Socket 0)-TIME(ticks),ndpi_stats-pcm_processed_Core3 (Socket 0)-PhysIPC,ndpi_stats-pcm_processed_Core3 (Socket 0)-PhysIPC%,ndpi_stats-pcm_processed_Core3 (Socket 0)-INSTnom,ndpi_stats-pcm_processed_Core3 (Socket 0)-INSTnom%,ndpi_stats-pcm_processed_-,pcm-pcie_processed_skt-0_PCIRdCur-total,pcm-pcie_processed_skt-0_RFO-total,pcm-pcie_processed_skt-0_CRd-total,pcm-pcie_processed_skt-0_DRd-total,pcm-pcie_processed_skt-0_ItoM-total,pcm-pcie_processed_skt-0_PRd-total,pcm-pcie_processed_skt-0_WiL-total,pcm-pcie_processed_skt-1_PCIRdCur-total,pcm-pcie_processed_skt-1_RFO-total,pcm-pcie_processed_skt-1_CRd-total,pcm-pcie_processed_skt-1_DRd-total,pcm-pcie_processed_skt-1_ItoM-total,pcm-pcie_processed_skt-1_PRd-total,pcm-pcie_processed_skt-1_WiL-total,pcm-memory_processed_SKT0-Ch0Read,pcm-memory_processed_SKT0-Ch0Write,pcm-memory_processed_SKT0-Ch1Read,pcm-memory_processed_SKT0-Ch1Write,pcm-memory_processed_SKT0-Mem Read (MB/s),pcm-memory_processed_SKT0-Mem Write (MB/s),pcm-memory_processed_SKT0-P. Write (T/s),pcm-memory_processed_SKT0-Memory (MB/s),pcm-memory_processed_SKT1-Ch0Read,pcm-memory_processed_SKT1-Ch0Write,pcm-memory_processed_SKT1-Ch1Read,pcm-memory_processed_SKT1-Ch1Write,pcm-memory_processed_SKT1-Mem Read (MB/s),pcm-memory_processed_SKT1-Mem Write (MB/s),pcm-memory_processed_SKT1-P. Write (T/s),pcm-memory_processed_SKT1-Memory (MB/s),pcm-memory_processed_System-Read,pcm-memory_processed_System-Write,pcm-memory_processed_System-Memory,tx_stats_PacketRate,tx_stats_Mbit,tx_stats_MbitWithFraming,tx_stats_TotalPackets,tx_stats_TotalBytes,packetsize
0,821.61113660661,344.59232817792,15000.0,2024-02-13,13:12:24.113,0.28,2.78,0.1,1.12,0.16,17.19,0.99,0.29,0.0,0.0012,11760.0,0.47,0.4,99.0,47.0,14585.14,5246.55,2600.42,5.56,139.0,0.56,14.02,0.05,1.44,0.03,1.22,0.06,3.56,0.98,0.75,0.0,0.0014,22000.0,0.29,0.01,98.0,41.0,2551.02,1777.61,2600.42,2.87,71.75,0.1,2.45,9.04,64.98,0.05,25.92,0.0,100.0,0.0,0.0,0.0,0.0,2.8,27.7,0.23,69.26,0.0,100.0,0.0,0.0,0.0,0.0,72.93,52.98,4.39,4.38,1051253.08,1063461.85,3.0,3.0,0.81,2.91,0.28,1.12,0.01,2.48,1.0,0.11,0.0,0.0012,3120.0,24.91,75.09,0.0,0.0,0.0,50.0,2103.66,722.47,2600.42,5.82,145.59,1.62,40.45,,11309046.0,2808526.0,1764602.0,95243078.0,8319248.0,140.0,368816.0,10632244.0,127176.0,4517016.0,10847284.0,0.0,27692.0,162484.0,148.6,194.07,530.51,381.91,679.11,575.98,1919088342.0,1255.1,206.01,5.97,210.49,8.94,416.5,14.91,1919304048.0,431.41,1095.61,590.89,1686.51,0.27455014560417,777.68311330994,821.61113660661,274937.0,97346722.0,1514
1,607.66551729791,691.04289321951,6.896,2024-02-13,13:12:25.113,0.19,2.36,0.08,1.12,0.14,20.9,0.99,0.23,0.0,0.0021,12880.0,0.74,0.63,99.0,47.0,9822.47,4160.02,2596.42,4.72,118.06,0.38,9.46,0.04,1.59,0.03,1.22,0.02,2.86,0.99,0.4,0.0,0.0013,22920.0,0.44,0.01,96.0,40.0,2284.83,1441.36,2596.42,3.17,79.26,0.09,2.2,7.18,66.54,0.04,26.24,0.0,100.0,0.0,0.0,0.0,0.0,2.28,27.65,0.15,69.92,0.0,100.0,0.0,0.0,0.0,0.0,72.11,53.0,4.56,4.4,0.33,0.0,3.0,3.0,0.56,2.55,0.22,1.12,0.01,3.06,1.0,0.1,0.0,0.0021,3400.0,19.73,80.27,0.0,0.0,0.0,50.0,1456.07,571.3,2596.42,5.1,127.43,1.12,28.04,,11507342.0,2940448.0,1786344.0,97567246.0,8180816.0,140.0,341782.0,10775940.0,127610.0,4500188.0,10261160.0,0.0,27524.0,162974.0,160.08,210.13,574.79,415.17,734.87,625.3,2133150613.0,1360.17,214.63,1.64,219.03,4.97,433.66,6.62,2133069304.0,440.27,1168.53,631.91,1800.44,0.20318318364439,575.15620791481,607.66551729791,478931.0,169528148.0,1514
2,770.694685013,779.0902988979,6.79,2024-02-13,13:12:26.113,0.19,2.37,0.08,1.12,0.13,21.15,0.99,0.22,0.0,0.0021,15000.0,0.73,0.62,99.0,46.0,9835.51,4144.51,2598.22,4.75,118.66,0.38,9.46,0.04,1.59,0.03,1.22,0.01,2.88,1.0,0.4,0.0,0.0013,23040.0,0.42,0.01,97.0,40.0,2291.48,1441.29,2598.22,3.18,79.49,0.09,2.2,7.15,66.7,0.02,26.13,0.0,100.0,0.0,0.0,0.0,0.0,2.27,27.65,0.13,69.95,0.0,100.0,0.0,0.0,0.0,0.0,72.42,53.02,4.57,4.39,0.33,0.0,3.0,3.0,0.56,2.55,0.22,1.12,0.01,3.08,1.0,0.1,0.0,0.0021,4160.0,19.73,80.27,0.0,0.0,0.0,49.0,1456.47,571.84,2598.22,5.09,127.35,1.12,28.03,,11563496.0,3010196.0,1873172.0,97042918.0,8266776.0,140.0,347466.0,10771880.0,125972.0,4630682.0,10166940.0,0.0,27706.0,164430.0,159.91,211.02,572.88,414.75,732.79,625.77,2132601867.0,1358.56,208.51,1.63,212.45,4.96,420.96,6.59,2132626225.0,427.55,1153.75,632.37,1786.11,0.25721697783514,729.53996855937,770.694685013,741293.0,262544736.0,1514
3,1620.3540046361,2234.689496567,923.446,2024-02-13,13:12:27.113,0.19,2.37,0.08,1.12,0.14,21.34,0.99,0.22,0.0,0.0022,15240.0,0.73,0.62,99.0,46.0,9877.65,4170.82,2598.1,4.74,118.41,0.38,9.5,0.04,1.6,0.03,1.22,0.01,2.89,1.0,0.39,0.0,0.0013,23240.0,0.42,0.01,96.0,40.0,2289.4,1427.4,2598.1,3.21,80.19,0.09,2.2,7.2,66.72,0.02,26.06,0.0,100.0,0.0,0.0,0.0,0.0,2.25,27.55,0.15,70.05,0.0,100.0,0.0,0.0,0.0,0.0,72.37,53.0,4.57,4.39,0.33,0.0,3.0,3.0,0.56,2.56,0.22,1.12,0.01,3.11,1.0,0.1,0.0,0.0021,4120.0,19.77,80.23,0.0,0.0,0.0,50.0,1467.29,572.89,2598.1,5.12,128.06,1.13,28.24,,11570566.0,3019632.0,1875314.0,97917162.0,8193010.0,140.0,365372.0,10773924.0,127120.0,4640678.0,10168886.0,0.0,27636.0,166628.0,158.42,209.18,568.55,411.96,726.97,621.14,2132593363.0,1348.11,204.85,1.76,208.65,5.06,413.49,6.82,2132681514.0,420.31,1140.46,627.96,1768.42,0.54207320874182,1533.6222912374,1620.3540046361,1283379.0,454252046.0,1514
4,5239.0980811497,5220.611178265,48.509,2024-02-13,13:12:28.113,0.18,1.96,0.09,1.12,0.31,20.14,0.98,0.25,0.0,0.0021,16440.0,0.75,0.68,97.0,46.0,9551.8,4867.98,2595.49,3.92,98.11,0.37,9.2,0.04,1.2,0.03,1.19,0.06,3.23,0.98,0.4,0.0,0.0015,23480.0,0.46,0.02,91.0,40.0,2169.91,1801.5,2595.49,2.41,60.23,0.08,2.09,8.41,69.33,0.05,22.21,0.0,100.0,0.0,0.0,0.0,0.0,2.93,32.81,0.18,64.08,0.0,100.0,0.0,0.0,0.0,0.0,73.09,54.33,4.57,4.41,0.0,0.0,3.0,3.0,0.55,2.49,0.22,1.12,0.01,2.86,1.0,0.11,0.0,0.002,2720.0,19.73,80.27,0.0,0.0,0.0,49.0,1423.83,571.33,2595.49,4.98,124.61,1.1,27.43,,9175474.0,2388694.0,4373502.0,73119732.0,8351616.0,112.0,518994.0,10795764.0,127288.0,5737214.0,14042798.0,0.0,27748.0,165718.0,164.49,241.79,580.54,446.87,745.03,688.66,2134832182.0,1433.7,239.71,11.94,242.59,15.24,482.3,27.18,2134652547.0,509.47,1227.33,715.84,1943.17,1.7527960191059,4958.6507180927,5239.0980811497,3036183.0,1074086208.0,1024
5,5241.3887473145,5234.1861879985,43.04,2024-02-13,13:12:29.113,0.2,2.45,0.08,1.12,0.15,23.63,0.99,0.23,0.0,0.0023,17960.0,0.62,0.59,99.0,46.0,10475.87,4282.37,2598.54,4.89,122.31,0.4,10.08,0.04,1.56,0.03,1.22,0.05,3.09,0.98,0.4,0.0,0.0014,23480.0,0.47,0.01,96.0,40.0,2278.01,1456.58,2598.54,3.13,78.2,0.09,2.19,7.39,67.42,0.03,25.16,0.0,100.0,0.0,0.0,0.0,0.0,2.31,28.6,0.16,68.93,0.0,100.0,0.0,0.0,0.0,0.0,73.43,53.16,4.53,4.41,0.28,0.33,3.0,3.0,0.63,2.84,0.22,1.12,0.0,3.34,1.0,0.11,0.0,0.0021,4040.0,19.77,80.23,0.0,0.0,0.0,48.0,1626.86,572.89,2598.54,5.68,141.99,1.25,31.31,,11960326.0,3511032.0,1796914.0,113028846.0,8094744.0,0.0,520058.0,10750292.0,125930.0,4659242.0,10418212.0,0.0,27818.0,166334.0,128.56,195.87,465.9,368.59,594.46,564.46,2132579118.0,1158.92,225.84,3.72,229.28,7.03,455.12,10.75,2132580959.0,465.86,1049.58,575.2,1624.78,1.7519184551409,4961.0817944919,5241.3887473145,4788149.0,1694238262.0,1024
6,5245.8048735183,5242.1789486228,29.392,2024-02-13,13:12:30.114,0.2,2.5,0.08,1.12,0.1,23.89,1.0,0.21,0.0,0.0023,17520.0,0.61,0.58,99.0,46.0,10551.79,4227.0,2597.87,4.99,124.81,0.41,10.15,0.04,1.55,0.03,1.22,0.02,2.92,0.99,0.4,0.0,0.0013,23280.0,0.44,0.01,96.0,40.0,2267.78,1463.18,2597.87,3.1,77.5,0.09,2.18,7.29,66.59,0.02,26.1,0.0,100.0,0.0,0.0,0.0,0.0,2.32,28.0,0.14,69.54,0.0,100.0,0.0,0.0,0.0,0.0,73.29,53.09,4.51,4.4,0.33,0.0,3.0,3.0,0.63,2.86,0.22,1.12,0.0,3.39,1.0,0.11,0.0,0.0021,3840.0,19.78,80.22,0.0,0.0,0.0,48.0,1636.84,573.21,2597.87,5.71,142.78,1.26,31.5,,11964736.0,3489430.0,1801674.0,103671708.0,8115184.0,0.0,558656.0,10755318.0,125706.0,4560976.0,11112948.0,0.0,28042.0,165802.0,131.81,200.56,476.57,376.31,608.38,576.87,2134651953.0,1185.25,218.98,2.82,223.13,6.12,442.1,8.94,2134714258.0,451.04,1050.49,585.81,1636.3,1.7582016995649,4964.492601588,5245.8048735183,6546356.0,2314801708.0,1024
7,5244.84867713,5147.6350960864,27.75,2024-02-13,13:12:31.113,0.2,2.55,0.08,1.12,0.08,24.24,1.0,0.21,0.0,0.0023,17720.0,0.58,0.56,99.0,46.0,10576.91,4150.49,2595.49,5.1,127.42,0.41,10.19,0.04,1.6,0.03,1.22,0.02,2.97,0.99,0.39,0.0,0.0013,23560.0,0.44,0.01,96.0,40.0,2296.28,1434.55,2595.49,3.2,80.04,0.09,2.21,7.17,66.39,0.0,26.44,0.0,100.0,0.0,0.0,0.0,0.0,2.26,27.49,0.12,70.12,0.0,100.0,0.0,0.0,0.0,0.0,73.27,52.94,4.5,4.39,0.33,0.0,3.0,3.0,0.63,2.87,0.22,1.12,0.0,3.44,1.0,0.11,0.0,0.0021,3520.0,19.8,80.2,0.0,0.0,0.0,48.0,1644.01,573.19,2595.49,5.74,143.41,1.27,31.67,,11996474.0,3509086.0,1756244.0,114654638.0,8158864.0,0.0,572432.0,10768184.0,124992.0,4600456.0,10287746.0,0.0,28126.0,166250.0,125.32,193.75,456.65,363.5,581.97,557.25,2132503476.0,1139.22,214.03,1.93,218.88,5.25,432.91,7.17,2132455533.0,440.08,1014.88,564.42,1579.31,1.7553122812479,4963.9987121303,5244.84867713,8301723.0,2935320890.0,1024
8,5240.0563131784,5015.3372173126,63.255,2024-02-13,13:12:32.113,0.2,2.54,0.08,1.12,0.11,24.3,1.0,0.21,0.0,0.0023,19160.0,0.59,0.56,99.0,46.0,10599.16,4166.88,2597.76,5.09,127.18,0.41,10.2,0.04,1.6,0.03,1.22,0.02,2.98,0.99,0.42,0.0,0.0013,25240.0,0.44,0.02,96.0,39.0,2322.92,1451.51,2597.76,3.2,80.02,0.09,2.24,7.19,66.52,0.01,26.27,0.0,100.0,0.0,0.0,0.0,0.0,2.3,28.04,0.14,69.52,0.0,100.0,0.0,0.0,0.0,0.0,73.49,53.25,4.52,4.4,0.33,0.0,3.0,3.0,0.63,2.87,0.22,1.12,0.0,3.44,1.0,0.11,0.0,0.0021,3680.0,19.76,80.24,0.0,0.0,0.0,48.0,1645.05,572.57,2597.76,5.75,143.65,1.27,31.66,,11849978.0,3528532.0,1792672.0,115188010.0,8166116.0,0.0,565068.0,10644214.0,124558.0,7943600.0,9978066.0,0.0,27790.0,164122.0,129.77,198.51,468.54,371.77,598.31,570.28,2132581675.0,1168.59,227.57,12.03,231.76,15.37,459.33,27.4,2132540679.0,486.73,1057.63,597.68,1655.32,1.7553853153603,4959.1946627207,5240.0563131784,10057140.0,3555231412.0,1024
9,5228.6242011203,5245.9490017729,41.635,2024-02-13,13:12:33.121,0.2,2.53,0.08,1.12,0.11,24.16,1.0,0.21,0.0,0.0023,18400.0,0.59,0.56,99.0,46.0,10561.4,4170.25,2598.21,5.07,126.63,0.41,10.16,0.04,1.58,0.03,1.22,0.04,2.97,0.99,0.4,0.0,0.0013,31720.0,0.47,0.02,96.0,39.0,2305.66,1461.44,2598.21,3.16,78.88,0.09,2.22,7.2,66.45,0.02,26.33,0.0,100.0,0.0,0.0,0.0,0.0,2.31,27.84,0.14,69.72,0.0,100.0,0.0,0.0,0.0,0.0,73.37,53.17,4.51,4.4,0.33,0.0,3.0,3.0,0.63,2.85,0.22,1.12,0.01,3.42,1.0,0.11,0.0,0.0021,4440.0,19.79,80.21,0.0,0.0,0.0,48.0,1636.02,573.55,2598.21,5.7,142.62,1.26,31.48,,11836804.0,3548034.0,1749426.0,114760814.0,8149708.0,0.0,565418.0,10630214.0,125552.0,4493328.0,9986298.0,0.0,27832.0,163772.0,125.36,192.39,455.63,361.89,580.99,554.28,2134679520.0,1135.27,234.07,8.3,237.97,11.62,472.04,19.92,2134673095.0,491.96,1053.03,574.19,1627.23,1.750399750103,4948.5602411038,5228.6242011203,11807544.0,4173802944.0,1024
10,5247.9931702047,5212.4873307948,1299.257,2024-02-13,13:12:34.114,0.2,2.55,0.08,1.12,0.08,24.41,1.0,0.21,0.0,0.0023,18240.0,0.58,0.55,99.0,46.0,10584.68,4150.99,2597.02,5.1,127.5,0.41,10.19,0.04,1.6,0.03,1.22,0.02,2.84,0.99,0.4,0.0,0.0012,24000.0,0.46,0.02,97.0,39.0,2293.19,1431.73,2597.02,3.2,80.08,0.09,2.21,7.16,66.48,0.01,26.35,0.0,100.0,0.0,0.0,0.0,0.0,2.26,27.72,0.13,69.89,0.0,100.0,0.0,0.0,0.0,0.0,73.42,53.08,4.49,4.4,0.33,0.0,3.0,3.0,0.63,2.84,0.22,1.12,0.0,3.46,1.0,0.11,0.0,0.0021,4040.0,19.77,80.23,0.0,0.0,0.0,47.0,1626.77,572.66,2597.02,5.68,142.04,1.25,31.32,,11838624.0,3524794.0,1696618.0,117487594.0,8153292.0,0.0,560168.0,10651102.0,125104.0,4408572.0,10002146.0,0.0,27776.0,162190.0,124.98,191.79,454.74,360.63,579.71,552.41,2132584110.0,1132.13,222.57,3.16,226.76,6.49,449.32,9.65,2132595969.0,458.98,1029.04,562.07,1591.11,1.7542608049106,4967.311441419,5247.9931702047,13561865.0,4794738180.0,1024
11,5246.1833584064,5246.074381399,35.68,2024-02-13,13:12:35.114,0.2,2.54,0.08,1.12,0.1,24.41,1.0,0.21,0.0,0.0023,19000.0,0.58,0.55,99.0,45.0,10570.31,4158.67,2598.88,5.08,127.09,0.41,10.17,0.04,1.61,0.03,1.22,0.01,2.85,1.0,0.39,0.0,0.0012,23800.0,0.44,0.01,97.0,40.0,2292.11,1419.61,2598.88,3.23,80.73,0.09,2.21,7.17,66.66,0.06,26.11,0.0,100.0,0.0,0.0,0.0,0.0,2.24,27.97,0.15,69.64,0.0,100.0,0.0,0.0,0.0,0.0,73.45,53.02,4.52,4.4,0.33,0.0,3.0,3.0,0.63,2.85,0.22,1.12,0.0,3.46,1.0,0.11,0.0,0.0021,4400.0,19.76,80.24,0.0,0.0,0.0,48.0,1632.87,572.86,2598.88,5.7,142.52,1.26,31.42,,11854234.0,3540978.0,1841532.0,116897928.0,8146348.0,84.0,558572.0,10657556.0,125874.0,4638578.0,10181920.0,0.0,27832.0,163058.0,123.9,189.84,450.58,357.43,574.47,547.27,2132487136.0,1121.74,215.7,2.7,219.4,6.0,435.11,8.71,2132530633.0,443.82,1009.58,555.98,1565.56,1.7548152931107,4965.4129115087,5246.1833584064,15316754.0,5415440864.0,1024
12,5244.3647990035,5243.7929398691,13.619,2024-02-13,13:12:36.115,0.2,2.56,0.08,1.12,0.08,24.54,1.0,0.21,0.0,0.0023,18960.0,0.57,0.54,99.0,46.0,10591.22,4144.45,2597.33,5.11,127.78,0.41,10.19,0.04,1.61,0.03,1.22,0.01,2.87,1.0,0.39,0.0,0.0013,23600.0,0.42,0.01,97.0,40.0,2294.05,1424.99,2597.33,3.22,80.49,0.09,2.21,7.15,66.33,0.01,26.5,0.0,100.0,0.0,0.0,0.0,0.0,2.25,27.62,0.11,70.02,0.0,100.0,0.0,0.0,0.0,0.0,73.41,53.07,4.5,4.39,0.33,0.0,3.0,3.0,0.63,2.86,0.22,1.12,0.0,3.48,1.0,0.11,0.0,0.0021,3600.0,19.75,80.25,0.0,0.0,0.0,47.0,1637.9,572.15,2597.33,5.73,143.14,1.26,31.53,,11842642.0,3534454.0,1822520.0,116889864.0,8145382.0,140.0,522760.0,10653076.0,125412.0,4505130.0,10169572.0,0.0,27538.0,126602.0,124.23,190.2,452.15,358.16,576.38,548.36,2134664344.0,1124.73,210.37,1.67,214.07,4.96,424.44,6.63,2134599446.0,431.07,1000.82,554.99,1555.8,1.7535303047314,4963.7999502464,5244.3647990035,17070322.0,6035929196.0,1024
13,5244.4053705388,5244.9992599444,13.894,2024-02-13,13:12:37.115,0.21,2.65,0.08,1.12,0.09,20.94,1.0,0.21,0.0,0.0019,18720.0,0.55,0.47,99.0,46.0,11033.07,4162.36,2597.7,5.3,132.53,0.42,10.62,0.04,1.63,0.03,1.22,0.01,2.53,1.0,0.39,0.0,0.0011,24200.0,0.33,0.01,96.0,39.0,2332.5,1428.24,2597.7,3.27,81.66,0.09,2.24,7.18,66.27,0.01,26.55,0.0,100.0,0.0,0.0,0.0,0.0,2.25,27.55,0.13,70.07,0.0,100.0,0.0,0.0,0.0,0.0,73.6,53.04,4.45,4.37,0.33,0.0,3.0,3.0,0.67,3.01,0.22,1.12,0.0,2.91,1.0,0.11,0.0,0.0017,3880.0,19.86,80.14,0.0,0.0,0.0,46.0,1729.7,575.41,2597.7,6.01,150.3,1.33,33.29,,7757372.0,2606520.0,1736630.0,96326846.0,5082910.0,140.0,499618.0,6702598.0,79282.0,4478446.0,7677600.0,0.0,17500.0,103824.0,113.05,138.36,423.66,297.28,536.71,435.64,2132384050.0,972.35,142.27,1.73,145.77,5.05,288.04,6.78,2132419535.0,294.82,824.75,442.42,1267.17,1.7540580881343,4963.7560764374,5244.4053705388,18824434.0,6656417776.0,1024
14,5245.9293622151,5245.1156041647,13.879,2024-02-13,13:12:38.114,0.22,2.73,0.08,1.12,0.08,18.71,1.0,0.21,0.0,0.0017,19040.0,0.53,0.42,99.0,46.0,11288.3,4135.03,2594.89,5.46,136.5,0.43,10.87,0.05,1.64,0.03,1.22,0.01,2.32,0.99,0.38,0.0,0.001,24000.0,0.27,0.01,95.0,38.0,2350.8,1431.29,2594.89,3.28,82.12,0.09,2.26,7.14,66.24,0.0,26.61,0.0,100.0,0.0,0.0,0.0,0.0,2.26,27.47,0.15,70.13,0.0,100.0,0.0,0.0,0.0,0.0,73.73,52.98,4.42,4.35,0.0,0.0,3.0,3.0,0.68,3.1,0.22,1.12,0.0,2.56,1.0,0.11,0.0,0.0014,4000.0,19.76,80.24,0.0,0.0,0.0,48.0,1772.86,571.94,2594.89,6.2,154.99,1.37,34.16,,7726978.0,2626386.0,1633926.0,94241812.0,5086452.0,112.0,254198.0,6701996.0,80374.0,4468954.0,8084426.0,0.0,17458.0,101192.0,118.7,144.4,442.65,309.13,561.36,453.53,2134481542.0,1014.89,143.98,6.62,147.91,9.94,291.9,16.56,2134564694.0,308.46,853.26,470.09,1323.35,1.7565708123914,4964.8780322325,5245.9293622151,20581043.0,7277041022.0,1024
15,5248.6116935649,5248.3500830118,11.303,2024-02-13,13:12:39.115,0.21,2.31,0.09,1.12,0.26,16.76,0.98,0.23,0.0,0.0016,20040.0,0.64,0.51,96.0,45.0,10709.56,4644.39,2598.76,4.61,115.3,0.41,10.3,0.04,1.26,0.03,1.18,0.09,2.83,0.97,0.4,0.0,0.0013,23840.0,0.34,0.03,88.0,38.0,2242.04,1783.57,2598.76,2.51,62.85,0.09,2.16,8.01,70.4,0.08,21.51,0.0,100.0,0.0,0.0,0.0,0.0,2.9,33.63,0.25,63.21,0.0,100.0,0.0,0.0,0.0,0.0,74.52,54.57,4.48,4.39,0.33,0.33,3.0,3.0,0.64,2.9,0.22,1.12,0.0,2.26,1.0,0.11,0.0,0.0014,4240.0,19.83,80.17,0.0,0.0,0.0,46.0,1665.92,574.9,2598.76,5.8,144.89,1.28,32.05,,7963214.0,2599436.0,1824172.0,94781036.0,5070002.0,112.0,487746.0,6695416.0,79240.0,4616696.0,8355746.0,0.0,17570.0,103152.0,131.03,155.73,479.45,331.24,610.49,486.97,2132257223.0,1097.45,160.19,9.43,163.6,12.74,323.8,22.17,2132155712.0,345.96,934.28,509.13,1443.42,1.7576600424387,4967.3860867747,5248.6116935649,22338741.0,7897977692.0,1024
16,5110.2799599642,4823.1800709491,24.016,2024-02-13,13:12:40.115,0.22,2.76,0.08,1.11,0.08,18.74,1.0,0.2,0.0,0.0016,19720.0,0.53,0.43,99.0,45.0,11395.77,4130.41,2598.06,5.52,137.95,0.44,10.97,0.04,1.63,0.03,1.22,0.03,2.26,0.99,0.39,0.0,0.001,22920.0,0.3,0.01,96.0,39.0,2318.89,1419.04,2598.06,3.27,81.71,0.09,2.23,7.13,66.79,0.03,26.05,0.0,100.0,0.0,0.0,0.0,0.0,2.24,28.14,0.16,69.45,0.0,100.0,0.0,0.0,0.0,0.0,73.96,53.06,4.44,4.36,0.33,0.33,3.0,3.0,0.69,3.12,0.22,1.12,0.0,2.57,1.0,0.11,0.0,0.0014,4040.0,19.86,80.14,0.0,0.0,0.0,46.0,1797.38,575.48,2598.06,6.25,156.16,1.38,34.59,,7695352.0,2653210.0,1718458.0,92484252.0,5059670.0,140.0,489174.0,6697684.0,80052.0,4496968.0,8595048.0,0.0,17542.0,103068.0,112.73,137.58,423.14,296.81,535.87,434.39,2134693640.0,970.26,145.4,2.5,149.07,5.84,294.47,8.34,2134741299.0,302.81,830.34,442.73,1273.07,1.7094173937542,4836.7731769635,5110.2799599642,24048183.0,8502583042.0,1024
17,3315.6816290945,3315.1965289125,11.674,2024-02-13,13:12:41.115,0.22,2.75,0.08,1.11,0.1,18.66,0.99,0.21,0.0,0.0016,19520.0,0.53,0.43,99.0,46.0,11353.35,4125.25,2595.51,5.5,137.61,0.44,10.94,0.05,1.66,0.03,1.22,0.01,2.22,1.0,0.39,0.0,0.0009,23160.0,0.29,0.01,95.0,37.0,2342.95,1412.9,2595.51,3.32,82.91,0.09,2.26,7.13,66.26,0.02,26.59,0.0,100.0,0.0,0.0,0.0,0.0,2.23,27.54,0.14,70.09,0.0,100.0,0.0,0.0,0.0,0.0,73.75,53.02,4.4,4.35,0.33,0.33,3.0,3.0,0.69,3.13,0.22,1.12,0.0,2.54,1.0,0.11,0.0,0.0014,4120.0,19.78,80.22,0.0,0.0,0.0,46.0,1791.39,572.68,2595.51,6.26,156.4,1.38,34.51,,7762020.0,2635724.0,1639260.0,93903852.0,5065214.0,140.0,492366.0,6732124.0,79352.0,4512914.0,8409548.0,0.0,17682.0,103320.0,111.19,135.81,417.34,293.04,528.53,428.85,2132426325.0,957.37,139.01,1.38,142.68,4.71,281.69,6.1,2132342255.0,287.79,810.22,434.94,1245.16,1.1099731057897,3138.0859321682,3315.6816290945,25158196.0,8894857882.0,1024
18,3313.2589598301,3285.2924912366,23.389,2024-02-13,13:12:42.115,0.22,2.77,0.08,1.11,0.08,18.85,1.0,0.21,0.0,0.0017,19320.0,0.53,0.43,99.0,45.0,11380.8,4105.08,2597.69,5.54,138.62,0.44,10.95,0.05,1.65,0.03,1.22,0.01,2.19,1.0,0.39,0.0,0.0009,22840.0,0.28,0.01,96.0,38.0,2341.35,1415.5,2597.69,3.31,82.7,0.09,2.25,7.09,66.24,0.01,26.66,0.0,100.0,0.0,0.0,0.0,0.0,2.23,27.47,0.14,70.17,0.0,100.0,0.0,0.0,0.0,0.0,73.86,53.07,4.43,4.36,0.33,0.33,3.0,3.0,0.69,3.12,0.22,1.12,0.0,2.57,1.0,0.11,0.0,0.0014,3680.0,19.86,80.14,0.0,0.0,0.0,46.0,1793.89,575.55,2597.69,6.23,155.84,1.38,34.53,,7766542.0,2644068.0,1635606.0,89346628.0,5073110.0,140.0,492856.0,6740706.0,80346.0,4429446.0,8269646.0,0.0,17360.0,104090.0,112.07,136.88,420.23,295.03,532.3,431.91,2132374523.0,964.21,136.36,1.32,140.04,4.64,276.41,5.96,2132357984.0,282.36,808.7,437.87,1246.57,1.108313343417,3135.9288248834,3313.2589598301,26266552.0,9286864072.0,1024
19,3314.1036491438,3314.2742109232,19.242,2024-02-13,13:12:43.115,0.22,2.75,0.08,1.11,0.1,18.79,0.99,0.21,0.0,0.0017,19520.0,0.53,0.43,99.0,45.0,11360.75,4124.92,2597.73,5.51,137.71,0.44,10.93,0.05,1.6,0.03,1.22,0.01,2.19,1.0,0.38,0.0,0.0009,22960.0,0.27,0.01,95.0,37.0,2349.48,1465.5,2597.73,3.21,80.16,0.09,2.26,7.12,66.33,0.02,26.53,0.0,100.0,0.0,0.0,0.0,0.0,2.32,28.07,0.14,69.47,0.0,100.0,0.0,0.0,0.0,0.0,73.9,53.27,4.41,4.36,0.33,0.33,3.0,3.0,0.69,3.12,0.22,1.12,0.0,2.57,1.0,0.11,0.0,0.0014,4080.0,19.85,80.15,0.0,0.0,0.0,46.0,1791.38,575.03,2597.73,6.23,155.76,1.38,34.48,,7781592.0,2647918.0,1788094.0,93582804.0,5080516.0,112.0,500444.0,6731844.0,79478.0,4701326.0,8669150.0,0.0,17556.0,104076.0,111.42,136.18,418.73,293.83,530.15,430.01,2134504545.0,960.16,134.91,1.62,138.34,4.91,273.25,6.53,2134487803.0,279.78,803.4,436.54,1239.94,1.1114436895683,3136.2726588129,3314.1036491438,27378010.0,9678903202.0,1024
20,3314.8506704571,3314.9999180316,17.673,2024-02-13,13:12:44.115,0.22,2.77,0.08,1.12,0.09,18.79,0.99,0.21,0.0,0.0016,20800.0,0.53,0.43,99.0,45.0,11391.92,4115.06,2597.55,5.54,138.42,0.44,10.96,0.05,1.65,0.03,1.22,0.01,2.27,1.0,0.38,0.0,0.001,23440.0,0.27,0.01,96.0,37.0,2348.85,1426.07,2597.55,3.29,82.35,0.09,2.26,7.1,66.26,0.02,26.62,0.0,100.0,0.0,0.0,0.0,0.0,2.25,27.51,0.13,70.11,0.0,100.0,0.0,0.0,0.0,0.0,73.95,53.09,4.42,4.36,0.33,0.33,3.0,3.0,0.69,3.13,0.22,1.12,0.0,2.57,1.0,0.11,0.0,0.0014,4560.0,19.82,80.18,0.0,0.0,0.0,46.0,1797.49,574.2,2597.55,6.26,156.52,1.38,34.6,,7789740.0,2649948.0,1773156.0,88763514.0,5079690.0,140.0,502964.0,6726188.0,80262.0,4667908.0,8520358.0,0.0,17416.0,103922.0,111.8,136.28,420.22,294.67,532.01,430.95,2132293055.0,962.96,133.92,1.64,137.4,4.96,271.32,6.6,2132292699.0,277.92,803.33,437.55,1240.88,1.1089541026573,3137.4180140319,3314.8506704571,28487002.0,10071093856.0,1024
21,3315.260356502,3315.2446129194,30.336,2024-02-13,13:12:45.116,0.22,2.75,0.08,1.12,0.1,18.78,0.99,0.21,0.0,0.0017,20560.0,0.53,0.43,99.0,45.0,11376.15,4135.82,2597.5,5.5,137.53,0.44,10.95,0.05,1.64,0.03,1.22,0.01,2.34,1.0,0.38,0.0,0.001,24280.0,0.27,0.01,95.0,38.0,2341.76,1428.57,2597.5,3.28,81.96,0.09,2.25,7.14,66.27,0.01,26.59,0.0,100.0,0.0,0.0,0.0,0.0,2.25,27.66,0.11,69.97,0.0,100.0,0.0,0.0,0.0,0.0,73.99,53.15,4.41,4.35,0.33,0.33,3.0,3.0,0.69,3.12,0.22,1.12,0.0,2.57,1.0,0.11,0.0,0.0014,4360.0,19.82,80.18,0.0,0.0,0.0,45.0,1793.6,574.33,2597.5,6.25,156.15,1.38,34.53,,7792638.0,2646336.0,1700104.0,93809380.0,5067552.0,294.0,494200.0,6721358.0,79534.0,4837868.0,8591576.0,0.0,17990.0,104160.0,111.66,135.43,419.25,293.49,530.91,428.91,2134440418.0,959.83,135.66,2.35,139.35,5.65,275.01,8.0,2134773944.0,283.01,805.92,436.91,1242.84,1.1086454790365,3137.8770798562,3315.260356502,29595674.0,10463337874.0,1024
22,3315.9566867815,3315.796181739,21.652,2024-02-13,13:12:46.116,0.22,2.75,0.08,1.12,0.09,18.8,1.0,0.21,0.0,0.0017,21240.0,0.53,0.43,99.0,45.0,11351.24,4122.66,2597.85,5.51,137.67,0.44,10.92,0.05,1.64,0.03,1.22,0.01,2.29,1.0,0.38,0.0,0.001,24320.0,0.28,0.01,95.0,38.0,2339.85,1428.83,2597.85,3.28,81.88,0.09,2.25,7.11,66.76,0.03,26.09,0.0,100.0,0.0,0.0,0.0,0.0,2.26,28.04,0.19,69.52,0.0,100.0,0.0,0.0,0.0,0.0,74.04,53.15,4.41,4.36,0.33,0.33,3.0,3.0,0.69,3.1,0.22,1.12,0.0,2.57,1.0,0.11,0.0,0.0014,4680.0,19.88,80.12,0.0,0.0,0.0,45.0,1786.51,576.05,2597.85,6.2,155.07,1.38,34.38,,7834204.0,2634422.0,1849414.0,88076366.0,5069680.0,0.0,309302.0,6730962.0,80402.0,4620742.0,9214240.0,0.0,17990.0,109816.0,112.33,136.7,422.59,295.79,534.92,432.48,2132669741.0,967.4,138.09,1.84,141.28,5.19,279.37,7.03,2132444652.0,286.4,814.29,439.51,1253.8,1.1089273584241,3138.5283094337,3315.9566867815,30704664.0,10855676074.0,1024
23,3315.8885377654,3316.0591528633,15.817,2024-02-13,13:12:47.116,0.22,2.64,0.08,1.12,0.11,18.19,0.99,0.21,0.0,0.0016,20080.0,0.55,0.44,99.0,45.0,11184.32,4243.47,2597.7,5.27,131.78,0.43,10.76,0.05,1.64,0.03,1.22,0.01,2.29,1.0,0.38,0.0,0.001,24760.0,0.28,0.01,95.0,38.0,2342.39,1424.63,2597.7,3.29,82.21,0.09,2.25,7.32,66.94,0.01,25.73,0.0,100.0,0.0,0.0,0.0,0.0,2.24,27.53,0.15,70.07,0.0,100.0,0.0,0.0,0.0,0.0,74.01,53.12,4.41,4.36,555308.06,555399.59,3.0,3.0,0.67,3.02,0.22,1.12,0.0,2.48,1.0,0.11,0.0,0.0014,3720.0,19.84,80.16,0.0,0.0,0.0,45.0,1736.33,574.92,2597.7,6.04,151.01,1.34,33.42,,7822164.0,2610720.0,1812230.0,93966614.0,5088790.0,0.0,513254.0,6736674.0,79212.0,4637010.0,8205974.0,0.0,18046.0,104216.0,116.34,138.4,433.09,299.84,549.43,438.24,2132625676.0,987.67,136.13,1.61,139.05,4.91,275.18,6.52,2132578449.0,281.71,824.62,444.77,1269.38,1.1082650563862,3138.5661287436,3315.8885377654,31812958.0,11248007086.0,1024
24,3315.8782544615,3315.5455890032,16.212,2024-02-13,13:12:48.117,0.22,2.77,0.08,1.12,0.09,18.86,1.0,0.2,0.0,0.0017,20080.0,0.52,0.43,99.0,44.0,11407.28,4114.74,2597.76,5.54,138.61,0.44,10.98,0.05,1.64,0.03,1.22,0.01,2.28,0.99,0.38,0.0,0.001,24840.0,0.27,0.01,96.0,37.0,2342.56,1424.95,2597.76,3.29,82.2,0.09,2.25,7.1,66.23,0.01,26.66,0.0,100.0,0.0,0.0,0.0,0.0,2.24,27.48,0.12,70.15,0.0,100.0,0.0,0.0,0.0,0.0,74.04,53.11,4.42,4.36,0.33,0.33,3.0,3.0,0.69,3.13,0.22,1.12,0.0,2.57,1.0,0.11,0.0,0.0014,3960.0,19.86,80.14,0.0,0.0,0.0,44.0,1801.28,575.45,2597.76,6.26,156.51,1.39,34.67,,7809312.0,2616838.0,1687896.0,89950966.0,5098436.0,0.0,509908.0,6705692.0,79884.0,4540788.0,7764610.0,0.0,18032.0,104594.0,111.36,136.17,418.33,293.74,529.68,429.91,2134503869.0,959.59,136.06,1.83,139.71,5.16,275.77,6.99,2134469459.0,282.76,805.45,436.9,1242.35,1.1086640527049,3138.4920060287,3315.8782544615,32921694.0,11640344046.0,1024
25,3315.1392800498,3315.0788130378,11.283,2024-02-13,13:12:49.119,0.21,2.33,0.09,1.12,0.25,17.52,0.99,0.24,0.0,0.0016,20280.0,0.61,0.5,97.0,45.0,10841.17,4645.12,2598.08,4.67,116.69,0.42,10.43,0.04,1.33,0.03,1.19,0.06,2.72,0.98,0.39,0.0,0.0012,23920.0,0.31,0.02,90.0,37.0,2280.66,1713.96,2598.08,2.66,66.53,0.09,2.19,8.01,68.92,0.03,23.04,0.0,100.0,0.0,0.0,0.0,0.0,2.77,31.64,0.17,65.42,0.0,100.0,0.0,0.0,0.0,0.0,74.56,54.18,4.47,4.38,0.0,0.0,3.0,3.0,0.65,2.95,0.22,1.12,0.0,2.35,1.0,0.11,0.0,0.0014,1960.0,19.82,80.18,0.0,0.0,0.0,45.0,1693.05,574.26,2598.08,5.9,147.41,1.3,32.59,,7813064.0,2166990.0,4317908.0,79922542.0,5091954.0,0.0,505708.0,6716808.0,85330.0,5068308.0,8785406.0,0.0,18732.0,103684.0,136.66,166.56,497.47,347.56,634.12,514.11,2132412456.0,1148.23,160.5,13.31,163.69,16.56,324.19,29.87,2132454586.0,354.06,958.31,543.98,1502.29,1.1085829553108,3137.7660072,3315.1392800498,34030301.0,12032573304.0,1024
26,3314.6991386779,3291.9367646259,20.807,2024-02-13,13:12:50.116,0.22,2.62,0.08,1.12,0.12,18.34,0.99,0.21,0.0,0.0016,21120.0,0.55,0.45,98.0,44.0,11196.51,4276.48,2595.3,5.24,130.91,0.43,10.79,0.05,1.48,0.03,1.21,0.05,2.56,0.98,0.4,0.0,0.0011,23040.0,0.31,0.02,94.0,37.0,2346.14,1589.4,2595.3,2.95,73.81,0.09,2.26,7.39,66.83,0.01,25.77,0.0,100.0,0.0,0.0,0.0,0.0,2.54,29.33,0.19,67.94,0.0,100.0,0.0,0.0,0.0,0.0,74.04,53.6,4.43,4.36,0.33,0.33,3.0,3.0,0.68,3.09,0.22,1.12,0.0,2.51,1.0,0.11,0.0,0.0014,3960.0,19.76,80.24,0.0,0.0,0.0,44.0,1765.92,572.19,2595.3,6.17,154.31,1.36,34.02,,7791098.0,2593780.0,1677102.0,94723062.0,5086522.0,126.0,506380.0,6699686.0,79310.0,4449704.0,7564074.0,0.0,18620.0,103222.0,111.5,137.86,417.98,295.35,529.48,433.21,2134638663.0,962.69,146.66,2.39,150.34,5.73,297.0,8.13,2134577181.0,305.12,826.48,441.34,1267.81,1.1113195918771,3136.8880039776,3314.6991386779,35141630.0,12424687624.0,1024
27,3315.0975158322,3315.0762217047,18.602,2024-02-13,13:12:51.117,0.22,2.76,0.08,1.12,0.09,18.82,1.0,0.21,0.0,0.0016,21440.0,0.53,0.43,99.0,44.0,11408.2,4131.43,2597.85,5.52,138.07,0.44,10.98,0.04,1.57,0.03,1.21,0.01,2.26,0.99,0.39,0.0,0.001,22880.0,0.29,0.01,95.0,37.0,2334.46,1482.67,2597.85,3.15,78.72,0.09,2.25,7.13,66.59,0.02,26.26,0.0,100.0,0.0,0.0,0.0,0.0,2.35,28.49,0.14,69.02,0.0,100.0,0.0,0.0,0.0,0.0,74.16,53.43,4.43,4.37,0.33,0.33,3.0,3.0,0.69,3.13,0.22,1.12,0.0,2.56,1.0,0.11,0.0,0.0014,4360.0,19.82,80.18,0.0,0.0,0.0,45.0,1799.03,574.26,2597.85,6.27,156.64,1.39,34.63,,7812504.0,2587998.0,1724590.0,96192586.0,5086438.0,140.0,507206.0,6709164.0,79100.0,4531548.0,7867034.0,0.0,18046.0,102592.0,110.07,136.57,413.59,292.71,523.66,429.28,2132447586.0,952.94,140.6,1.88,144.08,5.2,284.68,7.08,2132417162.0,291.76,808.34,436.36,1244.7,1.1074953054677,3137.8982669574,3315.0975158322,36249154.0,12816935070.0,1024
28,3315.7135416109,3315.8988788763,18.394,2024-02-13,13:12:52.117,0.22,2.78,0.08,1.12,0.07,18.85,1.0,0.2,0.0,0.0016,21320.0,0.52,0.43,99.0,44.0,11436.86,4112.83,2597.84,5.56,139.04,0.44,11.01,0.04,1.64,0.03,1.22,0.01,2.28,1.0,0.39,0.0,0.001,22840.0,0.28,0.01,96.0,37.0,2331.37,1422.8,2597.84,3.28,81.93,0.09,2.24,7.1,66.49,0.05,26.36,0.0,100.0,0.0,0.0,0.0,0.0,2.25,27.82,0.14,69.8,0.0,100.0,0.0,0.0,0.0,0.0,74.2,53.17,4.43,4.36,0.33,0.33,3.0,3.0,0.69,3.13,0.22,1.12,0.0,2.58,1.0,0.11,0.0,0.0014,4280.0,19.87,80.13,0.0,0.0,0.0,45.0,1804.0,575.69,2597.84,6.27,156.68,1.39,34.72,,7800534.0,2588222.0,1715252.0,94734710.0,5097610.0,140.0,507458.0,6703214.0,79520.0,4429404.0,7740012.0,0.0,18228.0,103208.0,111.1,137.06,415.75,293.72,526.85,430.78,2132667178.0,957.63,137.99,1.56,141.46,4.89,279.45,6.44,2132737604.0,285.89,806.3,437.22,1243.52,1.1080731093118,3138.421844121,3315.7135416109,37357281.0,13209256880.0,1024
29,3314.4818680735,3272.0341157635,22.893,2024-02-13,13:12:53.117,0.22,2.76,0.08,1.12,0.09,18.79,0.99,0.21,0.0,0.0017,20360.0,0.53,0.43,99.0,44.0,11386.88,4124.91,2597.51,5.52,138.03,0.44,10.96,0.05,1.64,0.03,1.22,0.02,2.35,0.99,0.38,0.0,0.001,23000.0,0.28,0.01,95.0,37.0,2342.99,1428.91,2597.51,3.28,81.99,0.09,2.25,7.12,66.21,0.01,26.67,0.0,100.0,0.0,0.0,0.0,0.0,2.25,27.55,0.16,70.04,0.0,100.0,0.0,0.0,0.0,0.0,74.16,53.18,4.42,4.35,0.33,0.03,3.0,3.0,0.69,3.12,0.22,1.12,0.0,2.57,1.0,0.11,0.0,0.0014,3960.0,19.82,80.18,0.0,0.0,0.0,44.0,1791.11,574.32,2597.51,6.24,155.93,1.38,34.48,,7796488.0,2584540.0,1782802.0,96471774.0,5074118.0,140.0,507332.0,6701296.0,79240.0,4638480.0,7787640.0,0.0,18228.0,104118.0,110.27,135.96,414.14,292.16,524.41,428.12,2134559702.0,952.53,135.93,1.63,139.15,4.96,275.08,6.59,2134785933.0,281.67,799.49,434.7,1234.2,1.111313441115,3136.6717174951,3314.4818680735,38468642.0,13601357624.0,1024
30,3314.7896803735,3314.7867584949,23.542,2024-02-13,13:12:54.117,0.22,2.77,0.08,1.12,0.08,18.87,1.0,0.2,0.0,0.0017,21040.0,0.52,0.43,99.0,44.0,11420.84,4116.53,2597.72,5.55,138.72,0.44,10.99,0.04,1.64,0.03,1.22,0.01,2.3,0.99,0.38,0.0,0.001,23120.0,0.27,0.01,96.0,37.0,2335.2,1423.42,2597.72,3.28,82.03,0.09,2.25,7.1,66.23,0.03,26.63,0.0,100.0,0.0,0.0,0.0,0.0,2.24,27.57,0.17,70.02,0.0,100.0,0.0,0.0,0.0,0.0,74.21,53.17,4.42,4.36,0.33,0.33,3.0,3.0,0.69,3.13,0.22,1.12,0.0,2.58,1.0,0.11,0.0,0.0014,4120.0,19.84,80.16,0.0,0.0,0.0,44.0,1799.14,574.83,2597.72,6.26,156.49,1.39,34.63,,7796614.0,2582930.0,1683738.0,95734366.0,5070688.0,140.0,508718.0,6709472.0,80080.0,4459868.0,7739746.0,0.0,18256.0,103530.0,110.9,136.73,416.11,293.56,527.01,430.29,2132618099.0,957.3,135.71,1.69,139.07,4.99,274.78,6.68,2132636348.0,281.46,801.79,436.97,1238.76,1.1098263949928,3137.2174571747,3314.7896803735,39578530.0,13993531574.0,1024
31,3314.1834350803,3313.8074426961,21.174,2024-02-13,13:12:55.118,0.22,2.76,0.08,1.12,0.1,18.83,0.99,0.21,0.0,0.0017,21000.0,0.53,0.43,99.0,44.0,11401.58,4129.68,2597.75,5.52,138.04,0.44,10.97,0.05,1.65,0.03,1.22,0.01,2.28,1.0,0.38,0.0,0.001,22800.0,0.27,0.01,95.0,37.0,2346.35,1424.14,2597.75,3.3,82.38,0.09,2.26,7.13,66.23,0.02,26.63,0.0,100.0,0.0,0.0,0.0,0.0,2.24,27.49,0.14,70.12,0.0,100.0,0.0,0.0,0.0,0.0,74.29,53.16,4.43,4.36,0.33,0.33,3.0,3.0,0.69,3.12,0.22,1.12,0.0,2.57,1.0,0.11,0.0,0.0014,4240.0,19.81,80.19,0.0,0.0,0.0,44.0,1792.45,574.0,2597.75,6.25,156.14,1.38,34.5,,7817530.0,2547706.0,1801296.0,96064458.0,5063758.0,140.0,506646.0,6711838.0,79520.0,4529938.0,7641746.0,0.0,18116.0,102984.0,110.11,135.61,414.23,292.09,524.34,427.69,2134775793.0,952.03,134.18,1.26,137.72,4.59,271.9,5.85,2134539042.0,277.76,796.24,433.55,1229.79,1.1093876710901,3136.6814077059,3314.1834350803,40687974.0,14385636658.0,1024
32,3314.9643597126,3314.980535632,34.326,2024-02-13,13:12:56.117,0.22,2.77,0.08,1.12,0.08,18.79,1.0,0.21,0.0,0.0017,21000.0,0.52,0.43,99.0,44.0,11342.6,4096.47,2595.27,5.54,138.44,0.44,10.93,0.05,1.63,0.03,1.22,0.01,2.31,0.99,0.39,0.0,0.001,22800.0,0.27,0.01,95.0,37.0,2345.47,1441.27,2595.27,3.25,81.37,0.09,2.26,7.08,66.29,0.01,26.62,0.0,100.0,0.0,0.0,0.0,0.0,2.28,27.62,0.14,69.96,0.0,100.0,0.0,0.0,0.0,0.0,74.18,53.13,4.43,4.35,0.0,0.0,3.0,3.0,0.69,3.12,0.22,1.12,0.01,2.57,1.0,0.11,0.0,0.0014,4040.0,19.76,80.24,0.0,0.0,0.0,44.0,1782.76,572.08,2595.27,6.23,155.81,1.37,34.35,,7810908.0,2493666.0,2334444.0,94622150.0,5062176.0,154.0,475846.0,6707764.0,79198.0,5218906.0,8007034.0,0.0,15862.0,88354.0,110.89,136.11,416.67,293.31,527.56,429.42,2132349710.0,956.98,133.7,1.53,137.76,4.84,271.46,6.37,2132361051.0,277.83,799.02,435.79,1234.8,1.1080263983855,3137.6801359709,3314.9643597126,41796070.0,14777871312.0,1024
33,3314.7304197967,3315.474731397,13.088,2024-02-13,13:12:57.117,0.22,2.82,0.08,1.12,0.09,17.64,1.0,0.21,0.0,0.0015,20480.0,0.51,0.41,99.0,44.0,11600.19,4120.53,2597.57,5.63,140.76,0.45,11.16,0.05,1.64,0.03,1.22,0.02,2.24,0.99,0.38,0.0,0.001,23360.0,0.25,0.01,95.0,36.0,2349.43,1428.95,2597.57,3.29,82.21,0.09,2.26,7.11,66.68,0.02,26.19,0.0,100.0,0.0,0.0,0.0,0.0,2.26,28.0,0.14,69.6,0.0,100.0,0.0,0.0,0.0,0.0,74.47,53.17,4.41,4.35,0.33,0.33,3.0,3.0,0.7,3.18,0.22,1.12,0.0,2.4,1.0,0.11,0.0,0.0013,4360.0,19.82,80.18,0.0,0.0,0.0,44.0,1828.69,574.34,2597.57,6.37,159.2,1.41,35.2,,6712818.0,2224054.0,2228660.0,87476158.0,4300100.0,154.0,372652.0,5714450.0,67298.0,5190962.0,7164808.0,0.0,15540.0,87990.0,103.75,120.85,393.92,270.5,497.67,391.35,2132524496.0,889.02,119.0,2.1,122.75,5.42,241.76,7.52,2132439761.0,249.28,739.43,398.87,1138.3,1.11081375999,3137.0002181983,3314.7304197967,42906884.0,15169996424.0,1024
34,3315.8338882703,3315.0998274164,12.969,2024-02-13,13:12:58.118,0.21,2.0,0.1,1.12,0.21,14.16,0.99,0.34,0.0,0.0013,22880.0,0.51,0.39,96.0,43.0,10762.26,5369.71,2597.73,4.01,100.21,0.41,10.35,0.05,1.03,0.05,1.16,0.1,3.17,0.97,0.49,0.0,0.0012,24160.0,0.29,0.03,90.0,37.0,2661.79,2574.37,2597.73,2.07,51.7,0.1,2.56,9.26,70.28,0.03,20.43,0.0,100.0,0.0,0.0,0.0,0.0,4.28,40.23,0.11,55.38,0.0,100.0,0.0,0.0,0.0,0.0,76.79,59.73,4.42,4.38,0.0,0.33,3.0,3.0,0.62,2.82,0.22,1.12,0.0,1.77,1.0,0.14,0.0,0.0011,760.0,19.85,80.15,0.0,0.0,0.0,43.0,1623.57,575.09,2597.73,5.65,141.16,1.25,31.25,,6572342.0,1835778.0,12826338.0,25859162.0,3180506.0,154.0,158018.0,5707912.0,68978.0,5337570.0,9828196.0,0.0,15064.0,88046.0,115.85,122.47,422.97,277.59,538.83,400.06,2134730180.0,938.89,151.89,17.9,155.46,21.22,307.35,39.11,2134888131.0,346.46,846.17,439.18,1285.35,1.1085833339154,3138.4605548438,3315.8338882703,44015494.0,15562313430.0,1024
35,3314.4178288898,3314.6646586956,18.458,2024-02-13,13:12:59.118,0.2,1.95,0.1,1.12,0.36,7.61,0.95,0.55,0.0,0.0007,23160.0,0.5,0.38,98.0,43.0,10359.66,5312.91,2597.27,3.9,97.5,0.4,9.98,0.05,1.01,0.05,1.16,0.05,2.16,0.98,0.45,0.0,0.0008,24320.0,0.29,0.02,87.0,36.0,2634.3,2602.17,2597.27,2.02,50.62,0.1,2.54,9.17,68.07,0.02,22.74,0.0,100.0,0.0,0.0,0.0,0.0,4.33,40.76,0.1,54.81,0.0,100.0,0.0,0.0,0.0,0.0,75.15,59.78,4.4,4.38,0.33,0.33,3.0,3.0,0.54,2.7,0.2,1.12,0.02,0.73,0.97,0.24,0.0,0.0005,3240.0,17.96,72.55,0.02,9.47,0.0,43.0,1404.08,520.13,2597.27,5.4,134.97,1.08,27.03,,2111032.0,1824718.0,2219868.0,12646844.0,4193616.0,154.0,370174.0,5707534.0,67648.0,5206068.0,10009496.0,0.0,14980.0,88956.0,99.57,109.3,360.25,239.75,459.81,349.05,2132186282.0,808.87,146.2,12.15,150.31,15.46,296.5,27.61,2132537557.0,324.11,756.32,376.66,1132.98,1.1086237997099,3137.0380209362,3314.4178288898,45124775.0,15954675640.0,1024
36,3279.4428090141,3206.1401169154,21.892,2024-02-13,13:13:00.118,0.2,2.73,0.07,1.12,0.26,6.92,0.96,0.35,0.0,0.0007,23320.0,0.37,0.28,94.0,43.0,10353.9,3790.61,2597.43,5.46,136.57,0.4,9.97,0.04,1.33,0.03,1.19,0.08,2.79,0.97,0.4,0.0,0.0012,24680.0,0.3,0.03,89.0,36.0,2322.72,1746.48,2597.43,2.66,66.5,0.09,2.24,6.53,59.32,0.06,34.09,0.0,100.0,0.0,0.0,0.0,0.0,2.83,32.23,0.28,64.66,0.0,100.0,0.0,0.0,0.0,0.0,70.33,54.35,4.28,4.37,0.33,0.33,3.0,3.0,0.59,3.3,0.18,1.12,0.0,1.06,1.0,0.12,0.0,0.0007,3400.0,15.95,66.84,0.0,17.21,0.0,43.0,1523.29,462.23,2597.43,6.59,164.78,1.17,29.32,,1014552.0,743876.0,2317910.0,56068992.0,4306232.0,140.0,27216.0,5698714.0,67956.0,5136250.0,7833854.0,0.0,14882.0,89054.0,68.39,81.35,239.85,167.59,308.23,248.94,2133827521.0,557.17,136.52,6.66,139.55,9.9,276.07,16.55,2133271639.0,292.62,584.3,265.49,849.79,1.0976023138037,3103.8264388055,3279.4428090141,46222442.0,16342676810.0,1024
37,2816.7176156856,2816.3032663176,17.578,2024-02-13,13:13:01.118,0.21,3.22,0.07,1.12,0.06,7.74,0.99,0.32,0.0,0.0007,23760.0,0.2,0.19,98.0,43.0,11104.55,3453.36,2597.1,6.43,160.78,0.43,10.69,0.05,1.68,0.03,1.22,0.01,2.11,0.99,0.39,0.0,0.0009,23840.0,0.25,0.01,96.0,36.0,2354.95,1403.75,2597.1,3.36,83.88,0.09,2.27,5.95,56.05,0.03,37.97,0.0,100.0,0.0,0.0,0.0,0.0,2.21,27.45,0.13,70.21,0.0,100.0,0.0,0.0,0.0,0.0,69.92,53.13,4.13,4.35,0.33,0.33,3.0,3.0,0.62,3.47,0.18,1.12,0.0,1.19,1.0,0.12,0.0,0.0007,4280.0,15.94,65.13,0.0,18.93,0.0,43.0,1602.48,462.29,2597.1,6.93,173.32,1.23,30.85,,6791442.0,878066.0,1600214.0,66831478.0,4307394.0,140.0,29232.0,5712868.0,67480.0,5032594.0,7794892.0,0.0,14910.0,88242.0,44.55,64.14,157.48,122.61,202.02,186.75,2134450889.0,388.77,121.06,1.75,124.32,5.04,245.38,6.8,2134481955.0,252.17,447.4,193.54,640.94,0.94222269631588,2665.9619842751,2816.7176156856,47164682.0,16675928178.0,1514
38,2812.9005081928,1298.4422283059,23.434,2024-02-13,13:13:02.118,0.22,3.28,0.07,1.12,0.04,7.36,0.99,0.33,0.0,0.0007,22880.0,0.17,0.18,98.0,43.0,11314.29,3448.38,2596.87,6.56,164.05,0.44,10.89,0.04,1.67,0.03,1.22,0.03,2.11,0.99,0.38,0.0,0.0009,24040.0,0.24,0.01,96.0,36.0,2334.81,1398.15,2596.87,3.34,83.5,0.09,2.25,5.95,56.64,0.06,37.36,0.0,100.0,0.0,0.0,0.0,0.0,2.2,27.62,0.17,70.0,0.0,100.0,0.0,0.0,0.0,0.0,70.16,53.16,4.15,4.34,0.33,0.33,3.0,3.0,0.63,3.49,0.18,1.12,0.0,1.04,1.0,0.13,0.0,0.0006,4040.0,16.03,65.07,0.0,18.9,0.0,44.0,1624.67,465.05,2596.87,6.99,174.68,1.25,31.28,,2158380.0,1943340.0,1963598.0,72540496.0,2552802.0,168.0,233184.0,5703208.0,68348.0,5200552.0,8141756.0,0.0,14966.0,88004.0,40.47,65.63,141.46,118.36,181.93,183.99,2132211448.0,365.92,119.61,2.04,123.51,5.34,243.12,7.38,2132200279.0,250.5,425.05,191.37,616.42,0.94105213413887,2662.3321667306,2812.9005081928,48105771.0,17008732736.0,1514
39,2809.9468042686,661.18263694889,20.269,2024-02-13,13:13:03.119,0.22,3.28,0.07,1.12,0.05,7.11,0.99,0.37,0.0,0.0006,23400.0,0.18,0.18,98.0,43.0,11525.55,3511.87,2599.42,6.56,164.09,0.44,11.08,0.05,1.68,0.03,1.22,0.02,2.13,0.99,0.39,0.0,0.0009,24040.0,0.24,0.01,96.0,35.0,2348.53,1401.13,2599.42,3.35,83.81,0.09,2.26,6.06,57.22,0.05,36.67,0.0,100.0,0.0,0.0,0.0,0.0,2.21,27.82,0.16,69.82,0.0,100.0,0.0,0.0,0.0,0.0,70.53,53.22,4.16,4.35,0.03,0.0,3.0,3.0,0.62,3.5,0.18,1.12,0.0,1.0,1.0,0.17,0.0,0.0006,4640.0,15.9,65.21,0.0,18.9,0.0,43.0,1611.93,460.87,2599.42,7.0,174.88,1.24,31.01,,1568896.0,2217726.0,1983184.0,16959880.0,4306512.0,140.0,29260.0,5698714.0,67564.0,5497940.0,8032346.0,0.0,14994.0,88340.0,33.91,58.72,115.32,100.96,149.23,159.68,2134386265.0,308.91,117.2,1.64,121.08,4.93,238.28,6.57,2134428915.0,244.85,387.51,166.25,553.76,0.94210314390598,2659.2103012437,2809.9468042686,49047885.0,17341137854.0,1514
40,2819.7579986195,714.44191100777,20.125,2024-02-13,13:13:04.119,0.22,3.31,0.07,1.12,0.04,6.84,0.99,0.35,0.0,0.0006,23120.0,0.16,0.17,99.0,43.0,11453.78,3459.63,2596.99,6.62,165.53,0.44,11.03,0.05,1.68,0.03,1.22,0.01,2.12,0.99,0.38,0.0,0.0009,23800.0,0.24,0.01,96.0,35.0,2351.29,1402.92,2596.99,3.35,83.8,0.09,2.26,5.97,56.62,0.02,37.4,0.0,100.0,0.0,0.0,0.0,0.0,2.21,27.42,0.14,70.23,0.0,100.0,0.0,0.0,0.0,0.0,70.35,53.1,4.09,4.34,0.0,0.33,3.0,3.0,0.62,3.51,0.18,1.12,0.0,0.95,1.0,0.14,0.0,0.0006,4160.0,15.68,65.4,0.0,18.92,0.0,44.0,1597.47,454.96,2596.99,7.02,175.56,1.23,30.76,,934878.0,1892142.0,2571506.0,5973394.0,4316928.0,84.0,117110.0,5701724.0,67494.0,5363134.0,8097208.0,0.0,15050.0,88662.0,33.69,59.19,114.29,101.07,147.98,160.26,2132283297.0,308.25,117.53,1.49,120.93,4.78,238.46,6.27,2132248091.0,244.73,386.44,166.53,552.97,0.94373484251623,2668.7604238169,2819.7579986195,49991629.0,17674736144.0,1514
41,2820.0124070298,845.86639524037,12.723,2024-02-13,13:13:05.119,0.22,3.29,0.07,1.12,0.05,6.93,0.99,0.36,0.0,0.0006,22760.0,0.16,0.16,98.0,43.0,11273.02,3424.6,2597.04,6.58,164.59,0.43,10.85,0.05,1.68,0.03,1.22,0.01,2.15,0.99,0.38,0.0,0.0009,24040.0,0.24,0.01,95.0,35.0,2350.24,1401.1,2597.04,3.35,83.87,0.09,2.26,5.91,55.95,0.01,38.13,0.0,100.0,0.0,0.0,0.0,0.0,2.21,27.45,0.13,70.22,0.0,100.0,0.0,0.0,0.0,0.0,69.89,53.18,4.19,4.36,0.33,0.33,3.0,3.0,0.64,3.55,0.18,1.12,0.0,0.99,1.0,0.13,0.0,0.0006,4080.0,16.04,68.53,0.0,15.43,0.0,48.0,1654.32,465.43,2597.04,7.11,177.72,1.27,31.85,,899346.0,1834266.0,2003960.0,5997278.0,4312280.0,0.0,32522.0,5690356.0,67046.0,5373438.0,8028650.0,0.0,15162.0,91266.0,33.17,60.0,112.21,101.34,145.38,161.35,2134330141.0,306.72,115.63,1.46,118.72,4.76,234.35,6.22,2134285111.0,240.57,379.72,167.56,547.29,0.94406499637941,2668.9620076091,2820.0124070298,50935727.0,18008368058.0,1514
42,2819.9728285406,770.70619727123,20.972,2024-02-13,13:13:06.119,0.22,3.29,0.07,1.12,0.05,7.35,0.99,0.34,0.0,0.0007,22080.0,0.15,0.16,98.0,43.0,11251.58,3415.42,2597.27,6.59,164.72,0.43,10.83,0.05,1.67,0.03,1.22,0.01,2.19,0.99,0.38,0.0,0.0009,23880.0,0.23,0.01,96.0,36.0,2353.81,1410.27,2597.27,3.34,83.45,0.09,2.27,5.89,56.19,0.03,37.89,0.0,100.0,0.0,0.0,0.0,0.0,2.22,27.43,0.11,70.24,0.0,100.0,0.0,0.0,0.0,0.0,70.0,53.19,4.2,4.35,0.0,0.33,3.0,3.0,0.67,3.54,0.19,1.12,0.0,1.11,1.0,0.12,0.0,0.0006,4280.0,16.96,70.17,0.0,12.88,0.0,43.0,1738.12,491.27,2597.27,7.08,176.9,1.34,33.46,,4471110.0,1956682.0,2920974.0,9449580.0,4310208.0,0.0,29484.0,5695872.0,67914.0,5638038.0,7980812.0,0.0,15036.0,88774.0,38.29,63.2,131.89,112.12,170.18,175.32,2132164456.0,345.5,115.09,1.47,117.93,4.76,233.02,6.23,2132168053.0,239.25,403.2,181.55,584.75,0.9437803879645,2668.9679664663,2819.9728285406,51879536.0,18341999168.0,1514
