load_generator,1,6,4,0,0,0,0,0,0,0,0,W,0,0,0,0,0,0,0,0
ndpi_stat,2,2,5,0,0,0,0,0,0,0,0,W,0,0,0,0,0,0,0,0
router,3,3,6,0,0,0,0,0,0,0,0,W,0,0,0,0,0,0,0,0
payload_scan,5,4,8,0,0,0,0,0,0,0,0,W,0,0,0,0,0,0,0,0
bridge,6,5,9,0,0,0,0,0,0,0,0,W,0,0,0,0,0,0,0,0
load_generator,1,6,4,0,2641824,0,2641824,0,2961817,1101,0,W,0,0,9792,0,9792,0,0,2962918
ndpi_stat,2,2,5,2949894,2888935,2949894,2888935,0,2936444,13418,0,W,0,9792,47509,9792,47509,0,0,0
router,3,3,6,2899625,2651552,2899625,2651552,0,2898371,1256,0,W,0,45376,246819,45376,246819,0,0,0
firewall,4,1,7,2168,0,2168,0,0,0,0,0,W,0,0,0,0,0,0,0,0
payload_scan,5,4,8,2646151,3235,2646151,3235,0,3235,2642955,0,W,0,249324,0,249324,0,0,0,0
bridge,6,5,9,0,0,0,0,0,0,0,0,W,0,0,0,0,0,0,0,0
load_generator,1,6,4,0,68000,0,2710016,0,4458446,1107,0,W,0,0,2,0,9794,0,0,4460064
ndpi_stat,2,2,5,2954031,2964579,5903957,5853578,1540,5899694,13427,0,W,0,0,3,9792,47512,0,0,0
router,3,3,6,2958111,2958114,5857768,5609698,302,5856261,1256,0,W,0,0,2,45376,246821,0,0,0
firewall,4,1,7,1465890,1468122,1468122,1468122,113,1468016,0,0,W,0,287637,0,287637,0,0,0,0
payload_scan,5,4,8,2962078,2732244,5608293,2735479,649,2734893,2872864,0,W,0,0,5,249324,5,0,0,0
bridge,6,5,9,2737709,2737706,2737709,2737706,2737379,6861,0,0,W,0,0,2,0,2,0,0,0
load_generator,1,6,4,0,83168,0,2793184,0,5962246,1107,0,W,0,0,12452,0,22246,0,0,5964135
ndpi_stat,2,2,5,3228479,3236466,9132514,9090123,3068,9134757,13427,0,W,0,20679,1,30471,47513,0,0,0
router,3,3,6,3231822,3231821,9089670,8841599,372,9088095,1256,0,W,0,0,1,45376,246822,0,0,0
firewall,4,1,7,1761319,1753411,3229554,3221646,144,3229401,0,0,W,0,0,7892,287637,7892,0,0,0
payload_scan,5,4,8,3232824,3232858,8841210,5968433,757,5967743,2872864,0,W,0,0,0,249324,5,0,0,0
bridge,6,5,9,3236783,3236815,5974578,5974612,5974076,10159,0,0,W,0,0,3,0,5,0,0,0
load_generator,1,6,4,0,41440,0,2834848,0,7461884,1107,0,W,0,0,7652,0,29898,0,0,7464139
ndpi_stat,2,2,5,3231203,3252031,12364025,12342250,4073,12385909,13427,0,W,0,13363,1,43834,47514,0,0,0
router,3,3,6,3249142,3249147,12338940,12090874,416,12337330,1256,0,W,0,0,0,45376,246822,0,0,0
firewall,4,1,7,1757820,1752402,4987462,4974156,160,4987316,0,0,W,0,0,5421,287637,13313,0,0,0
payload_scan,5,4,8,3250783,3250820,12092153,9219381,852,9218602,2872864,0,W,0,0,0,249324,5,0,0,0
bridge,6,5,9,3254001,3254010,9228707,9228750,9228104,14113,0,0,W,0,0,3,0,8,0,0,0
load_generator,1,6,4,0,23264,0,2858112,0,8958893,1107,0,W,0,0,3,0,29901,0,0,8961440
ndpi_stat,2,2,5,3247722,3257231,15611859,15599593,4383,15642959,13427,0,W,0,0,0,43834,47514,0,0,0
router,3,3,6,3256768,3256786,15595834,15347775,440,15594207,1256,0,W,0,0,0,45376,246822,0,0,0
firewall,4,1,7,1760810,1760814,6748341,6735039,172,6748188,0,0,W,0,0,0,287637,13313,0,0,0
payload_scan,5,4,8,3258552,3258564,15350711,12477953,980,12477050,2872864,0,W,0,0,0,249324,5,0,0,0
bridge,6,5,9,3260387,3260491,12489268,12489415,12488616,17688,0,0,W,0,0,4,0,12,0,0,0
load_generator,1,6,4,0,25376,0,2883488,0,10455835,1107,0,W,0,0,2,0,29903,0,0,10458677
ndpi_stat,2,2,5,3246530,3255659,18858529,18855400,4641,18898510,13427,0,W,0,0,0,43834,47514,0,0,0
router,3,3,6,3255304,3255337,18851231,18603184,467,18849589,1256,0,W,0,0,0,45376,246822,0,0,0
firewall,4,1,7,1759262,1759252,8507691,8494379,198,8507503,0,0,W,0,0,0,287637,13313,0,0,0
payload_scan,5,4,8,3256872,3256900,18607689,15734960,1124,15733915,2872864,0,W,0,0,0,249324,5,0,0,0
bridge,6,5,9,3258740,3258922,15748129,15748458,15747438,21256,0,0,W,0,0,1,0,13,0,0,0
load_generator,1,6,4,0,23680,0,2907168,0,11952968,1107,0,W,0,0,0,0,29903,0,0,11956059
ndpi_stat,2,2,5,3248025,3257307,22106741,22112896,4879,22155775,13427,0,W,0,0,0,43834,47514,0,0,0
router,3,3,6,3256934,3256940,22108274,21860243,489,22106626,1256,0,W,0,0,0,45376,246822,0,0,0
firewall,4,1,7,1760729,1760719,10268456,10255141,213,10268258,0,0,W,0,0,0,287637,13313,0,0,0
payload_scan,5,4,8,3258361,3258363,21866142,18993415,1214,18992282,2872864,0,W,0,0,0,249324,5,0,0,0
bridge,6,5,9,3259968,3260009,19008178,19008545,19007442,24193,0,0,W,0,0,0,0,13,0,0,0
ndpi_stat,2,2,5,3134479,3143048,25241352,25256077,5083,25298754,13427,0,W,0,0,0,43834,47514,0,0,0
router,3,3,6,3142958,3142970,25251349,25003330,509,25249693,1256,0,W,0,0,0,45376,246822,0,0,0
firewall,4,1,7,1856399,1856404,12124911,12111615,225,12124714,0,0,W,0,0,0,287637,13313,0,0,0
payload_scan,5,4,8,3144115,3144117,25010347,22137635,1291,22136425,2872864,0,W,0,0,0,249324,5,0,0,0
bridge,6,5,9,3145431,3145499,22153684,22154118,22152893,26644,0,0,W,0,0,4,0,17,0,0,0
ndpi_stat,2,2,5,1962971,1962971,27204667,27219392,5170,27261984,13427,0,W,0,0,0,43834,47514,0,0,0
router,3,3,6,1962785,1962781,27214223,26966208,518,27212562,1256,0,W,0,0,0,45376,246822,0,0,0
firewall,4,1,7,1963037,1963037,14088035,14074739,245,14087819,0,0,W,0,0,0,287637,13313,0,0,0
payload_scan,5,4,8,1963179,1963184,26973625,24100924,1321,24099684,2872864,0,W,0,0,0,249324,5,0,0,0
bridge,6,5,9,1963851,1963854,24117635,24118077,24116838,27949,0,0,W,0,0,0,0,17,0,0,0
ndpi_stat,2,2,5,1966084,1966095,29170994,29185725,5260,29228232,13427,0,W,0,0,0,43834,47514,0,0,0
router,3,3,6,1965864,1965870,29180140,28932139,523,29178488,1256,0,W,0,0,0,45376,246822,0,0,0
firewall,4,1,7,1966120,1966121,16054225,16040928,256,16053998,0,0,W,0,0,0,287637,13313,0,0,0
payload_scan,5,4,8,1966551,1966553,28940233,26067534,1382,26066235,2872864,0,W,0,0,0,249324,5,0,0,0
bridge,6,5,9,1967593,1967599,26085267,26085715,26084472,29824,0,0,W,0,0,0,0,17,0,0,0
load_generator,7,6,4,0,0,0,0,0,0,0,0,W,0,0,0,0,0,0,0,0
ndpi_stat,2,2,5,3679694,3682532,32850861,32868430,5566,32910654,13427,0,W,0,0,0,43834,47514,0,0,0
router,3,3,6,3682991,3682996,32863209,32615213,564,32861523,1256,0,W,0,0,0,45376,246822,0,0,0
firewall,4,1,7,1965682,1965687,18019976,18006682,282,18019725,0,0,W,0,0,0,287637,13313,0,0,0
payload_scan,5,4,8,3686318,3686323,32626614,29753922,1602,29752401,2872864,0,W,0,0,0,249324,5,0,0,0
bridge,6,5,9,3687767,3687757,29773081,29773519,29771976,33931,0,0,W,0,0,2,0,19,0,0,0
load_generator,7,6,4,0,1369056,0,1369056,0,1719429,0,0,W,0,0,2,0,2,0,0,1719791
ndpi_stat,2,2,5,3077839,3084130,35928990,35952850,5714,35994933,13427,0,W,0,0,0,43834,47514,0,0,0
router,3,3,6,3084145,3084139,35947453,35699456,590,35945742,1256,0,W,0,0,0,45376,246822,0,0,0
firewall,4,1,7,1963613,1963629,19983651,19970357,293,19983389,0,0,W,0,0,0,287637,13313,0,0,0
payload_scan,5,4,8,3085221,3085227,35711937,32839245,1671,32837659,2872864,0,W,0,0,0,249324,5,0,0,0
bridge,6,5,9,3086211,3086226,32859346,32859815,32858226,35843,0,0,W,0,0,4,0,23,0,0,0
load_generator,7,6,4,0,19392,0,1388448,0,2840749,0,0,W,0,0,5,0,7,0,0,2841303
ndpi_stat,2,2,5,3077430,3083920,39006749,39037104,5853,39079050,13427,0,W,0,0,0,43834,47514,0,0,0
router,3,3,6,3083855,3083862,39031400,38783417,598,39029695,1256,0,W,0,0,0,45376,246822,0,0,0
firewall,4,1,7,1963207,1963209,21946956,21933662,308,21946679,0,0,W,0,0,0,287637,13313,0,0,0
payload_scan,5,4,8,3084778,3084796,38796795,35924108,1743,35922452,2872864,0,W,0,0,0,249324,5,0,0,0
bridge,6,5,9,3085530,3085543,35945025,35945500,35943858,37599,0,0,W,0,0,0,0,23,0,0,0
load_generator,7,6,4,0,17536,0,1405984,0,3961894,0,0,W,0,0,0,0,7,0,0,3962588
ndpi_stat,2,2,5,3073531,3079119,42080504,42116440,6034,42158209,13427,0,W,0,0,0,43834,47514,0,0,0
router,3,3,6,3078856,3078891,42110345,41862397,632,42108643,1256,0,W,0,0,0,45376,246822,0,0,0
firewall,4,1,7,1958642,1958638,23905683,23892382,334,23905373,0,0,W,0,0,0,287637,13313,0,0,0
payload_scan,5,4,8,3080081,3080081,41876936,39004251,1868,39002474,2872864,0,W,0,0,0,249324,5,0,0,0
bridge,6,5,9,3081008,3081016,39026121,39026601,39024841,39768,0,0,W,0,0,1,0,24,0,0,0
load_generator,7,6,4,0,32608,0,1438592,0,5082917,0,0,W,0,0,1,0,8,0,0,5083834
ndpi_stat,2,2,5,3080750,3086669,45161518,45203374,6143,45245030,13427,0,W,0,0,0,43834,47514,0,0,0
router,3,3,6,3086667,3086659,45197092,44949136,650,45195365,1256,0,W,0,0,0,45376,246822,0,0,0
firewall,4,1,7,1965907,1965903,25871665,25858367,351,25871345,0,0,W,0,0,0,287637,13313,0,0,0
payload_scan,5,4,8,3087419,3087412,44964442,42091752,1924,42089921,2872864,0,W,0,0,0,249324,5,0,0,0
bridge,6,5,9,3088129,3088128,42114332,42114811,42113023,41244,0,0,W,0,0,3,0,27,0,0,0
load_generator,7,6,4,0,17344,0,1455936,0,6204171,0,0,W,0,0,1,0,9,0,0,6205217
ndpi_stat,2,2,5,3081425,3087454,48243177,48291083,6255,48332630,13427,0,W,0,0,0,43834,47514,0,0,0
router,3,3,6,3087357,3087359,48284538,48036592,658,48282820,1256,0,W,0,0,0,45376,246822,0,0,0
firewall,4,1,7,1966531,1966535,27838263,27824973,363,27837935,0,0,W,0,0,0,287637,13313,0,0,0
payload_scan,5,4,8,3088110,3088111,48052620,45179942,1985,45178043,2872864,0,W,0,0,0,249324,5,0,0,0
bridge,6,5,9,3088702,3088707,45203160,45203647,45201824,42547,0,0,W,0,0,0,0,27,0,0,0
load_generator,7,6,4,0,17568,0,1473504,0,7325508,0,0,W,0,0,0,0,9,0,0,7326681
ndpi_stat,2,2,5,3078329,3084437,51321762,51375767,6361,51417209,13427,0,W,0,0,0,43834,47514,0,0,0
router,3,3,6,3084466,3084468,51369084,51121146,668,51367357,1256,0,W,0,0,0,45376,246822,0,0,0
firewall,4,1,7,1963806,1963808,29802147,29788857,377,29801806,0,0,W,0,0,0,287637,13313,0,0,0
payload_scan,5,4,8,3085317,3085319,51138012,48265336,2043,48263380,2872864,0,W,0,0,0,249324,5,0,0,0
bridge,6,5,9,3085948,3085942,48289195,48289676,48287830,43856,0,0,W,0,0,0,0,27,0,0,0
load_generator,7,6,4,0,19488,0,1492992,0,8446744,0,0,W,0,0,0,0,9,0,0,8448043
ndpi_stat,2,2,5,2694927,2699994,54016931,54076013,6432,54117384,13427,0,W,0,0,0,43834,47514,0,0,0
router,3,3,6,2699982,2699995,54069246,53821309,675,54067513,1256,0,W,0,0,0,45376,246822,0,0,0
firewall,4,1,7,1579036,1579036,31381255,31367965,383,31380908,0,0,W,0,0,0,287637,13313,0,0,0
payload_scan,5,4,8,2700458,2700463,53838569,50965898,2073,50963912,2872864,0,W,0,0,0,249324,5,0,0,0
bridge,6,5,9,2700938,2700937,50990234,50990722,50988837,44896,0,0,W,0,0,1,0,28,0,0,0
load_generator,7,6,4,0,17312,0,1510304,0,9568033,0,0,W,0,0,1,0,10,0,0,9569438
ndpi_stat,2,2,5,1462851,1463968,55479985,55540186,6453,55581536,13427,0,W,0,0,0,43834,47514,0,0,0
router,3,3,6,1463954,1463956,55533281,55285347,679,55531547,1256,0,W,0,0,0,45376,246822,0,0,0
firewall,4,1,7,1165056,1165057,32546351,32533061,385,32546002,0,0,W,0,0,0,287637,13313,0,0,0
payload_scan,5,4,8,1464079,1464079,55302728,52430057,2089,52428055,2872864,0,W,0,0,0,249324,5,0,0,0
bridge,6,5,9,1464316,1464318,52454645,52455140,52453239,45547,0,0,W,0,0,0,0,28,0,0,0
ndpi_stat,2,2,5,1160950,1160949,56640995,56701194,6474,56742523,13427,0,W,0,0,0,43834,47514,0,0,0
router,3,3,6,1161035,1161027,56694344,56446402,679,56692602,1256,0,W,0,0,0,45376,246822,0,0,0
firewall,4,1,7,1160943,1160943,33707320,33694032,386,33706972,0,0,W,0,0,0,287637,13313,0,0,0
payload_scan,5,4,8,1161194,1161194,56463966,53591295,2095,53589287,2872864,0,W,0,0,0,249324,5,0,0,0
bridge,6,5,9,1161467,1161465,53616137,53616630,53614729,46218,0,0,W,0,0,0,0,28,0,0,0
load_generator,8,6,4,0,0,0,0,0,0,0,0,W,0,0,0,0,0,0,0,0
ndpi_stat,2,2,5,2804748,2805526,59445841,59506820,6555,59548073,13427,0,W,0,0,0,43834,47514,0,0,0
router,3,3,6,2806663,2806681,59501054,59253137,687,59499332,1256,0,W,0,0,0,45376,246822,0,0,0
firewall,4,1,7,1163536,1163534,34870893,34857603,391,34870539,0,0,W,0,0,0,287637,13313,0,0,0
payload_scan,5,4,8,2808499,2808504,59272499,56399830,2121,56397796,2872864,0,W,0,0,0,249324,5,0,0,0
bridge,6,5,9,2809099,2809101,56425258,56425753,56423776,47911,0,0,W,0,0,0,0,28,0,0,0
load_generator,8,6,4,0,1595776,0,1595776,0,1644441,0,0,W,0,0,0,0,0,0,0,1644736
ndpi_stat,2,2,5,3847389,3853515,63293655,63360724,6748,63401802,13427,0,W,0,0,0,43834,47514,0,0,0
router,3,3,6,3855096,3855115,63356378,63108480,731,63354637,1256,0,W,0,0,0,45376,246822,0,0,0
firewall,4,1,7,1166049,1166049,36036976,36023688,394,36036621,0,0,W,0,0,0,287637,13313,0,0,0
payload_scan,5,4,8,3856856,3856898,63129648,60256986,2260,60254818,2872864,0,W,0,0,0,249324,5,0,0,0
bridge,6,5,9,3858766,3858770,60284253,60284752,60282669,51830,0,0,W,0,0,2,0,30,0,0,0
load_generator,8,6,4,0,1088192,0,2684160,0,4334138,0,0,W,0,0,1,0,1,0,0,4334843
ndpi_stat,2,2,5,3043794,3050381,66337680,66411349,6863,66452313,13427,0,W,0,0,0,43834,47514,0,0,0
router,3,3,6,3050750,3050749,66407217,66159327,742,66405475,1256,0,W,0,0,0,45376,246822,0,0,0
firewall,4,1,7,1165993,1165991,37203030,37189740,397,37202670,0,0,W,0,0,0,287637,13313,0,0,0
payload_scan,5,4,8,3051388,3051392,66181156,63308499,2311,63306282,2872864,0,W,0,0,0,249324,5,0,0,0
bridge,6,5,9,3052811,3052819,63337151,63337650,63335539,53393,0,0,W,0,0,2,0,32,0,0,0
load_generator,8,6,4,0,34080,0,2718240,0,6219603,0,0,W,0,0,2,0,3,0,0,6220480
ndpi_stat,2,2,5,3042186,3048256,69380095,69459834,6952,69500713,13427,0,W,0,0,0,43834,47514,0,0,0
router,3,3,6,3048494,3048528,69455822,69207967,749,69454112,1256,0,W,0,0,0,45376,246822,0,0,0
firewall,4,1,7,1163881,1163880,38366953,38353663,401,38366589,0,0,W,0,0,0,287637,13313,0,0,0
payload_scan,5,4,8,3048809,3048817,69230662,66358010,2408,66355699,2872864,0,W,0,0,0,249324,5,0,0,0
bridge,6,5,9,3049683,3049684,66386913,66387417,66385238,55205,0,0,W,0,0,0,0,32,0,0,0
load_generator,8,6,4,0,64128,0,2782368,0,8104276,0,0,W,0,0,0,0,3,0,0,8105355
ndpi_stat,2,2,5,3045422,3051820,72425689,72511827,7039,72552621,13427,0,W,0,0,0,43834,47514,0,0,0
router,3,3,6,3052286,3052295,72508187,72260344,775,72506460,1256,0,W,0,0,0,45376,246822,0,0,0
firewall,4,1,7,1167546,1167548,39534549,39521261,407,39534181,0,0,W,0,0,0,287637,13313,0,0,0
payload_scan,5,4,8,3052998,3053001,72283746,69411097,2461,69408733,2872864,0,W,0,0,0,249324,5,0,0,0
bridge,6,5,9,3053878,3053886,69440861,69441375,69439157,56768,0,0,W,0,0,2,0,34,0,0,0
load_generator,8,6,4,0,36032,0,2818400,0,9989505,0,0,W,0,0,1,0,4,0,0,9990750
ndpi_stat,2,2,5,3043792,3049879,75469789,75562015,7105,75602742,13427,0,W,0,0,0,43834,47514,0,0,0
router,3,3,6,3050347,3050348,75558615,75310773,815,75556850,1256,0,W,0,0,0,45376,246822,0,0,0
firewall,4,1,7,1165729,1165733,40700321,40687034,409,40699952,0,0,W,0,0,0,287637,13313,0,0,0
payload_scan,5,4,8,3050855,3050857,75334693,72462048,2500,72459645,2872864,0,W,0,0,0,249324,5,0,0,0
bridge,6,5,9,3051587,3051578,72492596,72493101,72490861,58057,0,0,W,0,0,0,0,34,0,0,0
load_generator,8,6,4,0,32096,0,2850496,0,11874464,0,0,W,0,0,0,0,4,0,0,11875859
ndpi_stat,2,2,5,3036809,3043034,78506825,78605275,7185,78645924,13427,0,W,0,0,0,43834,47514,0,0,0
router,3,3,6,3043492,3043497,78602185,78354345,851,78600386,1256,0,W,0,0,0,45376,246822,0,0,0
firewall,4,1,7,1158474,1158474,41858836,41845549,410,41858466,0,0,W,0,0,0,287637,13313,0,0,0
payload_scan,5,4,8,3043953,3043959,78378752,75506117,2538,75503677,2872864,0,W,0,0,0,249324,5,0,0,0
bridge,6,5,9,3044656,3044656,75537349,75537864,75535593,59348,0,0,W,0,0,1,0,35,0,0,0
load_generator,8,6,4,0,39968,0,2890464,0,13759764,0,0,W,0,0,1,0,5,0,0,13761279
ndpi_stat,2,2,5,3368008,3376359,81875153,81981954,7304,82022487,13427,0,W,0,0,0,43834,47514,0,0,0
router,3,3,6,3376651,3376649,81978921,81731079,860,81977110,1256,0,W,0,0,0,45376,246822,0,0,0
firewall,4,1,7,1492165,1492153,43351031,43337730,417,43350642,0,0,W,0,0,0,287637,13313,0,0,0
payload_scan,5,4,8,3377461,3377450,81756331,78883686,2609,78881194,2872864,0,W,0,0,0,249324,5,0,0,0
bridge,6,5,9,3378342,3378355,78915792,78916312,78914008,60917,0,0,W,0,0,3,0,38,0,0,0
load_generator,8,6,4,0,32960,0,2923424,0,15644815,0,0,W,0,0,3,0,8,0,0,15646496
ndpi_stat,2,2,5,2801525,2806611,84677003,84788889,7436,84829292,13427,0,W,0,0,0,43834,47514,0,0,0
router,3,3,6,2806350,2806355,84785402,84537566,878,84783579,1256,0,W,0,0,0,45376,246822,0,0,0
firewall,4,1,7,1828154,1828151,45179233,45165943,428,45178844,0,0,W,0,0,0,287637,13313,0,0,0
payload_scan,5,4,8,2807015,2807024,84563488,81690874,2694,81688284,2872864,0,W,0,0,0,249324,5,0,0,0
bridge,6,5,9,2807813,2807842,81723721,81724244,81721897,62591,0,0,W,0,0,0,0,38,0,0,0
ndpi_stat,2,2,5,1832216,1832220,86509321,86621209,7503,86661548,13427,0,W,0,0,0,43834,47514,0,0,0
router,3,3,6,1832120,1832123,86617579,86369745,880,86615756,1256,0,W,0,0,0,45376,246822,0,0,0
firewall,4,1,7,1832179,1832176,47011462,46998177,435,47011071,0,0,W,0,0,0,287637,13313,0,0,0
payload_scan,5,4,8,1832626,1832629,86396163,83523550,2725,83520929,2872864,0,W,0,0,0,249324,5,0,0,0
bridge,6,5,9,1833416,1833418,83557181,83557706,83555357,64185,0,0,W,0,0,0,0,38,0,0,0
load_generator,9,6,4,0,0,0,0,0,0,0,0,W,0,0,0,0,0,0,0,0
ndpi_stat,2,2,5,2300081,2300410,88809532,88921749,7577,88962020,13427,0,W,0,0,0,43834,47514,0,0,0
router,3,3,6,2300734,2300744,88918376,88670547,884,88916554,1256,0,W,0,0,0,45376,246822,0,0,0
firewall,4,1,7,1829634,1829634,48841148,48827864,440,48840755,0,0,W,0,0,0,287637,13313,0,0,0
payload_scan,5,4,8,2302920,2302917,88699129,85826513,2781,85823843,2872864,0,W,0,0,0,249324,5,0,0,0
bridge,6,5,9,2303634,2303614,85860877,85861373,85858983,65935,0,0,W,0,0,0,0,38,0,0,0
load_generator,9,6,4,0,460480,0,460480,0,472815,0,0,W,0,0,0,0,0,0,0,472896
ndpi_stat,2,2,5,5695661,5704039,94505594,94626193,7923,94666152,13427,0,W,0,0,0,43834,47514,0,0,0
router,3,3,6,5704033,5704052,94623503,94375693,962,94621627,1256,0,W,0,0,0,45376,246822,0,0,0
firewall,4,1,7,1832166,1832166,50673382,50660098,460,50672968,0,0,W,0,0,0,287637,13313,0,0,0
payload_scan,5,4,8,5706742,5706761,94406044,91533449,3024,91530537,2872864,0,W,0,0,0,249324,5,0,0,0
bridge,6,5,9,5708963,5708970,91569977,91570512,91567860,70310,0,0,W,0,0,2,0,40,0,0,0
load_generator,9,6,4,0,2495968,0,2956576,0,4346594,0,0,W,0,0,3,0,3,0,0,4347106
ndpi_stat,2,2,5,3887139,3897487,98392976,98523929,8080,98563737,13427,0,W,0,0,0,43834,47514,0,0,0
router,3,3,6,3897524,3897538,98521146,98273350,982,98519266,1256,0,W,0,0,0,45376,246822,0,0,0
firewall,4,1,7,1827333,1827341,52500770,52487497,472,52500356,0,0,W,0,0,0,287637,13313,0,0,0
payload_scan,5,4,8,3898849,3898875,98305051,95432468,3128,95429455,2872864,0,W,0,0,0,249324,5,0,0,0
bridge,6,5,9,3900234,3900242,95470349,95470892,95468182,72713,0,0,W,0,0,2,0,42,0,0,0
load_generator,9,6,4,0,35360,0,2991936,0,6417807,0,0,W,0,0,1,0,4,0,0,6418570
ndpi_stat,2,2,5,3891911,3902123,102285221,102426384,8271,102466005,13427,0,W,0,0,0,43834,47514,0,0,0
router,3,3,6,3902394,3902398,102423649,102175855,993,102421761,1256,0,W,0,0,0,45376,246822,0,0,0
firewall,4,1,7,1830889,1830889,54331723,54318450,481,54331300,0,0,W,0,0,0,287637,13313,0,0,0
payload_scan,5,4,8,3903739,3903765,102208965,99336396,3229,99333282,2872864,0,W,0,0,0,249324,5,0,0,0
bridge,6,5,9,3905197,3905202,99375669,99376220,99373448,75029,0,0,W,0,0,1,0,43,0,0,0
load_generator,9,6,4,0,38528,0,3030464,0,8490726,0,0,W,0,0,1,0,5,0,0,8491702
ndpi_stat,2,2,5,3887695,3898102,106173480,106325062,8487,106364481,13427,0,W,0,0,0,43834,47514,0,0,0
router,3,3,6,3897794,3897817,106321667,106073896,1018,106319770,1256,0,W,0,0,0,45376,246822,0,0,0
firewall,4,1,7,1827667,1827665,56159467,56146192,495,56159029,0,0,W,0,0,0,287637,13313,0,0,0
payload_scan,5,4,8,3899264,3899266,106108517,103235950,3378,103232691,2872864,0,W,0,0,0,249324,5,0,0,0
bridge,6,5,9,3900701,3900742,103276561,103277121,103274247,77774,0,0,W,0,0,0,0,43,0,0,0
load_generator,9,6,4,0,55232,0,3085696,0,10561825,0,0,W,0,0,0,0,5,0,0,10563088
ndpi_stat,2,2,5,3889373,3899854,110063127,110225190,8643,110264467,13427,0,W,0,0,0,43834,47514,0,0,0
router,3,3,6,3900033,3900045,110221804,109974046,1050,110219890,1256,0,W,0,0,0,45376,246822,0,0,0
firewall,4,1,7,1829762,1829763,57989282,57976010,506,57988836,0,0,W,0,0,0,287637,13313,0,0,0
payload_scan,5,4,8,3901355,3901367,110009958,107137401,3482,107134040,2872864,0,W,0,0,0,249324,5,0,0,0
bridge,6,5,9,3902556,3902570,107179189,107179766,107176834,80017,0,0,W,0,0,1,0,44,0,0,0
load_generator,9,6,4,0,34720,0,3120416,0,12632994,0,0,W,0,0,1,0,6,0,0,12634488
ndpi_stat,2,2,5,3888159,3898428,113951687,114124026,8849,114163093,13427,0,W,0,0,0,43834,47514,0,0,0
router,3,3,6,3898487,3898488,114120429,113872677,1067,114118507,1256,0,W,0,0,0,45376,246822,0,0,0
firewall,4,1,7,1828325,1828321,59817670,59804394,514,59817212,0,0,W,0,0,0,287637,13313,0,0,0
payload_scan,5,4,8,3899778,3899788,113909865,111037318,3655,111033777,2872864,0,W,0,0,0,249324,5,0,0,0
bridge,6,5,9,3900928,3900925,111080223,111080797,111077813,82216,0,0,W,0,0,1,0,45,0,0,0
load_generator,9,6,4,0,37344,0,3157760,0,14704191,0,0,W,0,0,1,0,7,0,0,14705908
ndpi_stat,2,2,5,3856549,3866862,117808643,117991285,9018,118030186,13427,0,W,0,0,0,43834,47514,0,0,0
router,3,3,6,3866915,3866920,117987467,117739719,1088,117985526,1256,0,W,0,0,0,45376,246822,0,0,0
firewall,4,1,7,1796890,1796890,61614619,61601347,524,61614157,0,0,W,0,0,0,287637,13313,0,0,0
payload_scan,5,4,8,3868146,3868149,117778140,114905596,3775,114901938,2872864,0,W,0,0,0,249324,5,0,0,0
bridge,6,5,9,3869945,3869936,114950297,114950867,114947837,84356,0,0,W,0,0,0,0,45,0,0,0
load_generator,9,6,4,0,35680,0,3193440,0,16775541,0,0,W,0,0,0,0,7,0,0,16777472
ndpi_stat,2,2,5,3343103,3350972,121152072,121342581,9145,121381361,13427,0,W,0,0,0,43834,47514,0,0,0
router,3,3,6,3350757,3350763,121338370,121090624,1103,121336417,1256,0,W,0,0,0,45376,246822,0,0,0
firewall,4,1,7,1765731,1765735,63380401,63367132,534,63379932,0,0,W,0,0,0,287637,13313,0,0,0
payload_scan,5,4,8,3350910,3350916,121129814,118257287,3875,118253531,2872864,0,W,0,0,0,249324,5,0,0,0
bridge,6,5,9,3351700,3351709,118302126,118302720,118299654,85966,0,0,W,0,0,0,0,45,0,0,0
ndpi_stat,2,2,5,1764553,1764567,122916754,123107281,9204,123146005,13427,0,W,0,0,0,43834,47514,0,0,0
router,3,3,6,1764453,1764456,123102894,122855151,1107,123100940,1256,0,W,0,0,0,45376,246822,0,0,0
firewall,4,1,7,1764532,1764535,65144976,65131710,546,65144498,0,0,W,0,0,0,287637,13313,0,0,0
payload_scan,5,4,8,1764832,1764832,122894705,120022177,3904,120018395,2872864,0,W,0,0,0,249324,5,0,0,0
bridge,6,5,9,1765371,1765371,120067569,120068163,120065092,87130,0,0,W,0,0,0,0,45,0,0,0
ndpi_stat,2,2,5,1761933,1761945,124678798,124869325,9261,124907993,13427,0,W,0,0,0,43834,47514,0,0,0
router,3,3,6,1761781,1761790,124864766,124617025,1115,124862806,1256,0,W,0,0,0,45376,246822,0,0,0
firewall,4,1,7,1761819,1761825,66906849,66893583,558,66906359,0,0,W,0,0,0,287637,13313,0,0,0
payload_scan,5,4,8,1762147,1762156,124656891,121784366,3925,121780562,2872864,0,W,0,0,0,249324,5,0,0,0
bridge,6,5,9,1762780,1762783,121830407,121831004,121827928,88447,0,0,W,0,0,0,0,45,0,0,0
load_generator,10,6,4,0,0,0,0,0,0,0,0,W,0,0,0,0,0,0,0,0
ndpi_stat,2,2,5,4713200,4718393,129392106,129587828,9500,129626277,13427,0,W,0,0,0,43834,47514,0,0,0
router,3,3,6,4719591,4719603,129584416,129336687,1177,129582417,1256,0,W,0,0,0,45376,246822,0,0,0
firewall,4,1,7,1766011,1766018,68672907,68659643,568,68672410,0,0,W,0,0,0,287637,13313,0,0,0
payload_scan,5,4,8,4722068,4722083,129378993,126506483,4094,126502515,2872864,0,W,0,0,0,249324,5,0,0,0
bridge,6,5,9,4723669,4723673,126554119,126554721,126551452,91908,0,0,W,0,0,0,0,45,0,0,0
load_generator,10,6,4,0,2285696,0,2285696,0,2955237,0,0,W,0,0,0,0,0,0,0,2955672
ndpi_stat,2,2,5,3472761,3481157,132865174,133069292,9627,133107619,13427,0,W,0,0,0,43834,47514,0,0,0
router,3,3,6,3481186,3481194,133065762,132818044,1196,133063751,1256,0,W,0,0,0,45376,246822,0,0,0
firewall,4,1,7,1765177,1765181,70438156,70424896,578,70437653,0,0,W,0,0,0,287637,13313,0,0,0
payload_scan,5,4,8,3482065,3482078,132861181,129988682,4173,129984638,2872864,0,W,0,0,0,249324,5,0,0,0
bridge,6,5,9,3483020,3483031,130037252,130037860,130034544,93652,0,0,W,0,0,2,0,47,0,0,0
load_generator,10,6,4,0,29728,0,2315424,0,4671901,0,0,W,0,0,2,0,2,0,0,4672531
ndpi_stat,2,2,5,3470688,3479097,136336162,136548685,9755,136586891,13427,0,W,0,0,0,43834,47514,0,0,0
router,3,3,6,3479099,3479105,136544971,136297257,1213,136542947,1256,0,W,0,0,0,45376,246822,0,0,0
firewall,4,1,7,1763057,1763035,72201278,72187996,590,72200764,0,0,W,0,0,0,287637,13313,0,0,0
payload_scan,5,4,8,3479950,3479955,136341268,133468774,4241,133464663,2872864,0,W,0,0,0,249324,5,0,0,0
bridge,6,5,9,3480758,3480773,133518123,133518746,133515381,95141,0,0,W,0,0,1,0,48,0,0,0
load_generator,10,6,4,0,28192,0,2343616,0,6388663,0,0,W,0,0,1,0,3,0,0,6389450
ndpi_stat,2,2,5,3467541,3475290,139803943,140024232,9947,140062253,13427,0,W,0,0,0,43834,47514,0,0,0
router,3,3,6,3475260,3475264,140020356,139772638,1239,140018303,1256,0,W,0,0,0,45376,246822,0,0,0
firewall,4,1,7,1759279,1759280,73960634,73947374,608,73960102,0,0,W,0,0,0,287637,13313,0,0,0
payload_scan,5,4,8,3476450,3476456,139817833,136945346,4353,136941128,2872864,0,W,0,0,0,249324,5,0,0,0
bridge,6,5,9,3477530,3477532,136995780,136996405,136992958,97324,0,0,W,0,0,3,0,51,0,0,0
load_generator,10,6,4,0,53696,0,2397312,0,8105565,0,0,W,0,0,2,0,5,0,0,8106575
ndpi_stat,2,2,5,3469820,3478345,143274148,143502946,10077,143540838,13427,0,W,0,0,0,43834,47514,0,0,0
router,3,3,6,3478310,3478315,143498772,143251074,1254,143496724,1256,0,W,0,0,0,45376,246822,0,0,0
firewall,4,1,7,1762835,1762837,75723531,75710273,618,75722991,0,0,W,0,0,0,287637,13313,0,0,0
payload_scan,5,4,8,3480051,3480070,143298004,140425534,4415,140421254,2872864,0,W,0,0,0,249324,5,0,0,0
bridge,6,5,9,3480821,3480824,140476774,140477404,140473913,98836,0,0,W,0,0,3,0,54,0,0,0
load_generator,10,6,4,0,28128,0,2425440,0,9822631,0,0,W,0,0,2,0,7,0,0,9823817
ndpi_stat,2,2,5,3470119,3478638,146744466,146981783,10182,147019571,13427,0,W,0,0,0,43834,47514,0,0,0
router,3,3,6,3477925,3477938,146977720,146730035,1279,146975660,1256,0,W,0,0,0,45376,246822,0,0,0
firewall,4,1,7,1761843,1761844,77485449,77472192,626,77484902,0,0,W,0,0,0,287637,13313,0,0,0
payload_scan,5,4,8,3478917,3478924,146777012,143904545,4503,143900177,2872864,0,W,0,0,0,249324,5,0,0,0
bridge,6,5,9,3479741,3479750,143956653,143957292,143953754,100435,0,0,W,0,0,1,0,55,0,0,0
load_generator,10,6,4,0,30208,0,2455648,0,11539430,0,0,W,0,0,1,0,8,0,0,11540777
ndpi_stat,2,2,5,3663982,3673318,150408829,150655487,10307,150693153,13427,0,W,0,0,0,43834,47514,0,0,0
router,3,3,6,3673295,3673306,150651171,150403494,1294,150649113,1256,0,W,0,0,0,45376,246822,0,0,0
firewall,4,1,7,1957211,1957211,79442738,79429482,638,79442180,0,0,W,0,0,0,287637,13313,0,0,0
payload_scan,5,4,8,3674179,3674183,150451305,147578837,4580,147574395,2872864,0,W,0,0,0,249324,5,0,0,0
bridge,6,5,9,3675015,3675023,147631785,147632429,147628852,101940,0,0,W,0,0,1,0,56,0,0,0
load_generator,10,6,4,0,27872,0,2483520,0,13256231,0,0,W,0,0,1,0,9,0,0,13257757
ndpi_stat,2,2,5,3852155,3862208,154261351,154518071,10460,154555587,13427,0,W,0,0,0,43834,47514,0,0,0
router,3,3,6,3862166,3862169,154513421,154265759,1316,154511348,1256,0,W,0,0,0,45376,246822,0,0,0
firewall,4,1,7,2146003,2146004,81588837,81575582,653,81588267,0,0,W,0,0,0,287637,13313,0,0,0
payload_scan,5,4,8,3863235,3863235,154314676,151442220,4689,151437671,2872864,0,W,0,0,0,249324,5,0,0,0
bridge,6,5,9,3864197,3864212,151496136,151496795,151493154,103793,0,0,W,0,0,1,0,57,0,0,0
load_generator,10,6,4,0,28352,0,2511872,0,14973259,0,0,W,0,0,1,0,10,0,0,14974949
ndpi_stat,2,2,5,2285873,2286678,156547471,156804999,10575,156842402,13427,0,W,0,0,0,43834,47514,0,0,0
router,3,3,6,2286292,2286293,156799850,156552190,1325,156797770,1256,0,W,0,0,0,45376,246822,0,0,0
firewall,4,1,7,2143572,2143582,83732494,83719241,666,83731913,0,0,W,0,0,0,287637,13313,0,0,0
payload_scan,5,4,8,2286598,2286604,156601448,153728996,4729,153724411,2872864,0,W,0,0,0,249324,5,0,0,0
bridge,6,5,9,2287088,2287118,153783395,153784060,153780404,104899,0,0,W,0,0,0,0,57,0,0,0
ndpi_stat,2,2,5,2141826,2141831,158689463,158946992,10648,158984324,13427,0,W,0,0,0,43834,47514,0,0,0
router,3,3,6,2141658,2141649,158941568,158693899,1331,158939480,1256,0,W,0,0,0,45376,246822,0,0,0
firewall,4,1,7,2141869,2141872,85874435,85861182,675,85873845,0,0,W,0,0,0,287637,13313,0,0,0
payload_scan,5,4,8,2142228,2142233,158743736,155871290,4794,155866640,2872864,0,W,0,0,0,249324,5,0,0,0
bridge,6,5,9,2142961,2142968,155926401,155927075,155923411,106384,0,0,W,0,0,0,0,57,0,0,0
load_generator,11,6,4,0,0,0,0,0,0,0,0,W,0,0,0,0,0,0,0,0
ndpi_stat,2,2,5,4447419,4449577,163137041,163396727,10903,163433811,13427,0,W,0,0,0,43834,47514,0,0,0
router,3,3,6,4450121,4450135,163391754,163144109,1389,163389625,1256,0,W,0,0,0,45376,246822,0,0,0
firewall,4,1,7,2146078,2146079,88020557,88007305,684,88019960,0,0,W,0,0,0,287637,13313,0,0,0
payload_scan,5,4,8,4452254,4452246,163196061,160323607,4972,160318773,2872864,0,W,0,0,0,249324,5,0,0,0
bridge,6,5,9,4453335,4453337,160379792,160380468,160376596,108951,0,0,W,0,0,0,0,57,0,0,0
load_generator,11,6,4,0,2254944,0,2254944,0,2305956,0,0,W,0,0,0,0,0,0,0,2306176
ndpi_stat,2,2,5,7658929,7669690,170796573,171066989,11515,171103493,13427,0,W,0,0,1,43834,47515,0,0,0
router,3,3,6,7668893,7668931,171060947,170813331,1507,171058739,1256,0,W,0,0,0,45376,246822,0,0,0
firewall,4,1,7,2149061,2149064,90169670,90156421,698,90169066,0,0,W,0,0,0,287637,13313,0,0,0
payload_scan,5,4,8,7672864,7672915,170869173,167996740,5545,167991349,2872864,0,W,0,0,0,249324,5,0,0,0
bridge,6,5,9,7675782,7675840,168055868,168056558,168052272,114419,0,0,W,0,0,3,0,60,0,0,0
load_generator,11,6,4,0,3892768,0,6147904,0,7829099,0,0,W,0,0,4,0,4,0,0,7829925
ndpi_stat,2,2,5,5457143,5469248,176254090,176536592,11876,176572754,13427,0,W,0,0,0,43834,47515,0,0,0
router,3,3,6,5468148,5468186,176529486,176281908,1593,176527245,1256,0,W,0,0,0,45376,246822,0,0,0
firewall,4,1,7,2147841,2147839,92317568,92304317,704,92316956,0,0,W,0,0,0,287637,13313,0,0,0
payload_scan,5,4,8,5469720,5469754,176339754,173467341,5844,173461661,2872864,0,W,0,0,0,249324,5,0,0,0
bridge,6,5,9,5471509,5471534,173527517,173528232,173523818,117953,0,0,W,0,0,1,0,61,0,0,0
load_generator,11,6,4,0,55744,0,6203648,0,11150968,0,0,W,0,0,1,0,5,0,0,11152160
ndpi_stat,2,2,5,5440622,5450441,181695002,181987323,12290,182023093,13427,0,W,0,0,0,43834,47515,0,0,0
router,3,3,6,5449448,5449451,181979081,181731516,1742,181976697,1256,0,W,0,0,0,45376,246822,0,0,0
firewall,4,1,7,2129269,2129271,94446922,94433675,732,94446287,0,0,W,0,0,0,287637,13313,0,0,0
payload_scan,5,4,8,5451904,5451984,181791764,178919399,6340,178913248,2872864,0,W,0,0,0,249324,5,0,0,0
bridge,6,5,9,5454258,5454293,178981957,178982675,178978127,122839,0,0,W,0,0,1,0,62,0,0,0
load_generator,11,6,4,0,221792,0,6425440,0,14472964,0,0,W,0,0,1,0,6,0,0,14474540
ndpi_stat,2,2,5,5457342,5465367,187152644,187452989,12633,187488432,13427,0,W,0,0,0,43834,47515,0,0,0
router,3,3,6,5464271,5464285,187443504,187195960,1890,187440995,1256,0,W,0,0,0,45376,246822,0,0,0
firewall,4,1,7,2144529,2144535,96591509,96578268,754,96590861,0,0,W,0,0,0,287637,13313,0,0,0
payload_scan,5,4,8,5466596,5466612,187258502,184386160,6717,184379642,2872864,0,W,0,0,0,249324,5,0,0,0
bridge,6,5,9,5468542,5468543,184450650,184451375,184446759,126372,0,0,W,0,0,3,0,65,0,0,0
load_generator,11,6,4,0,52800,0,6478240,0,17795034,0,0,W,0,0,3,0,9,0,0,17796825
ndpi_stat,2,2,5,5461968,5470117,192614903,192923391,13012,192958481,13427,0,W,0,0,0,43834,47515,0,0,0
router,3,3,6,5469016,5469042,192912671,192665156,2029,192910068,1256,0,W,0,0,0,45376,246822,0,0,0
firewall,4,1,7,2149410,2149418,98740983,98727740,786,98740305,0,0,W,0,0,0,287637,13313,0,0,0
payload_scan,5,4,8,5471629,5471663,192730316,189857999,7129,189851073,2872864,0,W,0,0,0,249324,5,0,0,0
bridge,6,5,9,5473742,5473767,189924557,189925307,189920614,130262,0,0,W,0,0,1,0,66,0,0,0
load_generator,11,6,4,0,52384,0,6530624,0,21117151,0,0,W,0,0,1,0,10,0,0,21119184
ndpi_stat,2,2,5,5305913,5313629,197921179,198237381,13326,198272175,13427,0,W,0,0,0,43834,47515,0,0,0
router,3,3,6,5312843,5312911,198225702,197978253,2155,198223044,1256,0,W,0,0,0,45376,246822,0,0,0
firewall,4,1,7,1993019,1993019,100734056,100720816,810,100733359,0,0,W,0,0,0,287637,13313,0,0,0
payload_scan,5,4,8,5315115,5315128,198045580,195173273,7435,195166044,2872864,0,W,0,0,0,249324,5,0,0,0
bridge,6,5,9,5317164,5317176,195241845,195242601,195237839,133770,0,0,W,0,0,0,0,66,0,0,0
load_generator,11,6,4,0,56384,0,6587008,0,24439207,0,0,W,0,0,0,0,10,0,0,24441456
ndpi_stat,2,2,5,5153233,5160655,203074734,203398363,13584,203432910,13427,0,W,0,0,0,43834,47515,0,0,0
router,3,3,6,5160348,5160368,203386195,203138768,2240,203383475,1256,0,W,0,0,0,45376,246822,0,0,0
firewall,4,1,7,1839647,1839648,102573769,102560529,823,102573061,0,0,W,0,0,0,287637,13313,0,0,0
payload_scan,5,4,8,5162072,5162073,203207792,200335486,7672,200328024,2872864,0,W,0,0,0,249324,5,0,0,0
bridge,6,5,9,5163500,5163519,200405498,200406281,200401485,136529,0,0,W,0,0,0,0,66,0,0,0
load_generator,11,6,4,0,54976,0,6641984,0,27761394,0,0,W,0,0,0,0,10,0,0,27763798
ndpi_stat,2,2,5,3349828,3353031,206424853,206751695,13714,206786114,13427,0,W,0,0,0,43834,47515,0,0,0
router,3,3,6,3352620,3352635,206738968,206491547,2283,206736210,1256,0,W,0,0,0,45376,246822,0,0,0
firewall,4,1,7,1843217,1843218,104417072,104403831,835,104416352,0,0,W,0,0,0,287637,13313,0,0,0
payload_scan,5,4,8,3353330,3353350,206561261,203688964,7810,203681364,2872864,0,W,0,0,0,249324,5,0,0,0
bridge,6,5,9,3354218,3354222,203759843,203760630,203755796,138196,0,0,W,0,0,1,0,67,0,0,0
ndpi_stat,2,2,5,1847593,1847603,208272569,208599412,13808,208633738,13427,0,W,0,0,0,43834,47515,0,0,0
router,3,3,6,1847731,1847732,208586763,208339340,2284,208584005,1256,0,W,0,0,0,45376,246822,0,0,0
firewall,4,1,7,1847927,1847936,106265045,106251814,859,106264311,0,0,W,0,0,0,287637,13313,0,0,0
payload_scan,5,4,8,1848201,1848201,208409533,205537236,7829,205529617,2872864,0,W,0,0,0,249324,5,0,0,0
bridge,6,5,9,1848886,1848890,205608777,205609570,205604734,139529,0,0,W,0,0,0,0,67,0,0,0
ndpi_stat,2,2,5,1841221,1841218,210114165,210441002,13884,210475254,13427,0,W,0,0,0,43834,47515,0,0,0
router,3,3,6,1841171,1841171,210427991,210180571,2288,210425229,1256,0,W,0,0,0,45376,246822,0,0,0
firewall,4,1,7,1841371,1841371,108106468,108093237,870,108105723,0,0,W,0,0,0,287637,13313,0,0,0
payload_scan,5,4,8,1841648,1841653,210251235,207378939,7851,207371299,2872864,0,W,0,0,0,249324,5,0,0,0
bridge,6,5,9,1842364,1842355,207451184,207451968,207447132,140839,0,0,W,0,0,0,0,67,0,0,0
load_generator,12,6,4,0,0,0,0,0,0,0,0,W,0,0,0,0,0,0,0,0
ndpi_stat,2,2,5,5824022,5829417,215938317,216270536,14182,216304505,13427,0,W,0,0,0,43834,47515,0,0,0
router,3,3,6,5830289,5830306,216258368,216010958,2334,216255573,1256,0,W,0,0,0,45376,246822,0,0,0
firewall,4,1,7,1847840,1847848,109954349,109941119,891,109953589,0,0,W,0,0,0,287637,13313,0,0,0
payload_scan,5,4,8,5832829,5832811,216084141,213211820,8006,213204032,2872864,0,W,0,0,0,249324,5,0,0,0
bridge,6,5,9,5834256,5834260,213285489,213286287,213281217,143960,0,0,W,0,0,1,0,68,0,0,0
load_generator,12,6,4,0,2998912,0,2998912,0,3984612,0,0,W,0,0,1,0,1,0,0,3984906
ndpi_stat,2,2,5,3858699,3867236,219797335,220137985,14299,220171841,13427,0,W,0,0,0,43834,47515,0,0,0
router,3,3,6,3867754,3867277,220126122,219878235,2355,220122830,1256,0,W,0,0,0,45376,246822,0,0,0
firewall,4,1,7,1843752,1843759,111798179,111784945,915,111797391,0,0,W,0,0,0,287637,13313,0,0,0
payload_scan,5,4,8,3867742,3867782,219952107,217079826,8098,217071948,2872864,0,W,0,0,0,249324,5,0,0,0
bridge,6,5,9,3868540,3868544,217154253,217155055,217149954,145569,0,0,W,0,0,0,0,68,0,0,0
load_generator,12,6,4,0,36576,0,3035488,0,6009449,0,0,W,0,0,0,0,1,0,0,6009887
ndpi_stat,2,2,5,3856487,3863574,223654465,224002132,14460,224035831,13427,0,W,0,0,0,43834,47515,0,0,0
router,3,3,6,3863502,3864124,223989766,223742359,2372,223986937,1256,0,W,0,0,0,45376,246822,0,0,0
firewall,4,1,7,1839756,1839773,113637983,113624758,930,113637192,0,0,W,0,0,0,287637,13313,0,0,0
payload_scan,5,4,8,3865357,3865342,223817464,220945168,8230,220937163,2872864,0,W,0,0,0,249324,5,0,0,0
bridge,6,5,9,3865558,3865602,221020551,221021365,221016184,147424,0,0,W,0,0,3,0,71,0,0,0
load_generator,12,6,4,0,67200,0,3102688,0,8033648,0,0,W,0,0,3,0,4,0,0,8034267
ndpi_stat,2,2,5,3861488,3869469,227516181,227871846,14614,227905395,13427,0,W,0,0,0,43834,47515,0,0,0
router,3,3,6,3869424,3869434,227859324,227611922,2400,227856474,1256,0,W,0,0,0,45376,246822,0,0,0
firewall,4,1,7,1845631,1845635,115483669,115470447,948,115482863,0,0,W,0,0,0,287637,13313,0,0,0
payload_scan,5,4,8,3870606,3870618,227688157,224815884,8353,224807759,2872864,0,W,0,0,0,249324,5,0,0,0
bridge,6,5,9,3871799,3871800,224892441,224893256,224888036,149336,0,0,W,0,0,0,0,71,0,0,0
load_generator,12,6,4,0,35904,0,3138592,0,10058520,0,0,W,0,0,0,0,4,0,0,10059333
ndpi_stat,2,2,5,3858150,3866099,231374619,231738237,14732,231771671,13427,0,W,0,0,0,43834,47515,0,0,0
router,3,3,6,3866182,3866187,231725649,231478253,2412,231722792,1256,0,W,0,0,0,45376,246822,0,0,0
firewall,4,1,7,1842306,1842308,117326029,117312809,957,117325216,0,0,W,0,0,0,287637,13313,0,0,0
payload_scan,5,4,8,3866954,3866956,231555266,228682997,8421,228674808,2872864,0,W,0,0,0,249324,5,0,0,0
bridge,6,5,9,3867765,3867769,228760321,228761137,228755887,150694,0,0,W,0,0,1,0,72,0,0,0
load_generator,12,6,4,0,35840,0,3174432,0,12083090,0,0,W,0,0,1,0,5,0,0,12084047
ndpi_stat,2,2,5,3694877,3702036,235069807,235440595,14857,235473906,13427,0,W,0,0,0,43834,47515,0,0,0
router,3,3,6,3702222,3702224,235428007,235180611,2429,235425138,1256,0,W,0,0,0,45376,246822,0,0,0
firewall,4,1,7,1678157,1678157,119004217,118990997,967,119003394,0,0,W,0,0,0,287637,13313,0,0,0
payload_scan,5,4,8,3703973,3703978,235259409,232387148,8491,232378890,2872864,0,W,0,0,0,249324,5,0,0,0
bridge,6,5,9,3704784,3704788,232465218,232466042,232460757,152072,0,0,W,0,0,3,0,75,0,0,0
load_generator,12,6,4,0,37216,0,3211648,0,14108476,0,0,W,0,0,2,0,7,0,0,14109577
ndpi_stat,2,2,5,3550513,3557028,238620606,238997907,14961,239031115,13427,0,W,0,0,0,43834,47515,0,0,0
router,3,3,6,3557248,3557250,238985363,238737970,2435,238982486,1256,0,W,0,0,0,45376,246822,0,0,0
firewall,4,1,7,1532056,1532059,120536740,120523517,975,120535906,0,0,W,0,0,0,287637,13313,0,0,0
payload_scan,5,4,8,3556917,3556912,238816424,235944152,8539,235935844,2872864,0,W,0,0,0,249324,5,0,0,0
bridge,6,5,9,3557637,3557629,236022934,236023748,236018443,153260,0,0,W,0,0,1,0,76,0,0,0
load_generator,12,6,4,0,35264,0,3246912,0,16133322,0,0,W,0,0,1,0,8,0,0,16134555
ndpi_stat,2,2,5,3289191,3294802,241910131,242293040,15041,242326170,13427,0,W,0,0,0,43834,47515,0,0,0
router,3,3,6,3294896,3294899,242280353,242032967,2444,242277474,1256,0,W,0,0,0,45376,246822,0,0,0
firewall,4,1,7,1528891,1528891,122065672,122052452,980,122064836,0,0,W,0,0,0,287637,13313,0,0,0
payload_scan,5,4,8,3295323,3295325,242111877,239239624,8582,239231276,2872864,0,W,0,0,0,249324,5,0,0,0
bridge,6,5,9,3295895,3295897,239318963,239319793,239314463,154408,0,0,W,0,0,0,0,76,0,0,0
ndpi_stat,2,2,5,1527773,1527781,243438029,243820938,15085,243854024,13427,0,W,0,0,0,43834,47515,0,0,0
router,3,3,6,1527760,1527760,243808174,243560788,2444,243805295,1256,0,W,0,0,0,45376,246822,0,0,0
firewall,4,1,7,1527827,1527825,123593550,123580325,984,123592710,0,0,W,0,0,0,287637,13313,0,0,0
payload_scan,5,4,8,1527944,1527947,243639872,240767623,8588,240759269,2872864,0,W,0,0,0,249324,5,0,0,0
bridge,6,5,9,1528165,1528167,240847178,240848010,240842676,154911,0,0,W,0,0,0,0,76,0,0,0
ndpi_stat,2,2,5,1529660,1529657,244967828,245350732,15123,245383780,13427,0,W,0,0,0,43834,47515,0,0,0
router,3,3,6,1529602,1529603,245337827,245090442,2446,245334947,1256,0,W,0,0,0,45376,246822,0,0,0
firewall,4,1,7,1529671,1529672,125123274,125110054,988,125122430,0,0,W,0,0,0,287637,13313,0,0,0
payload_scan,5,4,8,1529788,1529788,245169691,242297443,8599,242289078,2872864,0,W,0,0,0,249324,5,0,0,0
bridge,6,5,9,1530106,1530106,242377328,242378160,242372825,155523,0,0,W,0,0,0,0,76,0,0,0
load_generator,13,6,4,0,0,0,0,0,0,0,0,W,0,0,0,0,0,0,0,0
ndpi_stat,2,2,5,4786992,4788382,249754930,250139225,15300,250172126,13427,0,W,0,0,0,43834,47515,0,0,0
router,3,3,6,4790234,4790261,250128106,249880747,2478,250125224,1256,0,W,0,0,0,45376,246822,0,0,0
firewall,4,1,7,1530081,1530088,126653396,126640175,1000,126652538,0,0,W,0,0,0,287637,13313,0,0,0
payload_scan,5,4,8,4792188,4792189,249961924,247089677,8674,247081241,2872864,0,W,0,0,0,249324,5,0,0,0
bridge,6,5,9,4793291,4793295,247170653,247171485,247166028,158264,0,0,W,0,0,1,0,77,0,0,0
load_generator,13,6,4,0,3075648,0,3075648,0,3261224,0,0,W,0,0,0,0,0,0,0,3261361
ndpi_stat,2,2,5,3614804,3622129,253370019,253761634,15409,253794425,13427,0,W,0,0,0,43834,47515,0,0,0
router,3,3,6,3622485,3622500,253750697,253503355,2492,253747822,1256,0,W,0,0,0,45376,246822,0,0,0
firewall,4,1,7,1528399,1528404,128181842,128168620,1012,128180971,0,0,W,0,0,0,287637,13313,0,0,0
payload_scan,5,4,8,3623381,3623421,253585428,250713219,8740,250704719,2872864,0,W,0,0,0,249324,5,0,0,0
bridge,6,5,9,3624476,3624484,250795248,250796085,250790596,160114,0,0,W,0,0,1,0,78,0,0,0
load_generator,13,6,4,0,42272,0,3117920,0,5355991,0,0,W,0,0,1,0,1,0,0,5356308
ndpi_stat,2,2,5,3614806,3622449,256985128,257384385,15501,257417082,13427,0,W,0,0,0,43834,47515,0,0,0
router,3,3,6,3622524,3622537,257373354,257126019,2507,257370474,1256,0,W,0,0,0,45376,246822,0,0,0
firewall,4,1,7,1528250,1528248,129710128,129696907,1018,129709252,0,0,W,0,0,0,287637,13313,0,0,0
payload_scan,5,4,8,3623131,3623135,257208683,254336478,8780,254327939,2872864,0,W,0,0,0,249324,5,0,0,0
bridge,6,5,9,3623760,3623763,254419096,254419938,254414408,161233,0,0,W,0,0,0,0,78,0,0,0
load_generator,13,6,4,0,44128,0,3162048,0,7450806,0,0,W,0,0,0,0,1,0,0,7451237
ndpi_stat,2,2,5,3615153,3624013,260600481,261008595,15631,261041169,13427,0,W,0,0,0,43834,47515,0,0,0
router,3,3,6,3624163,3624182,260997663,260750338,2530,260994768,1256,0,W,0,0,1,45376,246823,0,0,0
firewall,4,1,7,1529566,1529566,131239742,131226523,1026,131238860,0,0,W,0,0,0,287637,13313,0,0,0
payload_scan,5,4,8,3625112,3625118,260833864,257961665,8882,257953032,2872864,0,W,0,0,0,249324,5,0,0,0
bridge,6,5,9,3625940,3625947,258045201,258046046,258040458,163045,0,0,W,0,0,0,0,78,0,0,0
load_generator,13,6,4,0,78624,0,3240672,0,9545871,0,0,W,0,0,0,0,1,0,0,9546458
ndpi_stat,2,2,5,3612553,3622124,264213305,264630986,15722,264663470,13427,0,W,0,0,0,43834,47515,0,0,0
router,3,3,6,3622406,3622405,264620139,264372813,2533,264617240,1256,0,W,0,0,0,45376,246823,0,0,0
firewall,4,1,7,1527813,1527814,132767664,132754446,1028,132766782,0,0,W,0,0,0,287637,13313,0,0,0
payload_scan,5,4,8,3622859,3622869,264456839,261584650,8922,261575978,2872864,0,W,0,0,0,249324,5,0,0,0
bridge,6,5,9,3623492,3623497,261668800,261669649,261664036,164178,0,0,W,0,0,0,0,78,0,0,0
load_generator,13,6,4,0,37312,0,3277984,0,11640775,0,0,W,0,0,0,0,1,0,0,11641466
ndpi_stat,2,2,5,3184883,3191719,267398475,267823008,15770,267855435,13427,0,W,0,0,0,43834,47515,0,0,0
router,3,3,6,3191934,3191936,267812187,267564869,2536,267809296,1256,0,W,0,0,0,45376,246823,0,0,0
firewall,4,1,7,1097248,1097248,133864962,133851744,1030,133864078,0,0,W,0,0,0,287637,13313,0,0,0
payload_scan,5,4,8,3192279,3192290,267649236,264777056,8949,264768357,2872864,0,W,0,0,0,249324,5,0,0,0
bridge,6,5,9,3192646,3192655,264861563,264862413,264856787,164901,0,0,W,0,0,2,0,80,0,0,0
load_generator,13,6,4,0,37568,0,3315552,0,13735735,0,0,W,0,0,2,0,3,0,0,13736509
ndpi_stat,2,2,5,2820134,2824665,270218850,270647912,15805,270680304,13427,0,W,0,0,0,43834,47515,0,0,0
router,3,3,6,2825258,2825228,270637552,270390207,2541,270634627,1256,0,W,0,0,0,45376,246823,0,0,0
firewall,4,1,7,728317,728317,134593308,134580090,1031,134592423,0,0,W,0,0,0,287637,13313,0,0,0
payload_scan,5,4,8,2825717,2825721,270475036,267602857,8963,267594144,2872864,0,W,0,0,0,249324,5,0,0,0
bridge,6,5,9,2826169,2826139,267687818,267688642,267683006,165487,0,0,W,0,0,0,0,80,0,0,0
load_generator,13,6,4,0,49216,0,3364768,0,15833200,0,0,W,0,0,0,0,3,0,0,15834033
ndpi_stat,2,2,5,2818703,2822976,273038026,273471391,15835,273503754,13427,0,W,0,0,0,43834,47515,0,0,0
router,3,3,6,2823314,2823318,273461017,273213708,2546,273458123,1256,0,W,0,0,0,45376,246823,0,0,0
firewall,4,1,7,728379,728381,135321711,135308493,1033,135320824,0,0,W,0,0,0,287637,13313,0,0,0
payload_scan,5,4,8,2823339,2823338,273298585,270426405,8978,270417681,2872864,0,W,0,0,0,249324,5,0,0,0
bridge,6,5,9,2823639,2823647,270511564,270512423,270506774,166024,0,0,W,0,0,0,0,80,0,0,0
load_generator,13,6,4,0,39744,0,3404512,0,17928087,0,0,W,0,0,0,0,3,0,0,17928973
ndpi_stat,2,2,5,1245573,1246738,274283890,274718408,15841,274750765,13427,0,W,0,0,0,43834,47515,0,0,0
router,3,3,6,1246691,1246691,274707834,274460525,2548,274704938,1256,0,W,0,0,0,45376,246823,0,0,0
firewall,4,1,7,730268,730268,136051999,136038781,1034,136051111,0,0,W,0,0,0,287637,13313,0,0,0
payload_scan,5,4,8,1246609,1246615,274545292,271673121,8982,271664390,2872864,0,W,0,0,0,249324,5,0,0,0
bridge,6,5,9,1246660,1246661,271758310,271759167,271753512,166230,0,0,W,0,0,0,0,80,0,0,0
ndpi_stat,2,2,5,726484,726484,275010401,275444923,15843,275477278,13427,0,W,0,0,0,43834,47515,0,0,0
router,3,3,6,726549,726549,275434397,275187088,2548,275431501,1256,0,W,0,0,0,45376,246823,0,0,0
firewall,4,1,7,726516,726515,136778531,136765312,1034,136777643,0,0,W,0,0,0,287637,13313,0,0,0
payload_scan,5,4,8,726574,726576,275271895,272399724,8982,272390993,2872864,0,W,0,0,0,249324,5,0,0,0
bridge,6,5,9,726663,726663,272484981,272485840,272480185,166426,0,0,W,0,0,0,0,80,0,0,0
load_generator,14,6,4,0,0,0,0,0,0,0,0,W,0,0,0,0,0,0,0,0
ndpi_stat,2,2,5,2366080,2366517,277376550,277811509,15859,277843849,13427,0,W,0,0,0,43834,47515,0,0,0
router,3,3,6,2367416,2367414,277801835,277554524,2550,277798935,1256,0,W,0,0,0,45376,246823,0,0,0
firewall,4,1,7,726773,726773,137505320,137492102,1034,137504432,0,0,W,0,0,0,287637,13313,0,0,0
payload_scan,5,4,8,2369259,2369222,277641170,274768962,8989,274760247,2872864,0,W,0,0,0,249324,5,0,0,0
bridge,6,5,9,2369536,2369536,274854547,274855406,274849716,166967,0,0,W,0,0,0,0,80,0,0,0
load_generator,14,6,4,0,1621312,0,1621312,0,1642421,0,0,W,0,0,0,0,0,0,0,1642464
ndpi_stat,2,2,5,3768285,3772077,281145297,281584016,15907,281616311,13427,0,W,0,0,0,43834,47515,0,0,0
router,3,3,6,3773168,3773174,281575247,281327944,2558,281572347,1256,0,W,0,0,0,45376,246823,0,0,0
firewall,4,1,7,728023,728025,138233472,138220256,1037,138232583,0,0,W,0,0,0,287637,13313,0,0,0
payload_scan,5,4,8,3772805,3772846,281414189,278542023,9019,278533255,2872864,0,W,0,0,0,249324,5,0,0,0
bridge,6,5,9,3773502,3773506,278628233,278629096,278623379,168500,0,0,W,0,0,0,0,80,0,0,0
load_generator,14,6,4,0,1365184,0,2986656,0,4686651,0,0,W,0,0,0,0,0,0,0,4686838
ndpi_stat,2,2,5,2786991,2791500,283932537,284375758,15934,284408026,13427,0,W,0,0,0,43834,47515,0,0,0
router,3,3,6,2791715,2791713,284367109,284119804,2563,284364202,1256,0,W,0,0,0,45376,246823,0,0,0
firewall,4,1,7,727816,727813,138961309,138948090,1037,138960417,0,0,W,0,0,0,287637,13313,0,0,0
payload_scan,5,4,8,2792040,2792045,284206310,281334147,9031,281325367,2872864,0,W,0,0,0,249324,5,0,0,0
bridge,6,5,9,2792370,2792377,281420717,281421584,281415855,169083,0,0,W,0,0,0,0,80,0,0,0
load_generator,14,6,4,0,37664,0,3024320,0,6750795,0,0,W,0,0,0,0,0,0,0,6751045
ndpi_stat,2,2,5,2788613,2792590,286721358,287168558,15970,287200792,13427,0,W,0,0,0,43834,47515,0,0,0
router,3,3,6,2792943,2792945,287160149,286912848,2565,287157247,1256,0,W,0,0,0,45376,246823,0,0,0
firewall,4,1,7,729106,729106,139690447,139677231,1037,139689558,0,0,W,0,0,0,287637,13313,0,0,0
payload_scan,5,4,8,2793239,2793241,286999631,284127470,9047,284118674,2872864,0,W,0,0,0,249324,5,0,0,0
bridge,6,5,9,2793731,2793734,284214518,284215386,284209636,169772,0,0,W,0,0,1,0,81,0,0,0
load_generator,14,6,4,0,67264,0,3091584,0,8814954,0,0,W,0,0,1,0,1,0,0,8815287
ndpi_stat,2,2,5,2786838,2791235,289508441,289960038,16005,289992235,13427,0,W,0,0,0,43834,47515,0,0,0
router,3,3,6,2791578,2791580,289951825,289704528,2569,289948923,1256,0,W,0,0,0,45376,246823,0,0,0
firewall,4,1,7,727606,727607,140418074,140404854,1038,140417180,0,0,W,0,0,0,287637,13313,0,0,0
payload_scan,5,4,8,2791822,2791824,289791576,286919415,9068,286910598,2872864,0,W,0,0,0,249324,5,0,0,0
bridge,6,5,9,2792187,2792190,287006804,287007675,287001912,170387,0,0,W,0,0,0,0,81,0,0,0
load_generator,14,6,4,0,38208,0,3129792,0,10879132,0,0,W,0,0,0,0,1,0,0,10879549
ndpi_stat,2,2,5,3060829,3067028,292569507,293027303,16049,293059460,13427,0,W,0,0,0,43834,47515,0,0,0
router,3,3,6,3067357,3067360,293019263,292771969,2572,293016362,1256,0,W,0,0,0,45376,246823,0,0,0
firewall,4,1,7,1003625,1003627,141421722,141408505,1040,141420831,0,0,W,0,0,0,287637,13313,0,0,0
payload_scan,5,4,8,3067713,3067728,292859417,289987260,9095,289978416,2872864,0,W,0,0,0,249324,5,0,0,0
bridge,6,5,9,3068045,3068047,290074958,290075831,290070056,170980,0,0,W,0,0,1,0,82,0,0,0
load_generator,14,6,4,0,37440,0,3167232,0,12943122,0,0,W,0,0,0,0,1,0,0,12943596
ndpi_stat,2,2,5,3286742,3294284,295856528,296321859,16106,296353960,13427,0,W,0,0,0,43834,47515,0,0,0
router,3,3,6,3294426,3294439,296313853,296066562,2579,296310946,1256,0,W,0,0,0,45376,246823,0,0,0
firewall,4,1,7,1230625,1230623,142652387,142639169,1041,142651495,0,0,W,0,0,0,287637,13313,0,0,0
payload_scan,5,4,8,3294747,3294747,296154269,293282112,9116,293273247,2872864,0,W,0,0,0,249324,5,0,0,0
bridge,6,5,9,3295165,3295172,293370227,293371105,293365316,171721,0,0,W,0,0,0,0,82,0,0,0
load_generator,14,6,4,0,44864,0,3212096,0,15007216,0,0,W,0,0,0,0,1,0,0,15007767
ndpi_stat,2,2,5,3286751,3295395,299143532,299617500,16161,299649547,13427,0,W,0,0,0,43834,47515,0,0,0
router,3,3,6,3295543,3295557,299609493,299362212,2590,299606585,1256,0,W,0,0,0,45376,246823,0,0,0
firewall,4,1,7,1231838,1231838,143884255,143871039,1041,143883363,0,0,W,0,0,0,287637,13313,0,0,0
payload_scan,5,4,8,3295972,3295977,299450337,296578185,9142,296569295,2872864,0,W,0,0,0,249324,5,0,0,0
bridge,6,5,9,3297002,3297002,296667339,296668217,296662408,172577,0,0,W,0,0,0,0,82,0,0,0
load_generator,14,6,4,0,37952,0,3250048,0,17071613,0,0,W,0,0,0,0,1,0,0,17072224
ndpi_stat,2,2,5,2337508,2341617,301481264,301959344,16203,301991349,13427,0,W,0,0,0,43834,47515,0,0,0
router,3,3,6,2341673,2341675,301951281,301704001,2593,301948371,1256,0,W,0,0,0,45376,246823,0,0,0
firewall,4,1,7,1229608,1229606,145113892,145100674,1048,145112993,0,0,W,0,0,0,287637,13313,0,0,0
payload_scan,5,4,8,2341278,2341303,301792300,298920147,9167,298911232,2872864,0,W,0,0,0,249324,5,0,0,0
bridge,6,5,9,2341564,2341566,299009027,299009907,299004087,173279,0,0,W,0,0,0,0,82,0,0,0
ndpi_stat,2,2,5,1231014,1231015,302712342,303190426,16216,303222419,13427,0,W,0,0,0,43834,47515,0,0,0
router,3,3,6,1231107,1231107,303182414,302935134,2595,303179502,1256,0,W,0,0,0,45376,246823,0,0,0
firewall,4,1,7,1230999,1230999,146344934,146331718,1048,146344037,0,0,W,0,0,0,287637,13313,0,0,0
payload_scan,5,4,8,1231221,1231225,303023566,300151415,9172,300142497,2872864,0,W,0,0,0,249324,5,0,0,0
bridge,6,5,9,1231428,1231432,300240481,300241362,300235541,173808,0,0,W,0,0,0,0,82,0,0,0
load_generator,15,6,4,0,0,0,0,0,0,0,0,W,0,0,0,0,0,0,0,0
ndpi_stat,2,2,5,1268712,1268711,303981135,304459219,16235,304491194,13427,0,W,0,0,0,43834,47515,0,0,0
router,3,3,6,1269039,1269040,304451487,304204208,2597,304448574,1256,0,W,0,0,0,45376,246823,0,0,0
firewall,4,1,7,1228436,1228441,147573407,147560191,1050,147572508,0,0,W,0,0,0,287637,13313,0,0,0
payload_scan,5,4,8,1269395,1269397,304292994,301420845,9179,301411920,2872864,0,W,0,0,0,249324,5,0,0,0
bridge,6,5,9,1269737,1269706,301510259,301511109,301505287,174373,0,0,W,0,0,0,0,82,0,0,0
load_generator,15,6,4,0,40416,0,40416,0,41021,0,0,W,0,0,0,0,0,0,0,41024
ndpi_stat,2,2,5,4858841,4864224,308840333,309323801,16358,309355660,13427,0,W,0,0,0,43834,47515,0,0,0
router,3,3,6,4865605,4865655,309317247,309069982,2619,309314329,1256,0,W,0,0,0,45376,246823,0,0,0
firewall,4,1,7,1231498,1231500,148804930,148791714,1056,148804025,0,0,W,0,0,0,287637,13313,0,0,0
payload_scan,5,4,8,4867244,4867250,309160402,306288250,9237,306279270,2872864,0,W,0,0,0,249324,5,0,0,0
bridge,6,5,9,4868174,4868220,306378584,306379472,306373555,176723,0,0,W,0,0,1,0,83,0,0,0
load_generator,15,6,4,0,2582496,0,2623008,0,3675902,0,0,W,0,0,1,0,1,0,0,3676106
ndpi_stat,2,2,5,3051437,3058236,311892005,312382274,16408,312414084,13427,0,W,0,0,0,43834,47515,0,0,0
router,3,3,6,3058356,3058348,312375726,312128454,2623,312372796,1256,0,W,0,0,0,45376,246823,0,0,0
firewall,4,1,7,1230124,1230124,150035099,150021883,1057,150034193,0,0,W,0,0,0,287637,13313,0,0,0
payload_scan,5,4,8,3058636,3058640,312219112,309346969,9265,309337961,2872864,0,W,0,0,0,249324,5,0,0,0
bridge,6,5,9,3059038,3059041,309437695,309438586,309432652,177390,0,0,W,0,0,0,0,83,0,0,0
load_generator,15,6,4,0,32640,0,2655648,0,5504359,0,0,W,0,0,0,0,1,0,0,5504632
ndpi_stat,2,2,5,3050402,3056790,314942581,315439235,16486,315471002,13427,0,W,0,0,0,43834,47515,0,0,0
router,3,3,6,3057193,3057152,315433036,315185736,2637,315430076,1256,0,W,0,0,0,45376,246823,0,0,0
firewall,4,1,7,1229869,1229876,151265000,151251791,1057,151264102,0,0,W,0,0,0,287637,13313,0,0,0
payload_scan,5,4,8,3057906,3057915,315277128,312404990,9333,312395915,2872864,0,W,0,0,0,249324,5,0,0,0
bridge,6,5,9,3058453,3058457,312496258,312497153,312491144,178564,0,0,W,0,0,2,0,85,0,0,0
load_generator,15,6,4,0,144032,0,2799680,0,7332366,0,0,W,0,0,2,0,3,0,0,7332784
ndpi_stat,2,2,5,3052394,3059083,317995418,318498785,16555,318530452,13427,0,W,0,0,0,43834,47515,0,0,0
router,3,3,6,3059228,3059228,318492484,318245228,2643,318489550,1256,0,W,0,0,0,45376,246823,0,0,0
firewall,4,1,7,1230756,1230752,152495798,152482586,1059,152494894,0,0,W,0,0,0,287637,13313,0,0,0
payload_scan,5,4,8,3059580,3059581,318336928,315464791,9369,315455680,2872864,0,W,0,0,0,249324,5,0,0,0
bridge,6,5,9,3059974,3059974,315556489,315557384,315551357,179600,0,0,W,0,0,0,0,85,0,0,0
load_generator,15,6,4,0,35040,0,2834784,0,9160764,0,0,W,0,0,0,0,3,0,0,9161288
ndpi_stat,2,2,5,3020247,3027014,321015867,321526003,16593,321557632,13427,0,W,0,0,0,43834,47515,0,0,0
router,3,3,6,3027825,3027837,321520442,321273198,2656,321517507,1256,0,W,0,0,0,45376,246823,0,0,0
firewall,4,1,7,1199340,1199340,153695186,153681978,1063,153694282,0,0,W,0,0,0,287637,13313,0,0,0
payload_scan,5,4,8,3028182,3028187,321365184,318493053,9412,318483899,2872864,0,W,0,0,0,249324,5,0,0,0
bridge,6,5,9,3028614,3028616,318585154,318586054,318580002,180319,0,0,W,0,0,0,0,85,0,0,0
load_generator,15,6,4,0,32832,0,2867616,0,10989536,0,0,W,0,0,0,0,3,0,0,10990143
ndpi_stat,2,2,5,2994750,3001537,324011443,324528366,16637,324559951,13427,0,W,0,0,0,43834,47515,0,0,0
router,3,3,6,3001805,3001810,324522327,324275087,2660,324519392,1256,0,W,0,0,0,45376,246823,0,0,0
firewall,4,1,7,1173433,1173439,154868674,154855467,1065,154867769,0,0,W,0,0,0,287637,13313,0,0,0
payload_scan,5,4,8,3002124,3002126,324367394,321495266,9433,321486092,2872864,0,W,0,0,0,249324,5,0,0,0
bridge,6,5,9,3002472,3002502,321587682,321588610,321582540,180978,0,0,W,0,0,0,0,85,0,0,0
load_generator,15,6,4,0,37024,0,2904640,0,12818145,0,0,W,0,0,0,0,3,0,0,12818833
ndpi_stat,2,2,5,2994926,3001626,327006584,327530208,16688,327561746,13427,0,W,0,0,0,43834,47515,0,0,0
router,3,3,6,3001790,3001794,327524234,327276999,2664,327521300,1256,0,W,0,0,0,45376,246823,0,0,0
firewall,4,1,7,1173479,1173477,156042209,156029000,1068,156041299,0,0,W,0,0,0,287637,13313,0,0,0
payload_scan,5,4,8,3002235,3002239,327369698,324497572,9477,324488354,2872864,0,W,0,0,0,249324,5,0,0,0
bridge,6,5,9,3002608,3002636,324590404,324591342,324585261,181638,0,0,W,0,0,0,0,85,0,0,0
load_generator,15,6,4,0,33280,0,2937920,0,14646801,0,0,W,0,0,0,0,3,0,0,14647563
ndpi_stat,2,2,5,2663771,2669412,329670625,330199833,16741,330231320,13427,0,W,0,0,0,43834,47515,0,0,0
router,3,3,6,2669412,2669414,330193840,329946606,2674,330190897,1256,0,W,0,0,0,45376,246823,0,0,0
firewall,4,1,7,1177432,1177432,157219692,157206485,1076,157218776,0,0,W,0,0,0,287637,13313,0,0,0
payload_scan,5,4,8,2669493,2669497,330039342,327167218,9501,327157976,2872864,0,W,0,0,0,249324,5,0,0,0
bridge,6,5,9,2669739,2669742,327260249,327261191,327255102,182216,0,0,W,0,0,0,0,85,0,0,0
ndpi_stat,2,2,5,1175212,1175204,330845950,331375147,16759,331406616,13427,0,W,0,0,0,43834,47515,0,0,0
router,3,3,6,1175246,1175243,331369143,331121906,2674,331366197,1256,0,W,0,0,0,45376,246823,0,0,0
firewall,4,1,7,1175201,1175205,158394944,158381738,1076,158394029,0,0,W,0,0,0,287637,13313,0,0,0
payload_scan,5,4,8,1175336,1175337,331214727,328342603,9506,328333356,2872864,0,W,0,0,0,249324,5,0,0,0
bridge,6,5,9,1175500,1175500,328435798,328436740,328430651,182638,0,0,W,0,0,0,0,85,0,0,0
ndpi_stat,2,2,5,1176367,1176367,332022410,332551618,16773,332583073,13427,0,W,0,0,0,43834,47515,0,0,0
router,3,3,6,1176409,1176409,332545596,332298362,2674,332542653,1256,0,W,0,0,0,45376,246823,0,0,0
firewall,4,1,7,1176317,1176322,159571303,159558102,1077,159570392,0,0,W,0,0,0,287637,13313,0,0,0
payload_scan,5,4,8,1176483,1176484,332391233,329519110,9509,329509860,2872864,0,W,0,0,0,249324,5,0,0,0
bridge,6,5,9,1176641,1176641,329612478,329613420,329607331,183045,0,0,W,0,0,0,0,85,0,0,0
load_generator,16,6,4,0,0,0,0,0,0,0,0,W,0,0,0,0,0,0,0,0
ndpi_stat,2,2,5,4860573,4863604,336883065,337415304,16843,337446701,13427,0,W,0,0,0,43834,47515,0,0,0
router,3,3,6,4865347,4865350,337410977,337163745,2704,337408012,1256,0,W,0,0,0,45376,246823,0,0,0
firewall,4,1,7,1175061,1175061,160746393,160733192,1078,160745481,0,0,W,0,0,0,287637,13313,0,0,0
payload_scan,5,4,8,4867063,4867067,337258331,334386211,9583,334376890,2872864,0,W,0,0,0,249324,5,0,0,0
bridge,6,5,9,4867897,4867902,334480403,334481350,334475191,185219,0,0,W,0,0,0,0,85,0,0,0
load_generator,16,6,4,0,3100640,0,3100640,0,3691137,0,0,W,0,0,0,0,0,0,0,3691326
ndpi_stat,2,2,5,3258244,3265577,340141561,340681120,16884,340712476,13427,0,W,0,0,0,43834,47515,0,0,0
router,3,3,6,3265877,3265878,340676932,340429701,2707,340673965,1256,0,W,0,0,0,45376,246823,0,0,0
firewall,4,1,7,1174446,1174446,161920881,161907680,1081,161919966,0,0,W,0,0,0,287637,13313,0,0,0
payload_scan,5,4,8,3266199,3266198,340524610,337652490,9603,337643149,2872864,0,W,0,0,0,249324,5,0,0,0
bridge,6,5,9,3267070,3267072,337747541,337748490,337742319,185959,0,0,W,0,0,1,0,86,0,0,0
load_generator,16,6,4,0,43712,0,3144352,0,5783078,0,0,W,0,0,1,0,1,0,0,5783339
ndpi_stat,2,2,5,3256083,3263488,343397892,343944850,16933,343976168,13427,0,W,0,0,0,43834,47515,0,0,0
router,3,3,6,3263757,3263758,343940775,343693545,2711,343937805,1256,0,W,0,0,0,45376,246823,0,0,0
firewall,4,1,7,1172121,1172118,163093046,163079842,1082,163092127,0,0,W,0,0,0,287637,13313,0,0,0
payload_scan,5,4,8,3263788,3263790,343788865,340916750,9630,340907383,2872864,0,W,0,0,0,249324,5,0,0,0
bridge,6,5,9,3264211,3264219,341011843,341012795,341006607,186755,0,0,W,0,0,0,0,86,0,0,0
load_generator,16,6,4,0,37792,0,3182144,0,7874748,0,0,W,0,0,0,0,1,0,0,7875089
ndpi_stat,2,2,5,3256780,3263806,346654885,347208885,17035,347240094,13427,0,W,0,0,0,43834,47515,0,0,0
router,3,3,6,3264203,3264218,347205103,346957879,2731,347202121,1256,0,W,0,0,0,45376,246823,0,0,0
firewall,4,1,7,1172726,1172727,164265813,164252612,1088,164264891,0,0,W,0,0,0,287637,13313,0,0,0
payload_scan,5,4,8,3264985,3264988,347053965,344181855,9773,344172347,2872864,0,W,0,0,0,249324,5,0,0,0
bridge,6,5,9,3265691,3265696,344277622,344278579,344272304,188558,0,0,W,0,0,1,0,87,0,0,0
load_generator,16,6,4,0,180128,0,3362272,0,9966446,0,0,W,0,0,1,0,2,0,0,9967040
ndpi_stat,2,2,5,3640964,3649698,350296268,350858994,17100,350890140,13427,0,W,0,0,0,43834,47515,0,0,0
router,3,3,6,3649905,3649917,350855127,350607908,2747,350852134,1256,0,W,0,0,0,45376,246823,0,0,0
firewall,4,1,7,1558600,1558600,165824447,165811246,1091,165823522,0,0,W,0,0,0,287637,13313,0,0,0
payload_scan,5,4,8,3650444,3650441,350704496,347832383,9811,347822838,2872864,0,W,0,0,0,249324,5,0,0,0
bridge,6,5,9,3650952,3650962,347928694,347929653,347923361,189588,0,0,W,0,0,0,0,87,0,0,0
load_generator,16,6,4,0,36320,0,3398592,0,12058059,0,0,W,0,0,0,0,2,0,0,12058780
ndpi_stat,2,2,5,3931788,3943106,354228311,354802346,17179,354833415,13427,0,W,0,0,0,43834,47515,0,0,0
router,3,3,6,3943047,3943064,354798298,354551096,2755,354795315,1256,0,W,0,0,0,45376,246823,0,0,0
firewall,4,1,7,1852382,1852386,167676898,167663697,1095,167675969,0,0,W,0,0,0,287637,13313,0,0,0
payload_scan,5,4,8,3944099,3944115,354648673,351776583,10228,351766631,2872864,0,W,0,0,0,249324,5,0,0,0
bridge,6,5,9,3944626,3944626,351873427,351874386,351868035,191178,0,0,W,0,0,0,0,87,0,0,0
load_generator,16,6,4,0,40416,0,3439008,0,14149470,0,0,W,0,0,0,0,2,0,0,14150296
ndpi_stat,2,2,5,3928748,3940355,358157329,358742959,17233,358773977,13427,0,W,0,0,0,43834,47515,0,0,0
router,3,3,6,3940579,3940592,358739012,358491815,2759,358736030,1256,0,W,0,0,0,45376,246823,0,0,0
firewall,4,1,7,1849513,1849514,169526466,169513262,1099,169525534,0,0,W,0,0,0,287637,13313,0,0,0
payload_scan,5,4,8,3941425,3941447,358590208,355718143,10552,355707868,2872864,0,W,0,0,0,249324,5,0,0,0
bridge,6,5,9,3942074,3942074,355815593,355816552,355810166,192759,0,0,W,0,0,0,0,87,0,0,0
load_generator,16,6,4,0,34720,0,3473728,0,16241066,0,0,W,0,0,0,0,2,0,0,16241981
ndpi_stat,2,2,5,3930399,3940648,362087999,362683877,17338,362714805,13427,0,W,0,0,0,43834,47515,0,0,0
router,3,3,6,3940670,3940671,362679780,362432586,2772,362676789,1256,0,W,0,0,0,45376,246823,0,0,0
firewall,4,1,7,1850120,1850132,171376633,171363440,1115,171375693,0,0,W,0,0,0,287637,13313,0,0,0
payload_scan,5,4,8,3941983,3942008,362532330,359660289,11246,359649332,2872864,0,W,0,0,0,249324,5,0,0,0
bridge,6,5,9,3942378,3942385,359758064,359759030,359752562,194665,0,0,W,0,0,1,0,88,0,0,0
load_generator,16,6,4,0,40960,0,3514688,0,18332638,0,0,W,0,0,1,0,3,0,0,18333664
ndpi_stat,2,2,5,1993536,1994356,364081792,364678491,17368,364709381,13427,0,W,0,0,0,43834,47515,0,0,0
router,3,3,6,1994197,1994197,364674130,364426936,2774,364671137,1256,0,W,0,0,0,45376,246823,0,0,0
firewall,4,1,7,1850116,1850120,173226788,173213598,1120,173225846,0,0,W,0,0,0,287637,13313,0,0,0
payload_scan,5,4,8,1994402,1994394,364526834,361654789,11361,361643717,2872864,0,W,0,0,0,249324,5,0,0,0
bridge,6,5,9,1994831,1994827,361753010,361753997,361747516,195658,0,0,W,0,0,0,0,88,0,0,0
ndpi_stat,2,2,5,1851029,1851029,365932935,366529634,17404,366560488,13427,0,W,0,0,0,43834,47515,0,0,0
router,3,3,6,1850944,1850947,366525133,366277941,2775,366522141,1256,0,W,0,0,0,45376,246823,0,0,0
firewall,4,1,7,1850987,1850987,175077819,175064629,1123,175076874,0,0,W,0,0,0,287637,13313,0,0,0
payload_scan,5,4,8,1851303,1851303,366378200,363506161,11469,363494985,2872864,0,W,0,0,0,249324,5,0,0,0
bridge,6,5,9,1851728,1851728,363605062,363606056,363599574,196946,0,0,W,0,0,0,0,88,0,0,0
load_generator,17,6,4,0,0,0,0,0,0,0,0,W,0,0,0,0,0,0,0,0
ndpi_stat,2,2,5,4090583,4092442,370023648,370622206,17510,370652988,13427,0,W,0,4304,2,48138,47517,0,0,0
router,3,3,6,4092936,4092940,370618109,370370921,2798,370615103,1256,0,W,0,0,0,45376,246823,0,0,0
firewall,4,1,7,1851578,1850746,176929462,176915440,1124,176928517,0,0,W,0,0,830,287637,14143,0,0,0
payload_scan,5,4,8,4095146,4095114,370473398,367601332,12143,367589479,2872864,0,W,0,0,0,249324,5,0,0,0
bridge,6,5,9,4095417,4095391,367700545,367701507,367694764,199284,0,0,W,0,0,0,0,88,0,0,0
load_generator,17,6,4,0,2204032,0,2204032,0,2247881,0,0,W,0,0,3520,0,3520,0,0,2248032
ndpi_stat,2,2,5,3848471,3859184,373872593,374481710,17600,374512385,13427,0,W,0,0,0,48138,47517,0,0,0
router,3,3,6,3859399,3859438,374477700,374230519,2805,374474696,1256,0,W,0,0,0,45376,246823,0,0,0
firewall,4,1,7,1850224,1850224,178779751,178765732,1126,178778804,0,0,W,0,0,0,287637,14143,0,0,0
payload_scan,5,4,8,3860516,3860523,374334042,371462015,12633,371449682,2872864,0,W,0,0,0,249324,5,0,0,0
bridge,6,5,9,3861142,3861146,371561815,371562813,371555995,201397,0,0,W,0,0,0,0,88,0,0,0
load_generator,17,6,4,0,324800,0,2529088,0,4256746,0,0,W,0,0,0,0,3520,0,0,4257010
ndpi_stat,2,2,5,3619939,3631014,377492792,378112953,17646,378143585,13427,0,W,0,0,0,48138,47517,0,0,0
router,3,3,6,3631174,3631185,378109004,377861827,2810,378105999,1256,0,W,0,0,0,45376,246823,0,0,0
firewall,4,1,7,1850395,1850396,180630200,180616181,1126,180629253,0,0,W,0,0,0,287637,14143,0,0,0
payload_scan,5,4,8,3631843,3631851,377965967,375093950,12867,375081381,2872864,0,W,0,0,0,249324,5,0,0,0
bridge,6,5,9,3632301,3632305,375194225,375195224,375188371,202667,0,0,W,0,0,0,0,88,0,0,0
load_generator,17,6,4,0,27392,0,2556480,0,6037874,0,0,W,0,0,0,0,3520,0,0,6038211
ndpi_stat,2,2,5,3611936,3620874,381104953,381734050,17747,381764584,13427,0,W,0,0,0,48138,47517,0,0,0
router,3,3,6,3620860,3620865,381729995,381482820,2819,381726983,1256,0,W,0,0,0,45376,246823,0,0,0
firewall,4,1,7,1840039,1840043,182470286,182456268,1134,182469332,0,0,W,0,0,0,287637,14143,0,0,0
payload_scan,5,4,8,3621905,3621959,381587957,378715998,13343,378702967,2872864,0,W,0,0,0,249324,5,0,0,0
bridge,6,5,9,3622399,3622399,378816706,378817705,378810691,204784,0,0,W,0,0,1,0,89,0,0,0
load_generator,17,6,4,0,157440,0,2713920,0,7818985,0,0,W,0,0,1,0,3521,0,0,7819455
ndpi_stat,2,2,5,3267957,3276732,384373151,385011024,17801,385041505,13427,0,W,0,0,0,48138,47517,0,0,0
router,3,3,6,3276930,3276945,385007032,384759863,2821,385004024,1256,0,W,0,0,0,45376,246823,0,0,0
firewall,4,1,7,1496284,1496281,183966612,183952591,1138,183965651,0,0,W,0,0,0,287637,14143,0,0,0
payload_scan,5,4,8,3277654,3277662,384865720,381993762,13568,381980504,2872864,0,W,0,0,0,249324,5,0,0,0
bridge,6,5,9,3278250,3278247,382095074,382096069,382089034,206188,0,0,W,0,0,1,0,90,0,0,0
load_generator,17,6,4,0,28384,0,2742304,0,9600110,0,0,W,0,0,1,0,3522,0,0,9600655
ndpi_stat,2,2,5,3008747,3015770,387382078,388026982,17826,388057438,13427,0,W,0,0,0,48138,47517,0,0,0
router,3,3,6,3015969,3015961,388023108,387775929,2824,388020087,1256,0,W,0,0,0,45376,246823,0,0,0
firewall,4,1,7,1235054,1235053,185201706,185187687,1139,185200746,0,0,W,0,0,0,287637,14143,0,0,0
payload_scan,5,4,8,3016293,3016299,387882089,385010138,13662,384996786,2872864,0,W,0,0,0,249324,5,0,0,0
bridge,6,5,9,3016628,3016631,385111807,385112806,385105750,206978,0,0,W,0,0,0,0,90,0,0,0
load_generator,17,6,4,0,27776,0,2770080,0,11381174,0,0,W,0,0,0,0,3522,0,0,11381756
ndpi_stat,2,2,5,3007920,3015273,390390144,391042401,17860,391072823,13427,0,W,0,0,0,48138,47517,0,0,0
router,3,3,6,3015914,3015909,391039111,390791937,2825,391036094,1256,0,W,0,0,0,45376,246823,0,0,0
firewall,4,1,7,1234789,1234789,186436521,186422503,1140,186435562,0,0,W,0,0,0,287637,14143,0,0,0
payload_scan,5,4,8,3016290,3016295,390898467,388026519,13824,388013008,2872864,0,W,0,0,0,249324,5,0,0,0
bridge,6,5,9,3016647,3016647,388128528,388129527,388122430,207826,0,0,W,0,0,0,0,90,0,0,0
load_generator,17,6,4,0,30720,0,2800800,0,13162534,0,0,W,0,0,0,0,3522,0,0,13163168
ndpi_stat,2,2,5,3009909,3017362,393400681,394060392,17884,394090793,13427,0,W,0,0,0,48138,47517,0,0,0
router,3,3,6,3017636,3017638,394056831,393809662,2828,394053816,1256,0,W,0,0,0,45376,246823,0,0,0
firewall,4,1,7,1236729,1236727,187673281,187659261,1144,187672316,0,0,W,0,0,0,287637,14143,0,0,0
payload_scan,5,4,8,3017975,3017984,393916521,391044580,13930,391030964,2872864,0,W,0,0,0,249324,5,0,0,0
bridge,6,5,9,3018282,3018280,391146904,391147901,391140793,208584,0,0,W,0,0,0,0,90,0,0,0
load_generator,17,6,4,0,28736,0,2829536,0,14943621,0,0,W,0,0,0,0,3522,0,0,14944312
ndpi_stat,2,2,5,1990099,1993191,395390978,396053785,17924,396084143,13427,0,W,0,0,0,48138,47517,0,0,0
router,3,3,6,1993142,1993144,396050057,395802888,2830,396047040,1256,0,W,0,0,0,45376,246823,0,0,0
firewall,4,1,7,1235144,1235144,188908443,188894425,1145,188907479,0,0,W,0,0,0,287637,14143,0,0,0
payload_scan,5,4,8,1993313,1993317,395909916,393037977,14045,393024246,2872864,0,W,0,0,0,249324,5,0,0,0
bridge,6,5,9,1993435,1993441,393140444,393141443,393134301,209113,0,0,W,0,0,0,0,90,0,0,0
ndpi_stat,2,2,5,1237321,1237322,396628359,397291167,17939,397321510,13427,0,W,0,0,0,48138,47517,0,0,0
router,3,3,6,1237317,1237319,397287424,397040255,2830,397284407,1256,0,W,0,0,0,45376,246823,0,0,0
firewall,4,1,7,1237275,1237276,190145760,190131742,1146,190144795,0,0,W,0,0,0,287637,14143,0,0,0
payload_scan,5,4,8,1237410,1237413,397147363,394275425,14078,394261662,2872864,0,W,0,0,0,249324,5,0,0,0
bridge,6,5,9,1237695,1237695,394378176,394379175,394372025,209610,0,0,W,0,0,0,0,90,0,0,0
load_generator,18,6,4,0,0,0,0,0,0,0,0,W,0,0,0,0,0,0,0,0
ndpi_stat,2,2,5,1852114,1852462,398480549,399143705,17959,399174028,13427,0,W,0,0,0,48138,47517,0,0,0
router,3,3,6,1852737,1852742,399140189,398893021,2831,399137172,1256,0,W,0,0,0,45376,246823,0,0,0
firewall,4,1,7,1235341,1235341,191381150,191367132,1146,191380185,0,0,W,0,0,0,287637,14143,0,0,0
payload_scan,5,4,8,1853298,1853302,399000717,396128783,14124,396114975,2872864,0,W,0,0,0,249324,5,0,0,0
bridge,6,5,9,1853621,1853621,396231835,396232834,396225655,210278,0,0,W,0,0,0,0,90,0,0,0
load_generator,18,6,4,0,609216,0,609216,0,617951,0,0,W,0,0,0,0,0,0,0,617984
ndpi_stat,2,2,5,5835346,5841812,404316181,404985795,18116,405015975,13427,0,W,0,0,0,48138,47517,0,0,0
router,3,3,6,5842660,5842667,404983009,404735844,2849,404979980,1256,0,W,0,0,0,45376,246823,0,0,0
firewall,4,1,7,1238123,1238114,192619301,192605274,1151,192618324,0,0,W,0,0,0,287637,14143,0,0,0
payload_scan,5,4,8,5845648,5845661,404846487,401974566,15778,401959132,2872864,0,W,0,0,0,249324,5,0,0,0
bridge,6,5,9,5846015,5846021,402077929,402078934,402071436,213798,0,0,W,0,0,0,0,90,0,0,0
load_generator,18,6,4,0,3342112,0,3951456,0,5224528,0,0,W,0,0,0,0,0,0,0,5224863
ndpi_stat,2,2,5,3672594,3681100,407989011,408667133,18156,408697273,13427,0,W,0,0,0,48138,47517,0,0,0
router,3,3,6,3681404,3681406,408664528,408417365,2851,408661499,1256,0,W,0,0,0,45376,246823,0,0,0
firewall,4,1,7,1233053,1233055,193852418,193838403,1151,193851453,0,0,W,0,0,0,287637,14143,0,0,0
payload_scan,5,4,8,3681974,3681990,408528569,405656675,15971,405641050,2872864,0,W,0,0,0,249324,5,0,0,0
bridge,6,5,9,3682530,3682534,405760551,405761557,405754040,214933,0,0,W,0,0,1,0,91,0,0,0
load_generator,18,6,4,0,43360,0,3994816,0,7673255,0,0,W,0,0,1,0,1,0,0,7673646
ndpi_stat,2,2,5,3676661,3685112,411665911,412352492,18192,412382597,13427,0,W,0,0,0,48138,47517,0,0,0
router,3,3,6,3685421,3685423,412350061,412102899,2853,412347031,1256,0,W,0,0,0,45376,246823,0,0,0
firewall,4,1,7,1236917,1236919,195089375,195075360,1152,195088409,0,0,W,0,0,0,287637,14143,0,0,0
payload_scan,5,4,8,3686646,3686662,412215348,409343470,16252,409327572,2872864,0,W,0,0,0,249324,5,0,0,0
bridge,6,5,9,3687071,3687076,409447724,409448738,409441176,216154,0,0,W,0,0,1,0,92,0,0,0
load_generator,18,6,4,0,52288,0,4047104,0,10122553,0,0,W,0,0,1,0,2,0,0,10123016
ndpi_stat,2,2,5,3446288,3452528,415112426,415805284,18241,415835341,13427,0,W,0,0,0,48138,47517,0,0,0
router,3,3,6,3452846,3452856,415802995,415555837,2854,415799968,1256,0,W,0,0,0,45376,246823,0,0,0
firewall,4,1,7,1003971,1003970,196093579,196079563,1153,196092612,0,0,W,0,0,0,287637,14143,0,0,0
payload_scan,5,4,8,3452856,3452873,415668283,412796417,16472,412780302,2872864,0,W,0,0,0,249324,5,0,0,0
bridge,6,5,9,3453296,3453299,412901114,412902126,412894515,217279,0,0,W,0,0,0,0,92,0,0,0
load_generator,18,6,4,0,84992,0,4132096,0,12571204,0,0,W,0,0,0,0,2,0,0,12571732
ndpi_stat,2,2,5,3285269,3290367,418397885,419095843,18264,419125878,13427,0,W,0,0,0,48138,47517,0,0,0
router,3,3,6,3290712,3290710,419093794,418846639,2857,419090767,1256,0,W,0,0,0,45376,246823,0,0,0
firewall,4,1,7,842070,842070,196935665,196921650,1153,196934698,0,0,W,0,0,0,287637,14143,0,0,0
payload_scan,5,4,8,3291055,3291057,418959410,416087548,16494,416071411,2872864,0,W,0,0,0,249324,5,0,0,0
bridge,6,5,9,3291392,3291388,416192575,416193585,416185967,217789,0,0,W,0,0,0,0,92,0,0,0
load_generator,18,6,4,0,44288,0,4176384,0,15020178,0,0,W,0,0,0,0,2,0,0,15020746
ndpi_stat,2,2,5,3284230,3289729,421682329,422385787,18291,422415795,13427,0,W,0,0,0,48138,47517,0,0,0
router,3,3,6,3290010,3290011,422383913,422136761,2859,422380887,1256,0,W,0,0,0,45376,246823,0,0,0
firewall,4,1,7,841275,841275,197776957,197762942,1153,197775990,0,0,W,0,0,0,287637,14143,0,0,0
payload_scan,5,4,8,3290209,3290211,422249741,419377877,16517,419361720,2872864,0,W,0,0,0,249324,5,0,0,0
bridge,6,5,9,3290470,3290474,419483162,419484175,419476550,218268,0,0,W,0,0,0,0,92,0,0,0
load_generator,18,6,4,0,51328,0,4227712,0,17469089,0,0,W,0,0,0,0,2,0,0,17469711
ndpi_stat,2,2,5,3283799,3289302,424966382,425675345,18314,425705330,13427,0,W,0,0,0,48138,47517,0,0,0
router,3,3,6,3289621,3289621,425673630,425426478,2863,425670600,1256,0,W,0,0,0,45376,246823,0,0,0
firewall,4,1,7,840752,840754,198617729,198603714,1153,198616762,0,0,W,0,0,0,287637,14143,0,0,0
payload_scan,5,4,8,3289885,3289890,425539730,422667874,16530,422651701,2872864,0,W,0,0,0,249324,5,0,0,0
bridge,6,5,9,3290137,3290141,422773384,422774397,422766763,218662,0,0,W,0,0,0,0,92,0,0,0
load_generator,18,6,4,0,46112,0,4273824,0,19918206,0,0,W,0,0,0,0,2,0,0,19918873
ndpi_stat,2,2,5,2510846,2514775,427477504,428190397,18334,428220362,13427,0,W,0,0,0,48138,47517,0,0,0
router,3,3,6,2514826,2514825,428188597,427941444,2866,428185565,1256,0,W,0,0,0,45376,246823,0,0,0
firewall,4,1,7,842720,842720,199460480,199446465,1153,199459513,0,0,W,0,0,0,287637,14143,0,0,0
payload_scan,5,4,8,2514893,2514895,428054718,425182862,16541,425166678,2872864,0,W,0,0,0,249324,5,0,0,0
bridge,6,5,9,2515066,2515067,425288536,425289552,425281910,219114,0,0,W,0,0,0,0,92,0,0,0
ndpi_stat,2,2,5,841980,841981,428319561,429032455,18337,429062417,13427,0,W,0,0,0,48138,47517,0,0,0
router,3,3,6,841995,841995,429030620,428783469,2866,429027588,1256,0,W,0,0,0,45376,246823,0,0,0
firewall,4,1,7,841967,841967,200302467,200288452,1154,200301499,0,0,W,0,0,0,287637,14143,0,0,0
payload_scan,5,4,8,842077,842077,428896829,426024973,16541,426008789,2872864,0,W,0,0,0,249324,5,0,0,0
bridge,6,5,9,842193,842195,426130743,426131759,426124117,219391,0,0,W,0,0,0,0,92,0,0,0
ndpi_stat,2,2,5,841994,841999,429161597,429874492,18342,429904449,13427,0,W,0,0,0,48138,47517,0,0,0
router,3,3,6,842014,842005,429872680,429625520,2866,429869639,1256,0,W,0,0,0,45376,246823,0,0,0
firewall,4,1,7,841953,841954,201144458,201130443,1155,201143489,0,0,W,0,0,0,287637,14143,0,0,0
payload_scan,5,4,8,842055,842055,429738904,426867048,16542,426850863,2872864,0,W,0,0,0,249324,5,0,0,0
bridge,6,5,9,842174,842174,426972940,426973956,426966313,219680,0,0,W,0,0,0,0,92,0,0,0
ndpi_stat,2,2,5,839384,839391,430001041,430713934,18350,4307438