,input_rate,output_rate,latency,flow_tracker_instructions,nf_router_instructions,ndpi_stats_instructions,payload_scan_instructions,bridge_instructions,flow_tracker_branches,nf_router_branches,ndpi_stats_branches,payload_scan_branches,bridge_branches,flow_tracker_branch-misses,nf_router_branch-misses,ndpi_stats_branch-misses,payload_scan_branch-misses,bridge_branch-misses,flow_tracker_branch-load-misses,nf_router_branch-load-misses,ndpi_stats_branch-load-misses,payload_scan_branch-load-misses,bridge_branch-load-misses,flow_tracker_cache-misses,nf_router_cache-misses,ndpi_stats_cache-misses,payload_scan_cache-misses,bridge_cache-misses,flow_tracker_cache-references,nf_router_cache-references,ndpi_stats_cache-references,payload_scan_cache-references,bridge_cache-references,flow_tracker_cycles,nf_router_cycles,ndpi_stats_cycles,payload_scan_cycles,bridge_cycles,flow_tracker_L1-dcache-load-misses,nf_router_L1-dcache-load-misses,ndpi_stats_L1-dcache-load-misses,payload_scan_L1-dcache-load-misses,bridge_L1-dcache-load-misses,flow_tracker_L1-dcache-loads,nf_router_L1-dcache-loads,ndpi_stats_L1-dcache-loads,payload_scan_L1-dcache-loads,bridge_L1-dcache-loads,flow_tracker_LLC-load-misses,nf_router_LLC-load-misses,ndpi_stats_LLC-load-misses,payload_scan_LLC-load-misses,bridge_LLC-load-misses,flow_tracker_LLC-stores,nf_router_LLC-stores,ndpi_stats_LLC-stores,payload_scan_LLC-stores,bridge_LLC-stores,flow_tracker_LLC-loads,nf_router_LLC-loads,ndpi_stats_LLC-loads,payload_scan_LLC-loads,bridge_LLC-loads
0,439.01949895367,415.07221139605,8.791,9710695153.0,9449941472.0,10328196157.0,10468128423.0,9637153287.0,1906577723.0,1875543663.0,2051842309.0,2080404574.0,1910763925.0,7045209.0,7594335.0,7784425.0,7838668.0,7472925.0,7043937.0,7647500.0,7789373.0,7840689.0,7528988.0,4201.0,4220.0,5707.0,4259.0,3973.0,4761367.0,10648141.0,6278468.0,5103049.0,9580608.0,2892886843.0,2892912857.0,2892805509.0,2892933390.0,2892942552.0,5019987.0,11187005.0,6762920.0,6760084.0,9837944.0,3045653630.0,2950180215.0,3241804800.0,3282384255.0,3021379287.0,1726.0,1924.0,1826.0,1914.0,1601.0,1746783.0,4791298.0,1685887.0,1596184.0,3855773.0,3051584.0,5995188.0,4691955.0,3576445.0,5850644.0
1,1968.0460712229,2088.6003495984,9.497,9827778646.0,9522139980.0,10462742068.0,10586481082.0,9772545604.0,1917850162.0,1885053173.0,2065757096.0,2093771473.0,1930659722.0,6919611.0,7633143.0,7842986.0,7888578.0,7533953.0,6919081.0,7583292.0,7844237.0,7885147.0,7486146.0,2727.0,2846.0,2866.0,2527.0,4441.0,4767818.0,10622630.0,6361933.0,5111386.0,9472035.0,2891877630.0,2891776914.0,2892203834.0,2891661525.0,2891764668.0,5022140.0,11161482.0,6708104.0,6896367.0,9743730.0,3021008322.0,2928554415.0,3243058334.0,3259812082.0,3003479410.0,1765.0,1431.0,2474.0,1584.0,1292.0,1697423.0,4585239.0,1716107.0,1550533.0,3666833.0,2955824.0,6012298.0,4573267.0,3431429.0,5829550.0
2,2112.936489141,2110.5575243034,9.216,9699072638.0,9376983376.0,10455034506.0,10448987096.0,9615811514.0,1899478797.0,1863997760.0,2046748645.0,2073589947.0,1907232542.0,6860193.0,7728700.0,7932918.0,7827081.0,7465245.0,6861937.0,7636121.0,7932462.0,7828135.0,7523353.0,2115.0,2245.0,2962.0,2109.0,2128.0,4747844.0,10576779.0,6499195.0,5082063.0,9513273.0,2891771999.0,2891890886.0,2891943148.0,2891811136.0,2891757388.0,4987868.0,11165856.0,6754213.0,6839014.0,9815007.0,3048063228.0,2952357777.0,3230458027.0,3289980651.0,3026349438.0,1713.0,1663.0,1576.0,2226.0,1113.0,1753445.0,4641600.0,1731138.0,1596663.0,3757204.0,2955981.0,5957332.0,4716752.0,3450715.0,5799799.0
3,2113.0923292478,2110.4780820664,8.867,9835046816.0,9524629456.0,10569767871.0,9891471818.0,9717921097.0,1919475772.0,1886053951.0,2064792704.0,1928808343.0,1919978973.0,6939390.0,7653257.0,7954277.0,7217654.0,7496341.0,6941593.0,7652026.0,7955171.0,7125543.0,7491792.0,2201.0,2126.0,2581.0,2401.0,2146.0,4741830.0,10654486.0,6509930.0,5040475.0,9678332.0,2891830423.0,2891830726.0,2891938959.0,2602055443.0,2891740687.0,5017077.0,11172808.0,6811636.0,7079819.0,9863001.0,3027985867.0,2929432061.0,3241947205.0,3069408794.0,2991549023.0,2494.0,2847.0,3445.0,2354.0,2011.0,1725551.0,4539688.0,1736165.0,1566545.0,3722026.0,2916026.0,5958588.0,4687734.0,3388593.0,5779257.0
4,2112.8469343135,2109.6088182466,7.987,9734598874.0,9409406715.0,10558615237.0,10489063573.0,9060836766.0,1903446189.0,1867099431.0,2047319810.0,2078413628.0,1794693138.0,6896761.0,7613819.0,7885984.0,7839400.0,7053279.0,6893349.0,7612713.0,7886802.0,7835107.0,7104980.0,2905.0,2530.0,3244.0,2745.0,2506.0,4783685.0,10663061.0,6537220.0,5128936.0,9561045.0,2891898082.0,2891848967.0,2891780258.0,2891833331.0,2876425255.0,5007896.0,11265435.0,6772675.0,6821935.0,9874714.0,3046610661.0,2926471323.0,3220887656.0,3285282953.0,2986605593.0,1792.0,2062.0,3166.0,2037.0,1295.0,1766456.0,4631457.0,1732259.0,1608471.0,3748130.0,2954801.0,5885267.0,4751826.0,3446345.0,5665577.0
5,2113.0315977042,2110.128504909,22.403,9932017602.0,9401493258.0,10562765518.0,10694464607.0,9633284981.0,1901746075.0,1868466165.0,2079483865.0,2074411418.0,1910686846.0,6901319.0,7608976.0,7893233.0,7826505.0,7471638.0,6905441.0,7614479.0,7895144.0,7831018.0,7413465.0,3211.0,3209.0,3780.0,3343.0,3263.0,4744883.0,10637549.0,6370612.0,5103905.0,9520543.0,2891726144.0,2891673488.0,2891485121.0,2891750541.0,2734602146.0,5014579.0,11185038.0,6801090.0,7261049.0,9752632.0,3047081412.0,2949720741.0,3242632507.0,3284664121.0,2839814350.0,1650.0,2325.0,2038.0,1700.0,1213.0,1758106.0,4589415.0,1732110.0,1603276.0,3718506.0,2938920.0,5874336.0,4746144.0,3435677.0,5675356.0
6,2113.1229066156,2111.0966254876,13.021,9882414113.0,9612793573.0,10492907702.0,10627277501.0,9761107816.0,1908581365.0,1902571849.0,2066783047.0,2079471038.0,1928403880.0,6913567.0,7646719.0,7799040.0,8068718.0,7504000.0,6915490.0,7650422.0,7802732.0,8071265.0,7505199.0,3996.0,13013.0,4946.0,6612.0,3546.0,4444489.0,9430089.0,5913202.0,4807464.0,8415589.0,2891299899.0,2891097999.0,2891133433.0,2891443052.0,2890996777.0,4619657.0,9955940.0,6170692.0,6668644.0,8683807.0,3008874942.0,2966248739.0,3200454523.0,3233055980.0,3010017863.0,4238.0,10932.0,5041.0,5535.0,3153.0,1558398.0,4259680.0,1579699.0,1489287.0,3284917.0,2803462.0,5029724.0,4305610.0,3237858.0,4961044.0
7,2113.1619361219,2111.8294410946,11.869,9933606435.0,9495137383.0,10552555645.0,10695454335.0,9740781335.0,1917556420.0,1863043952.0,2077711809.0,2091753627.0,1907590005.0,6896172.0,7598606.0,8019476.0,7823358.0,7470478.0,6894508.0,7596375.0,7967459.0,7820866.0,7469477.0,2878.0,2428.0,3034.0,2929.0,2367.0,4796657.0,10750690.0,6474501.0,5153266.0,9660063.0,2891789697.0,2891904058.0,2891760577.0,2891775874.0,2891769406.0,5008393.0,11198246.0,6743687.0,7400321.0,9823594.0,3021016199.0,2921383592.0,3214933289.0,3256872320.0,2993874100.0,1738.0,1501.0,2313.0,1825.0,1650.0,1764794.0,4728186.0,1743043.0,1612291.0,3812386.0,2989590.0,5889051.0,4730220.0,3505516.0,5711859.0
8,2113.4394916553,2110.8786922115,12.986,9937084473.0,9616983188.0,10338134807.0,10696844951.0,9852851175.0,1933649495.0,1882831005.0,2047070786.0,2109534700.0,1923859399.0,6920716.0,7661876.0,7758361.0,7883799.0,7511439.0,6925827.0,7663148.0,7954141.0,7886070.0,7511893.0,2186.0,2015.0,2381.0,2071.0,2771.0,4766755.0,10782445.0,6475098.0,5129620.0,9711803.0,2891839545.0,2891810855.0,2891876498.0,2891726049.0,2891861750.0,5047233.0,11253214.0,6843667.0,6979542.0,9908199.0,3044501551.0,2944278455.0,3241336820.0,3282879230.0,3017295249.0,2338.0,1605.0,2004.0,2301.0,1479.0,1768793.0,4725129.0,1747719.0,1615927.0,3808551.0,2991851.0,5889464.0,4754199.0,3502787.0,5714758.0
9,2113.2545230194,2111.0509322378,10.295,9935994536.0,9616426186.0,10454621654.0,10693359248.0,9854606751.0,1933554817.0,1868749864.0,2063848580.0,2108834163.0,1910992683.0,6870378.0,7754135.0,7820320.0,7965003.0,7474418.0,6868871.0,7755455.0,7901886.0,7962106.0,7474076.0,2540.0,2256.0,3046.0,2692.0,2281.0,4745192.0,10719888.0,6454227.0,5084485.0,9657755.0,2891633629.0,2891589396.0,2891596295.0,2891453677.0,2891541638.0,4986016.0,11183146.0,6750271.0,7187678.0,9830212.0,3023466314.0,2906443514.0,3218951166.0,3258734015.0,2992946257.0,2431.0,2974.0,2848.0,2597.0,2403.0,1757434.0,4700823.0,1689941.0,1603660.0,3794645.0,2988179.0,6013470.0,4698784.0,3482366.0,5854870.0
10,2113.10995079,2110.3995501281,8.106,9808262091.0,9613790902.0,10305753558.0,10561411704.0,9857234404.0,1915491270.0,1896363322.0,2042493898.0,2089976769.0,1940666854.0,6906421.0,7606864.0,7909491.0,7874969.0,7468022.0,6863284.0,7606093.0,7966301.0,7826181.0,7468768.0,2751.0,2212.0,2834.0,3255.0,2184.0,4750702.0,10639297.0,6419282.0,5101741.0,9536368.0,2891912512.0,2891734288.0,2891790314.0,2891686927.0,2891667834.0,5029641.0,11263947.0,6777351.0,7154949.0,9864537.0,3046091870.0,2947670972.0,3244091051.0,3285135684.0,3020913658.0,1738.0,1900.0,1663.0,1788.0,1750.0,1775317.0,4785810.0,1708942.0,1621073.0,3801219.0,3027195.0,6050261.0,4709687.0,3542702.0,5879820.0
11,2113.3195564747,2110.5240653641,20.742,9833743107.0,9611602406.0,10455540995.0,10584850074.0,9847434391.0,1918786991.0,1896974116.0,2063568395.0,2093173734.0,1939554877.0,6919597.0,7654605.0,7817971.0,7885476.0,7516040.0,6918431.0,7656860.0,7819043.0,7885295.0,7518989.0,2416.0,2066.0,2491.0,2196.0,1931.0,4765237.0,10668729.0,6467019.0,5114588.0,9593700.0,2891605008.0,2891780603.0,2891898446.0,2891804899.0,2891811862.0,4991951.0,11168363.0,6738553.0,6805878.0,9807444.0,3025154877.0,2927205687.0,3221272907.0,3263698067.0,3000532065.0,2198.0,2292.0,2180.0,1978.0,2237.0,1739749.0,4716761.0,1683574.0,1591920.0,3816623.0,2985150.0,6009781.0,4697025.0,3496642.0,5842251.0
12,2113.213206389,2109.9237706124,11.769,9723466894.0,9612187826.0,10344813080.0,10090148360.0,9841026750.0,1903260930.0,1897187256.0,2048054004.0,2003840826.0,1938387498.0,6896487.0,7663707.0,7770192.0,7566981.0,7507601.0,6942330.0,7608746.0,7768169.0,7653772.0,7455217.0,3093.0,2842.0,2911.0,2956.0,2696.0,4749829.0,10612517.0,6441037.0,5092124.0,9541159.0,2891780700.0,2891747068.0,2891948675.0,2802820178.0,2891799637.0,4963594.0,11139378.0,6764942.0,6724504.0,9801165.0,3021284243.0,2921927323.0,3219298082.0,3157300907.0,2992569348.0,1488.0,1750.0,1538.0,1325.0,1663.0,1727234.0,4724986.0,1703923.0,1569478.0,3836618.0,2982775.0,6027673.0,4676311.0,3490487.0,5864383.0
13,2112.8534423262,2109.635792682,7.325,9704111371.0,9383965488.0,10317930390.0,10455366329.0,9626673460.0,1900125524.0,1865699563.0,2045451494.0,2075574141.0,1908329749.0,6909403.0,7601452.0,7753575.0,7837282.0,7672511.0,6912396.0,7663904.0,7758915.0,7839895.0,7521105.0,2699.0,3311.0,3320.0,2479.0,2482.0,4757188.0,10699497.0,6483759.0,5116736.0,9626807.0,2891614929.0,2891622726.0,2891580606.0,2891524443.0,2891385811.0,4972056.0,11121344.0,6733636.0,6702833.0,9772943.0,3025239220.0,2928753804.0,3222059560.0,3264796460.0,2999837476.0,1750.0,1869.0,1813.0,1638.0,1733.0,1715427.0,4723305.0,1685681.0,1570072.0,3832114.0,3007410.0,5997624.0,4654423.0,3512733.0,5837108.0
14,2112.9079562571,2109.2650211138,9.436,9821213866.0,9496806844.0,10448482586.0,10585537839.0,9731875074.0,1916263002.0,1881104190.0,2062915671.0,2092518708.0,1923239404.0,6933279.0,7656354.0,7816570.0,7887843.0,7519089.0,6935817.0,7611003.0,7814593.0,7889002.0,7605643.0,2644.0,2551.0,2161.0,2420.0,2491.0,4752194.0,10664257.0,6448123.0,5103450.0,9578444.0,2891894219.0,2891772169.0,2891818788.0,2891748669.0,2891658690.0,5008407.0,11163945.0,6760367.0,7041309.0,9811136.0,3026261441.0,2928133643.0,3243987826.0,3262544586.0,3002066238.0,1820.0,1473.0,1765.0,1848.0,1542.0,1699866.0,4583230.0,1730699.0,1558388.0,3727309.0,2927756.0,6019885.0,4623980.0,3418572.0,5855854.0
15,2112.9116453168,2110.5344323353,12.649,9700197064.0,9376610663.0,10444293573.0,10441601320.0,9610152218.0,1899657170.0,1862902568.0,2043076779.0,2072484154.0,1904555335.0,7058851.0,7962261.0,8028444.0,7829133.0,7614458.0,7059818.0,7844232.0,8026493.0,7831988.0,7666934.0,2474.0,2840.0,3262.0,2301.0,3295.0,4760688.0,10634234.0,6533490.0,5101801.0,9576849.0,2891843532.0,2891855912.0,2891950558.0,2891639628.0,2891894713.0,4992827.0,11207769.0,6722196.0,6759050.0,9854546.0,3041934194.0,2945224946.0,3223900373.0,3286439883.0,3020479895.0,1375.0,1688.0,1600.0,1700.0,1675.0,1730682.0,4643360.0,1728196.0,1578135.0,3774270.0,2956955.0,5990729.0,4669370.0,3458102.0,5828756.0
16,2113.0783820669,2110.1443309349,10.058,9793028094.0,9559211745.0,10523092453.0,10544798812.0,9565612055.0,1911086703.0,1892980564.0,2055551141.0,2085011517.0,1890746444.0,6973849.0,7650641.0,7799454.0,7877143.0,7364465.0,6977016.0,7649716.0,7800167.0,7877438.0,7369376.0,3021.0,8442.0,3836.0,4551.0,3350.0,4537203.0,9986203.0,6161842.0,4899037.0,8855402.0,2891487154.0,2891606284.0,2891801456.0,2891723223.0,2844977361.0,4733536.0,10308747.0,6343392.0,6818349.0,8883556.0,3013076066.0,2944659299.0,3231681012.0,3249066016.0,2923857370.0,3301.0,7862.0,4107.0,4883.0,2256.0,1605408.0,4189084.0,1636163.0,1500454.0,3264451.0,2759952.0,5126761.0,4391176.0,3197403.0,4852084.0
17,2112.7676615299,2107.4957438878,15000.0,9671217882.0,9405212210.0,10579390935.0,10409448471.0,4769742610.0,1890189336.0,1867793250.0,2048804942.0,2062597936.0,936153253.0,6844350.0,7586351.0,7773840.0,7816859.0,3662971.0,6844148.0,7589539.0,7765932.0,7814107.0,3639022.0,3926.0,7147.0,4254.0,4640.0,3662.0,4446354.0,9882822.0,5343007.0,4776852.0,5174936.0,2891291360.0,2891310711.0,2891927901.0,2891534295.0,1429942153.0,4566760.0,10325851.0,5376439.0,6848131.0,5322887.0,3032688961.0,2939246554.0,3223890116.0,3274139489.0,1384116154.0,1890.0,5508.0,4508.0,3265.0,2166.0,1626928.0,4355405.0,1586034.0,1523139.0,2171767.0,2770160.0,5627523.0,3657882.0,3210522.0,2985351.0
18,2113.1749092224,1139.2565119351,10.057,9920985477.0,9386673635.0,10610754315.0,10691714453.0,4798736074.0,1897067484.0,1866268344.0,2088092962.0,2071660552.0,940990393.0,6857094.0,7618320.0,7789889.0,7836332.0,3678949.0,6855663.0,7620345.0,7789352.0,7836778.0,3662725.0,3146.0,2873.0,3303.0,3233.0,2240.0,4604261.0,10557742.0,5392002.0,4935165.0,5607528.0,2891823408.0,2891728849.0,2891730461.0,2891840983.0,1431524323.0,4828050.0,11009043.0,5738234.0,7683579.0,5853251.0,3043514364.0,2951374843.0,3257089812.0,3284800355.0,1489905164.0,1563.0,1375.0,1838.0,1863.0,1933.0,1710598.0,4426312.0,1665049.0,1551696.0,2215213.0,2789995.0,5822122.0,3759803.0,3249539.0,3143224.0
19,2112.924919124,1156.6574585614,15000.0,9912205185.0,9509047351.0,10607083567.0,10690234038.0,4784343129.0,1914607251.0,1882171029.0,2087906633.0,2091630755.0,951051166.0,6915164.0,7679126.0,7848086.0,7904111.0,3699471.0,6914267.0,7681070.0,7845623.0,7904694.0,3648977.0,2311.0,2366.0,2426.0,1950.0,2631.0,4625614.0,10471948.0,5530563.0,4954008.0,5550107.0,2891725034.0,2891919095.0,2891815002.0,2891948874.0,1456809045.0,4831451.0,11029814.0,5702963.0,7541707.0,5564275.0,3019635763.0,2948168554.0,3233991321.0,3258553091.0,1462195199.0,2124.0,1584.0,2458.0,2644.0,2242.0,1690290.0,4583120.0,1653874.0,1546477.0,2343554.0,2869343.0,5882854.0,3732978.0,3345464.0,3456112.0
20,2113.3287105255,1165.583488339,14.243,9926875748.0,9525940062.0,10602109676.0,10703217369.0,4761909108.0,1917443698.0,1866930533.0,2087671007.0,2093739136.0,943891778.0,6866054.0,7756496.0,7866554.0,8028992.0,3654056.0,6862553.0,7758191.0,7816716.0,8031676.0,3693983.0,3105.0,3179.0,3476.0,2423.0,1955.0,4562423.0,10587086.0,5287983.0,4888756.0,5489786.0,2891933531.0,2891908463.0,2891717291.0,2891846832.0,1431110949.0,4804967.0,10977263.0,5794902.0,7471659.0,5473574.0,3020028758.0,2929333364.0,3234801781.0,3262590038.0,1469703130.0,1663.0,1663.0,2200.0,1913.0,1003.0,1701561.0,4579113.0,1653006.0,1550820.0,2246166.0,2870373.0,5954380.0,3845023.0,3354252.0,3275252.0
21,2113.0128927679,1153.1710226937,11.162,9920461690.0,9610702849.0,10375916493.0,10701246578.0,4790471593.0,1930329132.0,1880699997.0,2056496509.0,2109333849.0,954456083.0,6921616.0,7852897.0,7839928.0,7921873.0,3884693.0,6925228.0,7846436.0,7892594.0,7925418.0,3912404.0,3433.0,1970.0,3157.0,2561.0,2386.0,4561809.0,10550417.0,5514965.0,4887565.0,5683379.0,2891712388.0,2891695952.0,2891790849.0,2891623249.0,1470226497.0,4803842.0,10982753.0,5659041.0,7735729.0,5583406.0,3044119549.0,2949795266.0,3259367869.0,3287493990.0,1497634915.0,2013.0,1494.0,2136.0,2363.0,1605.0,1694450.0,4539200.0,1676011.0,1538233.0,2352622.0,2823035.0,5917220.0,3593346.0,3296172.0,3255726.0
22,2112.8339489908,1190.80488339,15000.0,9915595783.0,9608425148.0,10486456459.0,10695735904.0,4718215386.0,1929591471.0,1869179467.0,2070543988.0,2109298590.0,930907618.0,7042182.0,7740126.0,8006441.0,7859545.0,3635937.0,7040781.0,7741450.0,7981647.0,7857982.0,3635339.0,2656.0,2306.0,2846.0,2445.0,3195.0,4574252.0,10626457.0,5352189.0,4904818.0,5283966.0,2891518928.0,2891763892.0,2891535535.0,2891508146.0,1432035730.0,4809247.0,10959667.0,5813693.0,7323016.0,5582213.0,3017230320.0,2925600732.0,3230907049.0,3260340600.0,1459095749.0,2944.0,2084.0,2640.0,3056.0,1189.0,1720591.0,4595225.0,1618481.0,1564918.0,2303649.0,2872740.0,5985248.0,3903431.0,3380811.0,3328023.0
23,2113.1557284025,1153.5434004336,15000.0,9806128567.0,9622833113.0,10405070715.0,10562548960.0,4871248258.0,1914757970.0,1899954051.0,2059930190.0,2089915817.0,960561667.0,7089025.0,7624715.0,7826915.0,8105427.0,3752704.0,7036002.0,7626178.0,7870498.0,7997222.0,3742943.0,2701.0,2351.0,3145.0,2250.0,2189.0,4548872.0,10486140.0,5450088.0,4875930.0,5731903.0,2891861548.0,2891773743.0,2891969444.0,2891687188.0,1457598688.0,4826728.0,11042785.0,5753566.0,7148287.0,5832496.0,3042060370.0,2949306874.0,3261174189.0,3283646933.0,1505107509.0,2112.0,1863.0,2001.0,1925.0,1463.0,1716735.0,4545197.0,1652428.0,1564140.0,2213095.0,2826047.0,6025144.0,3845505.0,3312726.0,3186581.0
24,2113.0756586694,1178.997054402,10.224,9811320844.0,9623057723.0,10485210959.0,10572881195.0,4771243191.0,1915249557.0,1899428316.0,2070553252.0,2091494261.0,945264580.0,7106707.0,7686650.0,7839641.0,8123371.0,3659491.0,7107783.0,7685692.0,7842618.0,8050804.0,3689771.0,1966.0,1770.0,2376.0,2081.0,2472.0,4583514.0,10504781.0,5415929.0,4908916.0,5534315.0,2891954049.0,2891857901.0,2891896749.0,2891808219.0,1430423129.0,4822892.0,10980735.0,5704606.0,7668477.0,5451930.0,3026180964.0,2932118880.0,3237893742.0,3265023468.0,1456443113.0,2408.0,3235.0,3089.0,1944.0,2337.0,1680205.0,4541358.0,1608176.0,1526530.0,2165880.0,2835013.0,5937553.0,3613392.0,3326483.0,3175448.0
25,2112.8210240148,1152.6289912203,6.816,9714761741.0,9608053504.0,10381492373.0,10464863491.0,4669485455.0,1901552294.0,1897163373.0,2056044602.0,2075978069.0,917489121.0,6867607.0,7812107.0,7802966.0,8038465.0,3724190.0,7035249.0,7763993.0,7801906.0,7906819.0,3723446.0,2586.0,2477.0,2986.0,2658.0,2304.0,4533282.0,10433524.0,5305969.0,4857275.0,5594037.0,2891751124.0,2891724622.0,2891716682.0,2891448090.0,1436707792.0,4827704.0,11037826.0,5766208.0,6977255.0,5495064.0,3018893104.0,2926804299.0,3232689600.0,3260857041.0,1426537915.0,1772.0,1670.0,2778.0,1525.0,944.0,1684158.0,4549808.0,1642495.0,1543872.0,2336269.0,2855368.0,5951882.0,3876258.0,3353651.0,3063269.0
26,2113.1077207203,1155.7912043227,15000.0,9696844886.0,9404923575.0,10373741744.0,10449084260.0,4754930659.0,1899398442.0,1866977370.0,2054734703.0,2073166041.0,946524511.0,7046847.0,7918557.0,7941381.0,8150386.0,3887552.0,7045157.0,7669561.0,7939527.0,8146643.0,3913378.0,2478.0,2591.0,3454.0,2466.0,2972.0,4554604.0,10478136.0,5415623.0,4884809.0,5539965.0,2891666037.0,2891471334.0,2891584807.0,2891628316.0,1454123175.0,4829287.0,11106041.0,5722252.0,7362952.0,5648805.0,3042925912.0,2947636491.0,3257870577.0,3284386700.0,1481232461.0,1525.0,2451.0,1726.0,1538.0,2499.0,1649681.0,4548505.0,1615709.0,1496223.0,2380697.0,2863169.0,6042419.0,3538456.0,3353078.0,3329983.0
27,2113.0050490969,1178.8463493456,1512.346,9748499363.0,9597114344.0,9813637022.0,10470691618.0,4647239748.0,1904474945.0,1896813864.0,1937010679.0,2074675347.0,908925212.0,6896192.0,7615213.0,7378840.0,8044064.0,3570103.0,6895507.0,7580717.0,7376861.0,8047740.0,3527843.0,4765.0,13743.0,5787.0,6483.0,7327.0,4290094.0,9596909.0,4895714.0,4630547.0,4894811.0,2891429127.0,2891312211.0,2721347964.0,2891334076.0,1447556505.0,4582952.0,10131233.0,5276793.0,7930235.0,5201944.0,3006247540.0,2937263435.0,3030119084.0,3232037013.0,1427675093.0,2042.0,11825.0,3223.0,5474.0,6822.0,1497461.0,4075615.0,1540108.0,1421048.0,1991235.0,2682001.0,5353056.0,3151574.0,3104939.0,3004918.0
28,2113.0612231048,1141.0139197866,8.656,9698217926.0,9400770860.0,10505575726.0,10449417604.0,4856857939.0,1898571667.0,1866853414.0,2055076717.0,2073790227.0,956640165.0,6858780.0,7606851.0,7949467.0,8036365.0,3721228.0,6858596.0,7651886.0,7949672.0,8040357.0,3743561.0,2699.0,2184.0,2951.0,2151.0,2366.0,4594376.0,10511810.0,5582517.0,4932926.0,5626610.0,2891975583.0,2891893170.0,2891956036.0,2891842605.0,1451887548.0,4816277.0,11009826.0,5715954.0,7333539.0,5800578.0,3043411304.0,2951331745.0,3234269533.0,3286260620.0,1493691466.0,1701.0,1488.0,1913.0,1550.0,1507.0,1672642.0,4502755.0,1674604.0,1530067.0,2391125.0,2842855.0,6014910.0,3789133.0,3309832.0,3288071.0
29,2113.3513026006,1165.7882492096,15000.0,9827348225.0,9537447072.0,10604722276.0,10597127757.0,4783431779.0,1917793587.0,1887011247.0,2072458067.0,2093990667.0,941794693.0,6917370.0,7672058.0,7979079.0,7894727.0,3652618.0,6917340.0,7671293.0,7980709.0,7896165.0,3632298.0,2116.0,2004.0,2371.0,2211.0,3556.0,4562560.0,10492464.0,5363214.0,4898292.0,5481409.0,2891721358.0,2891766415.0,2891671348.0,2891601411.0,1427549366.0,4806953.0,10951755.0,5713770.0,8217491.0,5547546.0,3027528089.0,2934848934.0,3257172281.0,3267186169.0,1454107925.0,1475.0,1450.0,2268.0,2075.0,2024.0,1669534.0,4425480.0,1668153.0,1516360.0,2182425.0,2807101.0,5930328.0,3763059.0,3283284.0,3292757.0
30,2112.6349405022,1147.1568461666,15000.0,9722733332.0,9405512578.0,10607738669.0,9668123185.0,4881295248.0,1899785556.0,1868329988.0,2057822784.0,1933789198.0,947757057.0,6863787.0,7736325.0,7807226.0,7493532.0,3702877.0,6865898.0,7734409.0,7805621.0,7556446.0,3704991.0,2230.0,2151.0,2940.0,2472.0,2389.0,4556223.0,10448712.0,5431832.0,4874366.0,5702106.0,2891835822.0,2891713898.0,2891956980.0,2774088539.0,1464595211.0,4799787.0,11051317.0,5678872.0,7971401.0,5717585.0,3040688633.0,2926496018.0,3234752352.0,3139975340.0,1497038862.0,1140.0,1306.0,2056.0,1751.0,1334.0,1687441.0,4442411.0,1653610.0,1524439.0,2278104.0,2794183.0,5925287.0,3608727.0,3269171.0,3347399.0
31,2113.0456613898,1182.5772436245,8.899,9915297305.0,9381785939.0,10606220663.0,10686819681.0,4855123164.0,1895414189.0,1865116970.0,2086865228.0,2070313745.0,949531732.0,6852797.0,7603037.0,7786952.0,8244402.0,3715310.0,6855344.0,7601089.0,7787428.0,8247563.0,3691512.0,3300.0,3026.0,3804.0,3245.0,1527.0,4612702.0,10537489.0,5392284.0,4948762.0,5597606.0,2891864321.0,2891880489.0,2891899851.0,2891905179.0,1442548565.0,4825615.0,11026421.0,5795035.0,7334003.0,5967569.0,3042904930.0,2952619346.0,3257302743.0,3284080394.0,1495020932.0,1754.0,1975.0,2088.0,2406.0,1589.0,1690692.0,4445205.0,1660295.0,1536254.0,2266426.0,2798822.0,5899421.0,3720984.0,3278191.0,3308056.0
32,2113.1990936895,1166.9974652127,14.464,9921559617.0,9531760202.0,10613944758.0,10691061243.0,4780885544.0,1917123088.0,1885798111.0,2089893945.0,2092938068.0,944754855.0,6913521.0,7675368.0,7864193.0,7888240.0,3705281.0,6915745.0,7675571.0,7862756.0,7891786.0,3716967.0,2236.0,2171.0,2496.0,2376.0,1667.0,4618911.0,10422338.0,5502404.0,4951809.0,5627401.0,2892025208.0,2891820625.0,2891832992.0,2891987950.0,1454779401.0,4813859.0,10995569.0,5719855.0,7381069.0,5827451.0,3022341905.0,2949959871.0,3235363361.0,3260138790.0,1488874179.0,2329.0,1695.0,2417.0,2103.0,1620.0,1712001.0,4550445.0,1686581.0,1552689.0,2235263.0,2838487.0,5878768.0,3863533.0,3335366.0,3254378.0
33,2112.8679092453,1171.318892524,7.805,9924031752.0,9373989294.0,10598449288.0,10696914822.0,4653073232.0,1918439214.0,1831293867.0,2087054147.0,2094326857.0,918882666.0,6908415.0,7445887.0,7849497.0,7837673.0,3590420.0,6908774.0,7412842.0,7931437.0,7835065.0,3587074.0,2771.0,2569.0,3079.0,3100.0,2639.0,4558182.0,10574784.0,5313337.0,4889715.0,5550386.0,2891706565.0,2788728286.0,2891879051.0,2891886482.0,1415097445.0,4824014.0,10995888.0,5698013.0,7450882.0,5794472.0,2998211411.0,2807672596.0,3205781153.0,3235638035.0,1446153281.0,1338.0,6489.0,2150.0,2151.0,1578.0,1705869.0,4551200.0,1644276.0,1547145.0,2227256.0,2842025.0,5895688.0,3743630.0,3334809.0,3236198.0
34,2113.0529388137,1145.0081949896,15000.0,9922885909.0,9620601663.0,10361132497.0,10692563105.0,4950150513.0,1930925185.0,1884483634.0,2053335637.0,2108216982.0,975407829.0,7060740.0,7630512.0,7933864.0,7889025.0,3744366.0,7060989.0,7633801.0,7849709.0,7891751.0,3732845.0,2384.0,3547.0,2621.0,2748.0,2163.0,4538482.0,10549260.0,5348663.0,4876083.0,5556107.0,2891774511.0,2891652238.0,2891711230.0,2891675177.0,1475059437.0,4840102.0,11071245.0,5754226.0,7517861.0,5951911.0,3043969581.0,2951590871.0,3256666394.0,3285480756.0,1503676786.0,2488.0,1816.0,2191.0,2713.0,2206.0,1699175.0,4533147.0,1658041.0,1542037.0,2217727.0,2839147.0,5881129.0,3824855.0,3321658.0,3283880.0
35,2112.9926934627,1189.9286469952,13.12,9911051753.0,9613302344.0,10510137469.0,10682074999.0,4796681476.0,1928814602.0,1870631576.0,2073460457.0,2105886667.0,947221430.0,6877101.0,7621253.0,7845579.0,7835109.0,3684321.0,6874904.0,7621443.0,8000027.0,7831768.0,3674310.0,2621.0,2406.0,2666.0,2406.0,2611.0,4540848.0,10588926.0,5510579.0,4868700.0,5556991.0,2891652464.0,2891840372.0,2891799004.0,2891485568.0,1436322981.0,4771595.0,10986543.0,5559063.0,7238113.0,5671340.0,3019737190.0,2918679242.0,3235954877.0,3261147798.0,1485541437.0,2528.0,2431.0,1514.0,2333.0,1926.0,1705745.0,4572302.0,1616894.0,1546180.0,2337392.0,2846126.0,6005976.0,3636961.0,3342758.0,3340188.0
36,2113.0737949487,1164.9655504633,13.191,9695553491.0,9511340405.0,10245265262.0,10453737688.0,4951748817.0,1898479907.0,1883322047.0,2035639247.0,2074162225.0,971113694.0,7501750.0,7929697.0,8284859.0,7842386.0,3993139.0,7598921.0,7637783.0,8343698.0,8020241.0,3970088.0,2151.0,2095.0,3040.0,2290.0,2275.0,4508398.0,10412508.0,5280139.0,4835630.0,5728525.0,2891790568.0,2891867624.0,2891844650.0,2891829173.0,1496200690.0,4834223.0,11036246.0,5783085.0,7243385.0,6122878.0,3042226516.0,2947911840.0,3256234235.0,3283370878.0,1550551146.0,1684.0,1625.0,1713.0,1397.0,2330.0,1713289.0,4604067.0,1650194.0,1563448.0,2214104.0,2888202.0,5989446.0,3931591.0,3386396.0,3350046.0
37,2113.15129847,1174.5237326434,9.843,9807634565.0,9680976045.0,10429192590.0,10574451271.0,9770937969.0,1915872867.0,1909522684.0,2061414582.0,2093365690.0,1928712882.0,6927722.0,7672242.0,7824151.0,7894798.0,7521732.0,6935340.0,7670142.0,7826172.0,7903321.0,7518757.0,3301.0,6312.0,3573.0,4141.0,3055.0,4678337.0,10408902.0,6185240.0,5022091.0,9246704.0,2891711425.0,2891634086.0,2891769468.0,2891582911.0,2891084569.0,4901445.0,10846545.0,6612942.0,7054863.0,9496908.0,3018924432.0,2929271235.0,3214460869.0,3255169312.0,2999981609.0,3059.0,5548.0,3789.0,4550.0,2085.0,1707510.0,4678176.0,1634990.0,1575495.0,3584401.0,2990415.0,5870519.0,4645768.0,3484514.0,5440755.0
38,2112.9454514832,2110.0207533207,14.919,9670095475.0,9581815168.0,10266505135.0,10393777305.0,9671101943.0,1893153781.0,1897581211.0,2034512076.0,2062776389.0,1916862138.0,6885146.0,7638559.0,7746394.0,7814185.0,7681816.0,6890939.0,7640022.0,7746911.0,7816254.0,7680392.0,4481.0,8767.0,5010.0,5949.0,3261.0,4423087.0,9612864.0,5926898.0,4768031.0,8677257.0,2891437220.0,2891608989.0,2891565772.0,2891333700.0,2891377464.0,4670564.0,10206245.0,6301958.0,6566906.0,8998064.0,3009291829.0,2942877138.0,3199694186.0,3240522578.0,3015129858.0,2820.0,7619.0,3188.0,4103.0,1513.0,1627747.0,4490909.0,1624634.0,1537241.0,3461393.0,2909937.0,5515213.0,4474675.0,3366950.0,5310696.0
39,2113.1279101411,2111.412326738,9.155,9708259176.0,9313887767.0,10323314399.0,10465963305.0,9739734339.0,1901207012.0,1851985656.0,2045890145.0,2076367046.0,1925979719.0,6863127.0,7785474.0,7759372.0,7843679.0,7531423.0,6864023.0,7646123.0,7760852.0,7845016.0,7533149.0,3351.0,2436.0,3718.0,2597.0,2551.0,4770183.0,10706117.0,6476090.0,5117254.0,9573953.0,2891824222.0,2891832110.0,2891859333.0,2891731108.0,2891844378.0,4980035.0,11165173.0,6761152.0,6890598.0,9855565.0,3046518368.0,2933404081.0,3243913614.0,3286284607.0,3020833357.0,1738.0,1610.0,1663.0,1963.0,1288.0,1716928.0,4657716.0,1705467.0,1573892.0,3814434.0,2971834.0,5960514.0,4636912.0,3464520.0,5671548.0
40,2112.769048229,2110.7978588493,7.319,9829292176.0,9510786111.0,10454689988.0,10596452906.0,9363347450.0,1918085466.0,1882613973.0,2063469553.0,2095015459.0,1834961627.0,6946538.0,7661385.0,7952627.0,7903597.0,7204766.0,6946972.0,7660918.0,7952210.0,7901200.0,7204464.0,2091.0,2485.0,2636.0,2081.0,2306.0,4764232.0,10647561.0,6499186.0,5111701.0,9684721.0,2891832453.0,2891686304.0,2891967209.0,2891822357.0,2791151623.0,5047587.0,11201678.0,6780746.0,6939421.0,9807703.0,3026728776.0,2926024183.0,3240806162.0,3263591218.0,2979449974.0,1792.0,2431.0,1737.0,1653.0,987.0,1700513.0,4572846.0,1729797.0,1558412.0,3811528.0,2935649.0,6030055.0,4583581.0,3422517.0,5720067.0
41,2113.0224667809,2111.0284869126,9.376,9717275773.0,9401668586.0,10566434967.0,10459421246.0,9854987090.0,1901925398.0,1866639810.0,2046676208.0,2075011161.0,1908076681.0,7089540.0,7613556.0,7957479.0,7826499.0,7460064.0,7090682.0,7613400.0,7958208.0,7824655.0,7460021.0,3062.0,2467.0,3057.0,2517.0,2501.0,4741432.0,10603839.0,6489357.0,5098067.0,9652605.0,2891763463.0,2891542152.0,2891909647.0,2891722926.0,2880400931.0,5000412.0,11228218.0,6737076.0,6631912.0,9807160.0,3045156813.0,2933419682.0,3221324043.0,3282852523.0,2914709584.0,1938.0,1488.0,2051.0,2050.0,1493.0,1739116.0,4623438.0,1739601.0,1588603.0,3822451.0,2959140.0,6004057.0,4684763.0,3460772.0,5696448.0
42,2113.0010309359,2110.2254770776,8.64,9823458839.0,9503597597.0,10566786144.0,10584826075.0,9845911095.0,1917960537.0,1882147212.0,2062925906.0,2093695973.0,1924919664.0,6948535.0,7805761.0,7814773.0,7898944.0,7515565.0,6950692.0,7837853.0,7815294.0,7899222.0,7516098.0,2326.0,3087.0,2671.0,2291.0,1961.0,4770901.0,10747598.0,6528469.0,5136256.0,9739821.0,2891638847.0,2891589298.0,2891486633.0,2891642030.0,2891756985.0,5056437.0,11267307.0,6857660.0,6714271.0,9825994.0,3045530261.0,2929488976.0,3241879613.0,3286685248.0,3002475020.0,1288.0,1713.0,2333.0,1438.0,4144.0,1755919.0,4587499.0,1738401.0,1603843.0,3819034.0,2935779.0,5873598.0,4722277.0,3421295.0,5860793.0
43,2112.9661362798,2110.525265589,9.603,9833511364.0,9406280544.0,10473951333.0,10596258942.0,9847223203.0,1902158990.0,1868765287.0,2051488886.0,2077317375.0,1939278687.0,6874111.0,7799846.0,7894048.0,7844533.0,7464423.0,6874846.0,7796229.0,7935411.0,7843259.0,7462052.0,2851.0,2219.0,3086.0,2331.0,3290.0,4788511.0,10677968.0,6503029.0,5148770.0,9534031.0,2891868599.0,2891735800.0,2891825187.0,2891559623.0,2891878208.0,4988700.0,11161350.0,6747043.0,6655534.0,9781998.0,3023283842.0,2926014926.0,3219434610.0,3261860371.0,2994083290.0,1251.0,1348.0,2862.0,1487.0,1716.0,1767496.0,4668553.0,1742729.0,1611939.0,3845531.0,2962093.0,5943182.0,4762858.0,3463654.0,5817151.0
44,2113.2815088626,2111.4558045504,15.76,9934247696.0,9363687851.0,10559471665.0,10694218988.0,9844744674.0,1899352803.0,1860696527.0,2078355563.0,2071524724.0,1938998663.0,7017724.0,7595058.0,7750355.0,8032575.0,7509592.0,7020301.0,7595207.0,7751183.0,8033111.0,7514648.0,2906.0,2612.0,2923.0,2845.0,2348.0,4832405.0,10752834.0,6469373.0,5193141.0,9639434.0,2891890977.0,2891950208.0,2891792687.0,2891951920.0,2891708982.0,5039224.0,11220253.0,6805178.0,6979700.0,9889567.0,3045827151.0,2944671145.0,3242188799.0,3285956541.0,3019702076.0,2085.0,1350.0,1763.0,2311.0,2225.0,1759429.0,4621927.0,1744273.0,1604423.0,3842139.0,2923410.0,5843925.0,4736348.0,3410513.0,5847381.0
45,2113.240035634,2110.9995602102,7.811,9930968211.0,9520284686.0,9920848594.0,10707000576.0,9825639061.0,1919028049.0,1882353586.0,1953952209.0,2096132925.0,1936318916.0,6937857.0,7662788.0,7514673.0,8126403.0,7509008.0,6937512.0,7663434.0,7513694.0,8128232.0,7461217.0,2996.0,2591.0,2871.0,2226.0,2276.0,4819211.0,10710433.0,6447037.0,5175437.0,9580049.0,2891624027.0,2891570475.0,2721596162.0,2891669565.0,2891756568.0,5011509.0,11141223.0,6726573.0,7031849.0,9812600.0,3026977710.0,2946415526.0,3025557293.0,3264748879.0,3002823692.0,2362.0,1209.0,2209.0,2459.0,2264.0,1763518.0,4714286.0,1729402.0,1609052.0,3816126.0,2985338.0,5787829.0,4730673.0,3483672.0,5855052.0
