bridge,1,1,3,0,0,0,0,0,0,0,0,W,0,0,0,0,0,0,0,0
bridge,1,1,3,18586,13760,18586,13760,13760,0,0,0,W,0,325041,0,325041,0,0,0,0
bridge,1,1,3,214039,218865,232625,232625,232625,0,0,0,W,0,0,0,325041,0,0,0,0
bridge,1,1,3,363764,363764,596389,596389,596389,0,0,0,W,0,0,0,325041,0,0,0,0
bridge,1,1,3,813728,813728,1410137,1410137,1410137,0,0,0,W,0,0,0,325041,0,0,0,0
bridge,1,1,3,813924,813924,2224084,2224084,2224084,0,0,0,W,0,0,0,325041,0,0,0,0
bridge,1,1,3,814090,814092,3038219,3038219,3038219,0,0,0,W,0,0,0,325041,0,0,0,0
bridge,1,1,3,814078,814078,3852317,3852317,3852317,0,0,0,W,0,0,0,325041,0,0,0,0
bridge,1,1,3,814023,814023,4666363,4666363,4666363,0,0,0,W,0,0,0,325041,0,0,0,0
bridge,1,1,3,814073,814074,5480445,5480445,5480445,0,0,0,W,0,0,0,325041,0,0,0,0
bridge,1,1,3,814217,814216,6294686,6294685,6294685,0,0,0,W,0,0,0,325041,0,0,0,0
bridge,1,1,3,805416,805416,7100121,7100121,7100121,0,0,0,W,0,0,0,325041,0,0,0,0
bridge,1,1,3,814058,814058,7914199,7914199,7914199,0,0,0,W,0,0,0,325041,0,0,0,0
bridge,1,1,3,813902,813902,8728113,8728113,8728113,0,0,0,W,0,0,0,325041,0,0,0,0
bridge,1,1,3,814259,814258,9542396,9542395,9542396,0,0,0,W,0,0,0,325041,0,0,0,0
bridge,1,1,3,813936,813935,10356346,10356345,10356345,0,0,0,W,0,0,0,325041,0,0,0,0
bridge,1,1,3,813990,813990,11170347,11170347,11170347,0,0,0,W,0,0,0,325041,0,0,0,0
bridge,1,1,3,814125,814125,11984481,11984481,11984481,0,0,0,W,0,0,0,325041,0,0,0,0
bridge,1,1,3,814136,814136,12798629,12798629,12798629,0,0,0,W,0,0,0,325041,0,0,0,0
bridge,1,1,3,814083,814083,13612715,13612715,13612715,0,0,0,W,0,0,0,325041,0,0,0,0
bridge,1,1,3,814115,814116,14426851,14426851,14426851,0,0,0,W,0,0,0,325041,0,0,0,0
bridge,1,1,3,809726,809726,15236589,15236589,15236589,0,0,0,W,0,0,0,325041,0,0,0,0
bridge,1,1,3,812241,812239,16048858,16048856,16048856,0,0,0,W,0,0,0,325041,0,0,0,0
bridge,1,1,3,814104,814104,16862972,16862972,16862972,0,0,0,W,0,0,0,325041,0,0,0,0
bridge,1,1,3,814026,814024,17677015,17677013,17677013,0,0,0,W,0,0,0,325041,0,0,0,0
bridge,1,1,3,814008,814008,18491034,18491034,18491034,0,0,0,W,0,0,0,325041,0,0,0,0
bridge,1,1,3,814294,814294,19305341,19305341,19305341,0,0,0,W,0,0,0,325041,0,0,0,0
bridge,1,1,3,814335,814335,20119684,20119684,20119684,0,0,0,W,0,0,0,325041,0,0,0,0
bridge,1,1,3,814275,814272,20933972,20933969,20933969,0,0,0,W,0,0,0,325041,0,0,0,0
bridge,1,1,3,814013,814011,21747998,21747996,21747996,0,0,0,W,0,0,0,325041,0,0,0,0
bridge,1,1,3,812181,812181,22560192,22560192,22560192,0,0,0,W,0,0,0,325041,0,0,0,0
bridge,1,1,3,814353,814354,23374555,23374555,23374555,0,0,0,W,0,0,0,325041,0,0,0,0
bridge,1,1,3,803792,803792,24178357,24178357,24178357,0,0,0,W,0,0,0,325041,0,0,0,0
bridge,1,1,3,814052,814052,24992431,24992431,24992431,0,0,0,W,0,0,0,325041,0,0,0,0
bridge,1,1,3,814188,814186,25806629,25806627,25806627,0,0,0,W,0,0,0,325041,0,0,0,0
bridge,1,1,3,814291,814289,26620933,26620931,26620931,0,0,0,W,0,0,0,325041,0,0,0,0
bridge,1,1,3,814124,814125,27435077,27435076,27435076,0,0,0,W,0,0,0,325041,0,0,0,0
bridge,1,1,3,814200,814200,28249285,28249285,28249285,0,0,0,W,0,0,0,325041,0,0,0,0
bridge,1,1,3,814206,814206,29063502,29063502,29063502,0,0,0,W,0,0,0,325041,0,0,0,0
bridge,1,1,3,814104,814104,29877618,29877618,29877618,0,0,0,W,0,0,0,325041,0,0,0,0
bridge,1,1,3,814007,814008,30691633,30691633,30691633,0,0,0,W,0,0,0,325041,0,0,0,0
bridge,1,1,3,814278,814278,31505918,31505918,31505918,0,0,0,W,0,0,0,325041,0,0,0,0
bridge,1,1,3,807068,807066,32312997,32312995,32312997,0,0,0,W,0,0,0,325041,0,0,0,0
bridge,1,1,3,813886,813886,33126909,33126909,33126909,0,0,0,W,0,0,0,325041,0,0,0,0
bridge,1,1,3,814182,814182,33941101,33941101,33941101,0,0,0,W,0,0,0,325041,0,0,0,0
bridge,1,1,3,814280,814281,34755399,34755399,34755399,0,0,0,W,0,0,0,325041,0,0,0,0
bridge,1,1,3,814134,814136,35569543,35569543,35569543,0,0,0,W,0,0,0,325041,0,0,0,0
bridge,1,1,3,814155,814151,36383709,36383705,36383709,0,0,0,W,0,0,0,325041,0,0,0,0
bridge,1,1,3,814049,814049,37197775,37197774,37197774,0,0,0,W,0,0,0,325041,0,0,0,0
bridge,1,1,3,814169,814169,38011952,38011952,38011952,0,0,0,W,0,0,0,325041,0,0,0,0
bridge,1,1,3,814204,814204,38826164,38826164,38826164,0,0,0,W,0,0,0,325041,0,0,0,0
bridge,1,1,3,814263,814265,39640644,39640644,39640644,0,0,0,W,0,0,0,325041,0,0,0,0
bridge,1,1,3,803905,803903,40444557,40444555,40444555,0,0,0,W,0,0,0,325041,0,0,0,0
bridge,1,1,3,814155,814155,41258734,41258734,41258734,0,0,0,W,0,0,0,325041,0,0,0,0
bridge,1,1,3,814209,814205,42072953,42072949,42072953,0,0,0,W,0,0,0,325041,0,0,0,0
bridge,1,1,3,814248,814248,42887216,42887216,42887216,0,0,0,W,0,0,0,325041,0,0,0,0
bridge,1,1,3,814055,814055,43701284,43701284,43701284,0,0,0,W,0,0,0,325041,0,0,0,0
bridge,1,1,3,814063,814064,44515361,44515361,44515361,0,0,0,W,0,0,0,325041,0,0,0,0
bridge,1,1,3,814318,814318,45329693,45329692,45329692,0,0,0,W,0,0,0,325041,0,0,0,0
bridge,1,1,3,814120,814120,46143822,46143822,46143822,0,0,0,W,0,0,0,325041,0,0,0,0
bridge,1,1,3,814325,814325,46958151,46958151,46958151,0,0,0,W,0,0,0,325041,0,0,0,0
bridge,1,1,3,814315,814315,47772483,47772483,47772483,0,0,0,W,0,0,0,325041,0,0,0,0
bridge,1,1,3,800431,800431,48572929,48572929,48572929,0,0,0,W,0,0,0,325041,0,0,0,0
bridge,1,1,3,812905,812905,49385878,49385878,49385878,0,0,0,W,0,0,0,325041,0,0,0,0
bridge,1,1,3,814197,814197,50200084,50200084,50200084,0,0,0,W,0,0,0,325041,0,0,0,0
bridge,1,1,3,814343,814343,51014436,51014436,51014436,0,0,0,W,0,0,0,325041,0,0,0,0
bridge,1,1,3,813786,813786,51828237,51828237,51828237,0,0,0,W,0,0,0,325041,0,0,0,0
bridge,1,1,3,814312,814312,52642557,52642557,52642557,0,0,0,W,0,0,0,325041,0,0,0,0
bridge,1,1,3,814119,814119,53456683,53456683,53456683,0,0,0,W,0,0,0,325041,0,0,0,0
bridge,1,1,3,814277,814277,54270964,54270964,54270964,0,0,0,W,0,0,0,325041,0,0,0,0
bridge,1,1,3,814307,814307,55085285,55085285,55085285,0,0,0,W,0,0,0,325041,0,0,0,0
bridge,1,1,3,812851,812853,55898153,55898153,55898153,0,0,0,W,0,0,0,325041,0,0,0,0
bridge,1,1,3,814009,814010,56712181,56712181,56712181,0,0,0,W,0,0,0,325041,0,0,0,0
bridge,1,1,3,800676,800676,57512867,57512867,57512867,0,0,0,W,0,0,0,325041,0,0,0,0
bridge,1,1,3,814044,814046,58326939,58326939,58326939,0,0,0,W,0,0,0,325041,0,0,0,0
bridge,1,1,3,814123,814123,59141078,59141078,59141078,0,0,0,W,0,0,0,325041,0,0,0,0
bridge,1,1,3,814077,814078,59955164,59955164,59955164,0,0,0,W,0,0,0,325041,0,0,0,0
bridge,1,1,3,814144,814145,60769320,60769320,60769320,0,0,0,W,0,0,0,325041,0,0,0,0
bridge,1,1,3,814073,814073,61583409,61583409,61583409,0,0,0,W,0,0,0,325041,0,0,0,0
bridge,1,1,3,814156,814156,62397579,62397579,62397579,0,0,0,W,0,0,0,325041,0,0,0,0
bridge,1,1,3,814132,814132,63211728,63211728,63211728,0,0,0,W,0,0,0,325041,0,0,0,0
bridge,1,1,3,814200,814201,64025945,64025945,64025945,0,0,0,W,0,0,0,325041,0,0,0,0
bridge,1,1,3,814237,814237,64840193,64840193,64840193,0,0,0,W,0,0,0,325041,0,0,0,0
bridge,1,1,3,805036,805036,65645237,65645237,65645237,0,0,0,W,0,0,0,325041,0,0,0,0
bridge,1,1,3,814327,814327,66459588,66459588,66459588,0,0,0,W,0,0,0,325041,0,0,0,0
bridge,1,1,3,814050,814050,67273645,67273645,67273645,0,0,0,W,0,0,0,325041,0,0,0,0
bridge,1,1,3,807889,807891,68081545,68081545,68081545,0,0,0,W,0,0,0,325041,0,0,0,0
bridge,1,1,3,814382,814382,68895937,68895937,68895937,0,0,0,W,0,0,0,325041,0,0,0,0
bridge,1,1,3,814095,814097,69710049,69710049,69710049,0,0,0,W,0,0,0,325041,0,0,0,0
bridge,1,1,3,814259,814259,70524318,70524318,70524318,0,0,0,W,0,0,0,325041,0,0,0,0
bridge,1,1,3,814341,814341,71338667,71338667,71338667,0,0,0,W,0,0,0,325041,0,0,0,0
bridge,1,1,3,814109,814109,72152786,72152786,72152786,0,0,0,W,0,0,0,325041,0,0,0,0
bridge,1,1,3,814131,814131,72966930,72966930,72966930,0,0,0,W,0,0,0,325041,0,0,0,0
bridge,1,1,3,801047,801048,73767988,73767988,73767988,0,0,0,W,0,0,0,325041,0,0,0,0
bridge,1,1,3,814139,814139,74582152,74582152,74582152,0,0,0,W,0,0,0,325041,0,0,0,0
bridge,1,1,3,814093,814093,75396250,75396250,75396250,0,0,0,W,0,0,0,325041,0,0,0,0
bridge,1,1,3,813998,813999,76210254,76210254,76210254,0,0,0,W,0,0,0,325041,0,0,0,0
bridge,1,1,3,814135,814132,77024404,77024401,77024404,0,0,0,W,0,0,0,325041,0,0,0,0
bridge,1,1,3,814207,814207,77838616,77838616,77838616,0,0,0,W,0,0,0,325041,0,0,0,0
bridge,1,1,3,814104,814104,78652735,78652735,78652735,0,0,0,W,0,0,0,325041,0,0,0,0
bridge,1,1,3,814181,814183,79467082,79467082,79467082,0,0,0,W,0,0,0,325041,0,0,0,0
bridge,1,1,3,814174,814178,80281269,80281269,80281269,0,0,0,W,0,0,0,325041,0,0,0,0
bridge,1,1,3,813915,813914,81095189,81095188,81095188,0,0,0,W,0,0,0,325041,0,0,0,0
bridge,1,1,3,803701,803701,81898897,81898897,81898897,0,0,0,W,0,0,0,325041,0,0,0,0
bridge,1,1,3,813720,813720,82712645,82712645,82712645,0,0,0,W,0,0,0,325041,0,0,0,0
bridge,1,1,3,814236,814235,83526893,83526890,83526890,0,0,0,W,0,0,0,325041,0,0,0,0
bridge,1,1,3,814143,814142,84341049,84341048,84341048,0,0,0,W,0,0,0,325041,0,0,0,0
bridge,1,1,3,813865,813866,85154926,85154926,85154926,0,0,0,W,0,0,0,325041,0,0,0,0
bridge,1,1,3,814171,814171,85969101,85969101,85969101,0,0,0,W,0,0,0,325041,0,0,0,0
bridge,1,1,3,814175,814178,86783284,86783283,86783283,0,0,0,W,0,0,0,325041,0,0,0,0
bridge,1,1,3,813998,813997,87597293,87597292,87597292,0,0,0,W,0,0,0,325041,0,0,0,0
bridge,1,1,3,814266,814266,88411566,88411566,88411566,0,0,0,W,0,0,0,325041,0,0,0,0
bridge,1,1,3,813932,813932,89225505,89225505,89225505,0,0,0,W,0,0,0,325041,0,0,0,0
bridge,1,1,3,814343,814344,90039868,90039868,90039868,0,0,0,W,0,0,0,325041,0,0,0,0
bridge,1,1,3,784906,784906,90824789,90824789,90824789,0,0,0,W,0,0,0,325041,0,0,0,0
bridge,1,1,3,814158,814157,91638969,91638968,91638968,0,0,0,W,0,0,0,325041,0,0,0,0
bridge,1,1,3,814144,814144,92453121,92453121,92453121,0,0,0,W,0,0,0,325041,0,0,0,0
bridge,1,1,3,813945,813945,93267073,93267073,93267073,0,0,0,W,0,0,0,325041,0,0,0,0
bridge,1,1,3,814234,814232,94081319,94081317,94081317,0,0,0,W,0,0,0,325041,0,0,0,0
bridge,1,1,3,814339,814338,94895667,94895666,94895667,0,0,0,W,0,0,0,325041,0,0,0,0
bridge,1,1,3,814083,814084,95709759,95709759,95709759,0,0,0,W,0,0,0,325041,0,0,0,0
bridge,1,1,3,814179,814179,96523947,96523947,96523947,0,0,0,W,0,0,0,325041,0,0,0,0
bridge,1,1,3,814178,814178,97338157,97338157,97338157,0,0,0,W,0,0,0,325041,0,0,0,0
bridge,1,1,3,811808,811808,98149980,98149979,98149980,0,0,0,W,0,0,0,325041,0,0,0,0
bridge,1,1,3,803344,803344,98953329,98953329,98953329,0,0,0,W,0,0,0,325041,0,0,0,0
bridge,1,1,3,814107,814107,99767464,99767464,99767464,0,0,0,W,0,0,0,325041,0,0,0,0
bridge,1,1,3,814181,814182,100581661,100581661,100581661,0,0,0,W,0,0,0,325041,0,0,0,0
bridge,1,1,3,813997,813996,101395680,101395679,101395679,0,0,0,W,0,0,0,325041,0,0,0,0
bridge,1,1,3,814181,814181,102209869,102209869,102209869,0,0,0,W,0,0,0,325041,0,0,0,0
bridge,1,1,3,814353,814353,103024241,103024241,103024241,0,0,0,W,0,0,0,325041,0,0,0,0
bridge,1,1,3,814191,814191,103838449,103838449,103838449,0,0,0,W,0,0,0,325041,0,0,0,0
bridge,1,1,3,814233,814233,104652697,104652697,104652697,0,0,0,W,0,0,0,325041,0,0,0,0
bridge,1,1,3,814312,814312,105467025,105467025,105467025,0,0,0,W,0,0,0,325041,0,0,0,0
bridge,1,1,3,814137,814140,106281177,106281177,106281177,0,0,0,W,0,0,0,325041,0,0,0,0
bridge,1,1,3,801957,801958,107083149,107083149,107083149,0,0,0,W,0,0,0,325041,0,0,0,0
bridge,1,1,3,814112,814111,107897287,107897286,107897287,0,0,0,W,0,0,0,325041,0,0,0,0
bridge,1,1,3,814200,814201,108711498,108711498,108711498,0,0,0,W,0,0,0,325041,0,0,0,0
bridge,1,1,3,814079,814078,109525582,109525581,109525582,0,0,0,W,0,0,0,325041,0,0,0,0
bridge,1,1,3,813388,813389,110338983,110338983,110338983,0,0,0,W,0,0,0,325041,0,0,0,0
bridge,1,1,3,814269,814269,111153266,111153266,111153266,0,0,0,W,0,0,0,325041,0,0,0,0
bridge,1,1,3,814209,814209,111967481,111967481,111967481,0,0,0,W,0,0,0,325041,0,0,0,0
bridge,1,1,3,814124,814124,112781617,112781617,112781617,0,0,0,W,0,0,0,325041,0,0,0,0
bridge,1,1,3,814099,814099,113595733,113595733,113595733,0,0,0,W,0,0,0,325041,0,0,0,0
bridge,1,1,3,814325,814323,114410070,114410068,114410068,0,0,0,W,0,0,0,325041,0,0,0,0
bridge,1,1,3,786632,786632,115196721,115196721,115196721,0,0,0,W,0,0,0,325041,0,0,0,0
bridge,1,1,3,809528,809526,116006271,116006269,116006269,0,0,0,W,0,0,0,325041,0,0,0,0
bridge,1,1,3,814140,814140,116820429,116820429,116820429,0,0,0,W,0,0,0,325041,0,0,0,0
bridge,1,1,3,814136,814136,117634583,117634583,117634583,0,0,0,W,0,0,0,325041,0,0,0,0
bridge,1,1,3,814062,814062,118448657,118448657,118448657,0,0,0,W,0,0,0,325041,0,0,0,0
bridge,1,1,3,814203,814203,119263004,119263004,119263004,0,0,0,W,0,0,0,325041,0,0,0,0
bridge,1,1,3,814363,814365,120077379,120077379,120077379,0,0,0,W,0,0,0,325041,0,0,0,0
bridge,1,1,3,814193,814194,120891593,120891593,120891593,0,0,0,W,0,0,0,325041,0,0,0,0
bridge,1,1,3,814094,814095,121705699,121705699,121705699,0,0,0,W,0,0,0,325041,0,0,0,0
bridge,1,1,3,814238,814238,122519956,122519956,122519956,0,0,0,W,0,0,0,325041,0,0,0,0
bridge,1,1,3,814150,814151,123334120,123334119,123334119,0,0,0,W,0,0,0,325041,0,0,0,0
bridge,1,1,3,795631,795630,124129761,124129759,124129759,0,0,0,W,0,0,0,325041,0,0,0,0
bridge,1,1,3,814307,814307,124944092,124944092,124944092,0,0,0,W,0,0,0,325041,0,0,0,0
bridge,1,1,3,814170,814170,125758266,125758266,125758266,0,0,0,W,0,0,0,325041,0,0,0,0
bridge,1,1,3,814028,814029,126572313,126572313,126572313,0,0,0,W,0,0,0,325041,0,0,0,0
bridge,1,1,3,814068,814068,127386392,127386392,127386392,0,0,0,W,0,0,0,325041,0,0,0,0
bridge,1,1,3,814069,814071,128200470,128200470,128200470,0,0,0,W,0,0,0,325041,0,0,0,0
bridge,1,1,3,814162,814162,129014637,129014637,129014637,0,0,0,W,0,0,0,325041,0,0,0,0
bridge,1,1,3,814066,814066,129828721,129828721,129828721,0,0,0,W,0,0,0,325041,0,0,0,0
bridge,1,1,3,814087,814085,130642824,130642822,130642822,0,0,0,W,0,0,0,325041,0,0,0,0
bridge,1,1,3,814165,814166,131456996,131456996,131456996,0,0,0,W,0,0,0,325041,0,0,0,0
bridge,1,1,3,803771,803771,132260777,132260777,132260777,0,0,0,W,0,0,0,325041,0,0,0,0
bridge,1,1,3,814151,814153,133074950,133074950,133074950,0,0,0,W,0,0,0,325041,0,0,0,0
bridge,1,1,3,813900,813900,133888857,133888857,133888857,0,0,0,W,0,0,0,325041,0,0,0,0
bridge,1,1,3,814208,814208,134703077,134703077,134703077,0,0,0,W,0,0,0,325041,0,0,0,0
bridge,1,1,3,814294,814294,135517385,135517385,135517385,0,0,0,W,0,0,0,325041,0,0,0,0
bridge,1,1,3,814136,814137,136331536,136331536,136331536,0,0,0,W,0,0,0,325041,0,0,0,0
bridge,1,1,3,814058,814058,137145607,137145607,137145607,0,0,0,W,0,0,0,325041,0,0,0,0
bridge,1,1,3,814256,814256,137959871,137959871,137959871,0,0,0,W,0,0,0,325041,0,0,0,0
bridge,1,1,3,814082,814082,138773969,138773969,138773969,0,0,0,W,0,0,0,325041,0,0,0,0
bridge,1,1,3,814086,814086,139588067,139588067,139588067,0,0,0,W,0,0,0,325041,0,0,0,0
bridge,1,1,3,799546,799546,140387623,140387623,140387623,0,0,0,W,0,0,0,325041,0,0,0,0
bridge,1,1,3,814035,814035,141201676,141201676,141201676,0,0,0,W,0,0,0,325041,0,0,0,0
bridge,1,1,3,814213,814213,142015896,142015896,142015896,0,0,0,W,0,0,0,325041,0,0,0,0
bridge,1,1,3,814088,814088,142830001,142830001,142830001,0,0,0,W,0,0,0,325041,0,0,0,0
bridge,1,1,3,814218,814218,143644226,143644226,143644226,0,0,0,W,0,0,0,325041,0,0,0,0
bridge,1,1,3,814069,814069,144458301,144458301,144458301,0,0,0,W,0,0,0,325041,0,0,0,0
bridge,1,1,3,814138,814136,145272458,145272456,145272456,0,0,0,W,0,0,0,325041,0,0,0,0
bridge,1,1,3,813965,813965,146086433,146086433,146086433,0,0,0,W,0,0,0,325041,0,0,0,0
bridge,1,1,3,814211,814211,146900656,146900656,146900656,0,0,0,W,0,0,0,325041,0,0,0,0
bridge,1,1,3,813794,813794,147714457,147714457,147714457,0,0,0,W,0,0,0,325041,0,0,0,0
bridge,1,1,3,799627,799628,148514097,148514097,148514097,0,0,0,W,0,0,0,325041,0,0,0,0
bridge,1,1,3,813260,813260,149327381,149327381,149327381,0,0,0,W,0,0,0,325041,0,0,0,0
bridge,1,1,3,814085,814087,150141476,150141476,150141476,0,0,0,W,0,0,0,325041,0,0,0,0
bridge,1,1,3,814104,814104,150955601,150955601,150955601,0,0,0,W,0,0,0,325041,0,0,0,0
bridge,1,1,3,814048,814047,151769661,151769660,151769661,0,0,0,W,0,0,0,325041,0,0,0,0
bridge,1,1,3,814178,814178,152583849,152583849,152583849,0,0,0,W,0,0,0,325041,0,0,0,0
bridge,1,1,3,814362,814362,153398219,153398219,153398219,0,0,0,W,0,0,0,325041,0,0,0,0
bridge,1,1,3,814031,814030,154212267,154212265,154212265,0,0,0,W,0,0,0,325041,0,0,0,0
bridge,1,1,3,814113,814114,155026392,155026392,155026392,0,0,0,W,0,0,0,325041,0,0,0,0
bridge,1,1,3,814350,814350,155840750,155840749,155840749,0,0,0,W,0,0,0,325041,0,0,0,0
bridge,1,1,3,814186,814186,156654945,156654945,156654945,0,0,0,W,0,0,0,325041,0,0,0,0
bridge,1,1,3,805524,805524,157460665,157460665,157460665,0,0,0,W,0,0,0,325041,0,0,0,0
bridge,1,1,3,814006,814008,158274689,158274689,158274689,0,0,0,W,0,0,0,325041,0,0,0,0
bridge,1,1,3,813898,813898,159088603,159088603,159088603,0,0,0,W,0,0,0,325041,0,0,0,0
bridge,1,1,3,814183,814183,159902800,159902800,159902800,0,0,0,W,0,0,0,325041,0,0,0,0
bridge,1,1,3,814004,814004,160716815,160716815,160716815,0,0,0,W,0,0,0,325041,0,0,0,0
bridge,1,1,3,814252,814252,161531073,161531073,161531073,0,0,0,W,0,0,0,325041,0,0,0,0
bridge,1,1,3,814240,814239,162345329,162345328,162345328,0,0,0,W,0,0,0,325041,0,0,0,0
bridge,1,1,3,814189,814188,163159524,163159523,163159523,0,0,0,W,0,0,0,325041,0,0,0,0
bridge,1,1,3,814272,814269,163973808,163973805,163973805,0,0,0,W,0,0,0,325041,0,0,0,0
bridge,1,1,3,814163,814165,164787984,164787984,164787984,0,0,0,W,0,0,0,325041,0,0,0,0
bridge,1,1,3,783531,783531,165571525,165571525,165571525,0,0,0,W,0,0,0,325041,0,0,0,0
bridge,1,1,3,814132,814132,166385675,166385675,166385675,0,0,0,W,0,0,0,325041,0,0,0,0
bridge,1,1,3,814115,814115,167199803,167199803,167199803,0,0,0,W,0,0,0,325041,0,0,0,0
bridge,1,1,3,813482,813483,168013293,168013293,168013293,0,0,0,W,0,0,0,325041,0,0,0,0
bridge,1,1,3,814196,814198,168827507,168827507,168827507,0,0,0,W,0,0,0,325041,0,0,0,0
bridge,1,1,3,814132,814132,169641649,169641649,169641649,0,0,0,W,0,0,0,325041,0,0,0,0
bridge,1,1,3,814057,814057,170455721,170455721,170455721,0,0,0,W,0,0,0,325041,0,0,0,0
bridge,1,1,3,814141,814141,171269873,171269873,171269873,0,0,0,W,0,0,0,325041,0,0,0,0
bridge,1,1,3,814156,814154,172084047,172084045,172084045,0,0,0,W,0,0,0,325041,0,0,0,0
bridge,1,1,3,813973,813972,172898043,172898042,172898043,0,0,0,W,0,0,0,325041,0,0,0,0
bridge,1,1,3,775467,775467,173673521,173673521,173673521,0,0,0,W,0,0,0,325041,0,0,0,0
bridge,1,1,3,814002,814002,174487547,174487547,174487547,0,0,0,W,0,0,0,325041,0,0,0,0
bridge,1,1,3,813959,813959,175301521,175301520,175301520,0,0,0,W,0,0,0,325041,0,0,0,0
bridge,1,1,3,814222,814222,176115755,176115755,176115755,0,0,0,W,0,0,0,325041,0,0,0,0
bridge,1,1,3,814122,814122,176929889,176929889,176929889,0,0,0,W,0,0,0,325041,0,0,0,0
bridge,1,1,3,814125,814126,177744021,177744021,177744021,0,0,0,W,0,0,0,325041,0,0,0,0
bridge,1,1,3,814421,814421,178558460,178558460,178558460,0,0,0,W,0,0,0,325041,0,0,0,0
bridge,1,1,3,814230,814230,179372703,179372703,179372703,0,0,0,W,0,0,0,325041,0,0,0,0
bridge,1,1,3,814202,814200,180186919,180186917,180186919,0,0,0,W,0,0,0,325041,0,0,0,0
bridge,1,1,3,814069,814070,181001002,181001002,181001002,0,0,0,W,0,0,0,325041,0,0,0,0
bridge,1,1,3,802974,802975,181803985,181803985,181803985,0,0,0,W,0,0,0,325041,0,0,0,0
bridge,1,1,3,813582,813586,182617593,182617593,182617593,0,0,0,W,0,0,0,325041,0,0,0,0
bridge,1,1,3,814085,814085,183431695,183431695,183431695,0,0,0,W,0,0,0,325041,0,0,0,0
bridge,1,1,3,814323,814323,184246027,184246027,184246027,0,0,0,W,0,0,0,325041,0,0,0,0
bridge,1,1,3,814255,814253,185060292,185060290,185060290,0,0,0,W,0,0,0,325041,0,0,0,0
bridge,1,1,3,814194,814192,185874495,185874493,185874493,0,0,0,W,0,0,0,325041,0,0,0,0
bridge,1,1,3,814175,814175,186688679,186688678,186688678,0,0,0,W,0,0,0,325041,0,0,0,0
bridge,1,1,3,814187,814187,187502871,187502871,187502871,0,0,0,W,0,0,0,325041,0,0,0,0
bridge,1,1,3,814109,814109,188316988,188316988,188316988,0,0,0,W,0,0,0,325041,0,0,0,0
bridge,1,1,3,814072,814072,189131075,189131073,189131073,0,0,0,W,0,0,0,325041,0,0,0,0
bridge,1,1,3,814197,814197,189945284,189945284,189945284,0,0,0,W,0,0,0,325041,0,0,0,0
bridge,1,1,3,802181,802181,190747472,190747472,190747472,0,0,0,W,0,0,0,325041,0,0,0,0
bridge,1,1,3,814075,814075,191561566,191561566,191561566,0,0,0,W,0,0,0,325041,0,0,0,0
bridge,1,1,3,814004,814004,192375583,192375583,192375583,0,0,0,W,0,0,0,325041,0,0,0,0
bridge,1,1,3,814175,814177,193189773,193189773,193189773,0,0,0,W,0,0,0,325041,0,0,0,0
bridge,1,1,3,814118,814118,194003897,194003897,194003897,0,0,0,W,0,0,0,325041,0,0,0,0
bridge,1,1,3,814195,814195,194818109,194818109,194818109,0,0,0,W,0,0,0,325041,0,0,0,0
bridge,1,1,3,814080,814080,195632204,195632204,195632204,0,0,0,W,0,0,0,325041,0,0,0,0
bridge,1,1,3,814221,814219,196446608,196446606,196446606,0,0,0,W,0,0,0,325041,0,0,0,0
bridge,1,1,3,814185,814186,197260801,197260801,197260801,0,0,0,W,0,0,0,325041,0,0,0,0
bridge,1,1,3,811339,811342,198072144,198072144,198072144,0,0,0,W,0,0,0,325041,0,0,0,0
bridge,1,1,3,779499,779499,198851659,198851659,198851659,0,0,0,W,0,0,0,325041,0,0,0,0
bridge,1,1,3,814174,814174,199665857,199665857,199665857,0,0,0,W,0,0,0,325041,0,0,0,0
bridge,1,1,3,814248,814248,200480117,200480117,200480117,0,0,0,W,0,0,0,325041,0,0,0,0
bridge,1,1,3,813873,813873,201294004,201294004,201294004,0,0,0,W,0,0,0,325041,0,0,0,0
bridge,1,1,3,814309,814308,202108323,202108322,202108322,0,0,0,W,0,0,0,325041,0,0,0,0
bridge,1,1,3,814142,814144,202922475,202922475,202922475,0,0,0,W,0,0,0,325041,0,0,0,0
bridge,1,1,3,814251,814251,203736737,203736737,203736737,0,0,0,W,0,0,0,325041,0,0,0,0
bridge,1,1,3,814002,814002,204550751,204550751,204550751,0,0,0,W,0,0,0,325041,0,0,0,0
bridge,1,1,3,814318,814322,205365091,205365091,205365091,0,0,0,W,0,0,0,325041,0,0,0,0
bridge,1,1,3,814296,814297,206179397,206179397,206179397,0,0,0,W,0,0,0,325041,0,0,0,0
bridge,1,1,3,799188,799189,206978599,206978599,206978599,0,0,0,W,0,0,0,325041,0,0,0,0
bridge,1,1,3,814188,814188,207792805,207792805,207792805,0,0,0,W,0,0,0,325041,0,0,0,0
bridge,1,1,3,813916,813916,208606737,208606737,208606737,0,0,0,W,0,0,0,325041,0,0,0,0
bridge,1,1,3,814199,814200,209420948,209420948,209420948,0,0,0,W,0,0,0,325041,0,0,0,0
bridge,1,1,3,814346,814346,210235309,210235309,210235309,0,0,0,W,0,0,0,325041,0,0,0,0
bridge,1,1,3,814218,814218,211049538,211049538,211049538,0,0,0,W,0,0,0,325041,0,0,0,0
bridge,1,1,3,814294,814294,211863838,211863838,211863838,0,0,0,W,0,0,0,325041,0,0,0,0
bridge,1,1,3,814054,814054,212677905,212677905,212677905,0,0,0,W,0,0,0,325041,0,0,0,0
bridge,1,1,3,814409,814409,213492325,213492325,213492325,0,0,0,W,0,0,0,325041,0,0,0,0
bridge,1,1,3,814255,814255,214306595,214306595,214306595,0,0,0,W,0,0,0,325041,0,0,0,0
bridge,1,1,3,803526,803526,215110129,215110129,215110129,0,0,0,W,0,0,0,325041,0,0,0,0
bridge,1,1,3,813670,813670,215923817,215923817,215923817,0,0,0,W,0,0,0,325041,0,0,0,0
bridge,1,1,3,814222,814224,216738054,216738054,216738054,0,0,0,W,0,0,0,325041,0,0,0,0
bridge,1,1,3,814195,814193,217552259,217552257,217552257,0,0,0,W,0,0,0,325041,0,0,0,0
bridge,1,1,3,814265,814265,218366552,218366550,218366550,0,0,0,W,0,0,0,325041,0,0,0,0
bridge,1,1,3,814129,814129,219180693,219180693,219180693,0,0,0,W,0,0,0,325041,0,0,0,0
bridge,1,1,3,814070,814071,219994780,219994780,219994780,0,0,0,W,0,0,0,325041,0,0,0,0
bridge,1,1,3,814153,814152,220808954,220808953,220808953,0,0,0,W,0,0,0,325041,0,0,0,0
bridge,1,1,3,813980,813980,221622940,221622940,221622940,0,0,0,W,0,0,0,325041,0,0,0,0
bridge,1,1,3,814173,814175,222437127,222437127,222437127,0,0,0,W,0,0,0,325041,0,0,0,0
bridge,1,1,3,813757,813758,223250908,223250908,223250908,0,0,0,W,0,0,0,325041,0,0,0,0
bridge,1,1,3,803746,803746,224054661,224054661,224054661,0,0,0,W,0,0,0,325041,0,0,0,0
bridge,1,1,3,814130,814130,224868811,224868811,224868811,0,0,0,W,0,0,0,325041,0,0,0,0
bridge,1,1,3,814153,814154,225682981,225682981,225682981,0,0,0,W,0,0,0,325041,0,0,0,0
bridge,1,1,3,814134,814134,226497131,226497131,226497131,0,0,0,W,0,0,0,325041,0,0,0,0
bridge,1,1,3,813972,813970,227311111,227311109,227311109,0,0,0,W,0,0,0,325041,0,0,0,0
bridge,1,1,3,814130,814130,228125254,228125253,228125253,0,0,0,W,0,0,0,325041,0,0,0,0
bridge,1,1,3,814077,814075,228939341,228939339,228939339,0,0,0,W,0,0,0,325041,0,0,0,0
bridge,1,1,3,814194,814194,229753547,229753547,229753547,0,0,0,W,0,0,0,325041,0,0,0,0
bridge,1,1,3,814216,814216,230567777,230567777,230567777,0,0,0,W,0,0,0,325041,0,0,0,0
bridge,1,1,3,814046,814045,231381836,231381835,231381835,0,0,0,W,0,0,0,325041,0,0,0,0
bridge,1,1,3,778049,778049,232159893,232159893,232159893,0,0,0,W,0,0,0,325041,0,0,0,0
bridge,1,1,3,814268,814266,232974183,232974181,232974181,0,0,0,W,0,0,0,325041,0,0,0,0
bridge,1,1,3,814174,814173,233788369,233788368,233788368,0,0,0,W,0,0,0,325041,0,0,0,0
bridge,1,1,3,814077,814077,234602452,234602452,234602452,0,0,0,W,0,0,0,325041,0,0,0,0
bridge,1,1,3,814352,814352,235416969,235416969,235416969,0,0,0,W,0,0,0,325041,0,0,0,0
bridge,1,1,3,814046,814044,236231019,236231017,236231019,0,0,0,W,0,0,0,325041,0,0,0,0
bridge,1,1,3,814193,814193,237045225,237045225,237045225,0,0,0,W,0,0,0,325041,0,0,0,0
bridge,1,1,3,814195,814195,237859427,237859427,237859427,0,0,0,W,0,0,0,325041,0,0,0,0
bridge,1,1,3,814204,814203,238673645,238673643,238673643,0,0,0,W,0,0,0,325041,0,0,0,0
bridge,1,1,3,814135,814133,239487789,239487787,239487787,0,0,0,W,0,0,0,325041,0,0,0,0
bridge,1,1,3,801608,801608,240289421,240289421,240289421,0,0,0,W,0,0,0,325041,0,0,0,0
bridge,1,1,3,813980,813978,241103425,241103423,241103423,0,0,0,W,0,0,0,325041,0,0,0,0
bridge,1,1,3,814246,814246,241917691,241917691,241917691,0,0,0,W,0,0,0,325041,0,0,0,0
bridge,1,1,3,814161,814157,242731861,242731857,242731857,0,0,0,W,0,0,0,325041,0,0,0,0
bridge,1,1,3,814367,814364,243546232,243546229,243546232,0,0,0,W,0,0,0,325041,0,0,0,0
bridge,1,1,3,814076,814076,244360319,244360319,244360319,0,0,0,W,0,0,0,325041,0,0,0,0
bridge,1,1,3,814155,814155,245174489,245174489,245174489,0,0,0,W,0,0,0,325041,0,0,0,0
bridge,1,1,3,814192,814192,245988697,245988697,245988697,0,0,0,W,0,0,0,325041,0,0,0,0
bridge,1,1,3,814153,814154,246802863,246802863,246802863,0,0,0,W,0,0,0,325041,0,0,0,0
bridge,1,1,3,814128,814125,247617013,247617009,247617009,0,0,0,W,0,0,0,325041,0,0,0,0
bridge,1,1,3,801877,801878,248418901,248418901,248418901,0,0,0,W,0,0,0,325041,0,0,0,0
bridge,1,1,3,813420,813418,249232345,249232343,249232343,0,0,0,W,0,0,0,325041,0,0,0,0
bridge,1,1,3,814005,814005,250046361,250046361,250046361,0,0,0,W,0,0,0,325041,0,0,0,0
bridge,1,1,3,814059,814057,250860435,250860433,250860435,0,0,0,W,0,0,0,325041,0,0,0,0
bridge,1,1,3,814187,814187,251674629,251674629,251674629,0,0,0,W,0,0,0,325041,0,0,0,0
bridge,1,1,3,814192,814192,252488833,252488833,252488833,0,0,0,W,0,0,0,325041,0,0,0,0
bridge,1,1,3,814151,814152,253303000,253303000,253303000,0,0,0,W,0,0,0,325041,0,0,0,0
bridge,1,1,3,814209,814211,254117224,254117224,254117224,0,0,0,W,0,0,0,325041,0,0,0,0
bridge,1,1,3,814189,814189,254931427,254931427,254931427,0,0,0,W,0,0,0,325041,0,0,0,0
bridge,1,1,3,814111,814112,255745547,255745547,255745547,0,0,0,W,0,0,0,325041,0,0,0,0
bridge,1,1,3,812636,812636,256558187,256558187,256558187,0,0,0,W,0,0,0,325041,0,0,0,0
bridge,1,1,3,804142,804142,257362343,257362343,257362343,0,0,0,W,0,0,0,325041,0,0,0,0
bridge,1,1,3,813947,813950,258176311,258176311,258176311,0,0,0,W,0,0,0,325041,0,0,0,0
bridge,1,1,3,814214,814214,258990537,258990537,258990537,0,0,0,W,0,0,0,325041,0,0,0,0
bridge,1,1,3,814109,814112,259804657,259804657,259804657,0,0,0,W,0,0,0,325041,0,0,0,0
bridge,1,1,3,814161,814160,260618834,260618833,260618833,0,0,0,W,0,0,0,325041,0,0,0,0
bridge,1,1,3,814262,814262,261433110,261433110,261433110,0,0,0,W,0,0,0,325041,0,0,0,0
bridge,1,1,3,814247,814247,262247366,262247366,262247366,0,0,0,W,0,0,0,325041,0,0,0,0
bridge,1,1,3,814339,814340,263061721,263061720,263061720,0,0,0,W,0,0,0,325041,0,0,0,0
bridge,1,1,3,814332,814332,263876065,263876065,263876065,0,0,0,W,0,0,0,325041,0,0,0,0
bridge,1,1,3,814263,814263,264690343,264690341,264690341,0,0,0,W,0,0,0,325041,0,0,0,0
bridge,1,1,3,786003,786001,265476359,265476357,265476357,0,0,0,W,0,0,0,325041,0,0,0,0
bridge,1,1,3,814190,814192,266290573,266290573,266290573,0,0,0,W,0,0,0,325041,0,0,0,0
bridge,1,1,3,814204,814202,267104797,267104793,267104793,0,0,0,W,0,0,0,325041,0,0,0,0
bridge,1,1,3,813533,813532,267918336,267918335,267918335,0,0,0,W,0,0,0,325041,0,0,0,0
bridge,1,1,3,814134,814133,268732480,268732479,268732479,0,0,0,W,0,0,0,325041,0,0,0,0
bridge,1,1,3,814182,814183,269546671,269546671,269546671,0,0,0,W,0,0,0,325041,0,0,0,0
bridge,1,1,3,814303,814303,270360986,270360986,270360986,0,0,0,W,0,0,0,325041,0,0,0,0
bridge,1,1,3,814205,814205,271175218,271175218,271175218,0,0,0,W,0,0,0,325041,0,0,0,0
bridge,1,1,3,814055,814056,271989277,271989277,271989277,0,0,0,W,0,0,0,325041,0,0,0,0
bridge,1,1,3,814083,814082,272803373,272803371,272803371,0,0,0,W,0,0,0,325041,0,0,0,0
bridge,1,1,3,803920,803922,273607453,273607453,273607453,0,0,0,W,0,0,0,325041,0,0,0,0
bridge,1,1,3,814065,814064,274421538,274421537,274421537,0,0,0,W,0,0,0,325041,0,0,0,0
bridge,1,1,3,814065,814065,275235616,275235616,275235616,0,0,0,W,0,0,0,325041,0,0,0,0
bridge,1,1,3,814069,814068,276049691,276049690,276049691,0,0,0,W,0,0,0,325041,0,0,0,0
bridge,1,1,3,814133,814134,276863836,276863836,276863836,0,0,0,W,0,0,0,325041,0,0,0,0
bridge,1,1,3,814122,814124,277677964,277677964,277677964,0,0,0,W,0,0,0,325041,0,0,0,0
bridge,1,1,3,814133,814133,278492109,278492109,278492109,0,0,0,W,0,0,0,325041,0,0,0,0
bridge,1,1,3,814079,814079,279306193,279306193,279306193,0,0,0,W,0,0,0,325041,0,0,0,0
bridge,1,1,3,814125,814125,280120329,280120329,280120329,0,0,0,W,0,0,0,325041,0,0,0,0
bridge,1,1,3,814227,814227,280934565,280934565,280934565,0,0,0,W,0,0,0,325041,0,0,0,0
bridge,1,1,3,789366,789366,281723943,281723943,281723943,0,0,0,W,0,0,0,325041,0,0,0,0
bridge,1,1,3,802222,802222,282526189,282526189,282526189,0,0,0,W,0,0,0,325041,0,0,0,0
bridge,1,1,3,814172,814170,283340381,283340379,283340381,0,0,0,W,0,0,0,325041,0,0,0,0
bridge,1,1,3,814135,814135,284154529,284154529,284154529,0,0,0,W,0,0,0,325041,0,0,0,0
bridge,1,1,3,814312,814312,284968856,284968856,284968856,0,0,0,W,0,0,0,325041,0,0,0,0
bridge,1,1,3,814197,814197,285783065,285783065,285783065,0,0,0,W,0,0,0,325041,0,0,0,0
bridge,1,1,3,814140,814140,286597213,286597213,286597213,0,0,0,W,0,0,0,325041,0,0,0,0
bridge,1,1,3,814139,814139,287411367,287411367,287411367,0,0,0,W,0,0,0,325041,0,0,0,0
bridge,1,1,3,814112,814112,288225492,288225492,288225492,0,0,0,W,0,0,0,325041,0,0,0,0
bridge,1,1,3,814281,814281,289039785,289039785,289039785,0,0,0,W,0,0,0,325041,0,0,0,0
bridge,1,1,3,814067,814067,289853863,289853863,289853863,0,0,0,W,0,0,0,325041,0,0,0,0
bridge,1,1,3,787902,787902,290641791,290641791,290641791,0,0,0,W,0,0,0,325041,0,0,0,0
bridge,1,1,3,814285,814285,291456094,291456094,291456094,0,0,0,W,0,0,0,325041,0,0,0,0
bridge,1,1,3,814048,814048,292270157,292270157,292270157,0,0,0,W,0,0,0,325041,0,0,0,0
bridge,1,1,3,814112,814110,293084282,293084280,293084280,0,0,0,W,0,0,0,325041,0,0,0,0
bridge,1,1,3,814098,814096,293898393,293898391,293898391,0,0,0,W,0,0,0,325041,0,0,0,0
bridge,1,1,3,814182,814181,294712589,294712588,294712588,0,0,0,W,0,0,0,325041,0,0,0,0
bridge,1,1,3,814041,814041,295526645,295526645,295526645,0,0,0,W,0,0,0,325041,0,0,0,0
bridge,1,1,3,814122,814123,296340788,296340788,296340788,0,0,0,W,0,0,0,325041,0,0,0,0
bridge,1,1,3,814328,814326,297155135,297155133,297155133,0,0,0,W,0,0,0,325041,0,0,0,0
bridge,1,1,3,814123,814122,297969272,297969271,297969271,0,0,0,W,0,0,0,325041,0,0,0,0
bridge,1,1,3,803005,803003,298772289,298772287,298772287,0,0,0,W,0,0,0,325041,0,0,0,0
bridge,1,1,3,814266,814267,299586575,299586575,299586575,0,0,0,W,0,0,0,325041,0,0,0,0
bridge,1,1,3,814207,814209,300400789,300400789,300400789,0,0,0,W,0,0,0,325041,0,0,0,0
bridge,1,1,3,813892,813892,301214695,301214695,301214695,0,0,0,W,0,0,0,325041,0,0,0,0
bridge,1,1,3,814201,814201,302028903,302028903,302028903,0,0,0,W,0,0,0,325041,0,0,0,0
bridge,1,1,3,814027,814027,302842943,302842943,302842943,0,0,0,W,0,0,0,325041,0,0,0,0
bridge,1,1,3,811844,811843,303654795,303654793,303654793,0,0,0,W,0,0,0,325041,0,0,0,0
bridge,1,1,3,814141,814141,304468953,304468953,304468953,0,0,0,W,0,0,0,325041,0,0,0,0
bridge,1,1,3,814166,814166,305283133,305283133,305283133,0,0,0,W,0,0,0,325041,0,0,0,0
bridge,1,1,3,814204,814204,306097345,306097345,306097345,0,0,0,W,0,0,0,325041,0,0,0,0
bridge,1,1,3,798568,798569,306895929,306895929,306895929,0,0,0,W,0,0,0,325041,0,0,0,0
bridge,1,1,3,814189,814189,307710142,307710142,307710142,0,0,0,W,0,0,0,325041,0,0,0,0
bridge,1,1,3,814115,814116,308524269,308524269,308524269,0,0,0,W,0,0,0,325041,0,0,0,0
bridge,1,1,3,814304,814304,309338586,309338586,309338586,0,0,0,W,0,0,0,325041,0,0,0,0
bridge,1,1,3,813997,813997,310152592,310152592,310152592,0,0,0,W,0,0,0,325041,0,0,0,0
bridge,1,1,3,814121,814122,310966728,310966728,310966728,0,0,0,W,0,0,0,325041,0,0,0,0
bridge,1,1,3,814223,814223,311780958,311780958,311780958,0,0,0,W,0,0,0,325041,0,0,0,0
bridge,1,1,3,814107,814107,312595200,312595200,312595200,0,0,0,W,0,0,0,325041,0,0,0,0
bridge,1,1,3,813764,813760,313408977,313408973,313408973,0,0,0,W,0,0,0,325041,0,0,0,0
bridge,1,1,3,814205,814205,314223194,314223194,314223194,0,0,0,W,0,0,0,325041,0,0,0,0
bridge,1,1,3,788741,788743,315011941,315011941,315011941,0,0,0,W,0,0,0,325041,0,0,0,0
bridge,1,1,3,813193,813195,315825166,315825166,315825166,0,0,0,W,0,0,0,325041,0,0,0,0
bridge,1,1,3,814188,814187,316639365,316639364,316639364,0,0,0,W,0,0,0,325041,0,0,0,0
bridge,1,1,3,814062,814062,317453436,317453436,317453436,0,0,0,W,0,0,0,325041,0,0,0,0
bridge,1,1,3,813945,813945,318267391,318267391,318267391,0,0,0,W,0,0,0,325041,0,0,0,0
bridge,1,1,3,813978,813978,319081385,319081385,319081385,0,0,0,W,0,0,0,325041,0,0,0,0
bridge,1,1,3,814197,814199,319895595,319895595,319895595,0,0,0,W,0,0,0,325041,0,0,0,0
bridge,1,1,3,813992,813992,320709597,320709597,320709597,0,0,0,W,0,0,0,325041,0,0,0,0
bridge,1,1,3,814314,814314,321523925,321523925,321523925,0,0,0,W,0,0,0,325041,0,0,0,0
bridge,1,1,3,814182,814182,322338131,322338131,322338131,0,0,0,W,0,0,0,325041,0,0,0,0
bridge,1,1,3,808982,808982,323147120,323147120,323147120,0,0,0,W,0,0,0,325041,0,0,0,0
bridge,1,1,3,794368,794368,323941513,323941513,323941513,0,0,0,W,0,0,0,325041,0,0,0,0
bridge,1,1,3,814296,814296,324755833,324755833,324755833,0,0,0,W,0,0,0,325041,0,0,0,0
bridge,1,1,3,814224,814224,325570070,325570070,325570070,0,0,0,W,0,0,0,325041,0,0,0,0
bridge,1,1,3,814251,814253,326384330,326384330,326384330,0,0,0,W,0,0,0,325041,0,0,0,0
bridge,1,1,3,814154,814152,327198493,327198491,327198491,0,0,0,W,0,0,0,325041,0,0,0,0
bridge,1,1,3,814130,814130,328012637,328012636,328012636,0,0,0,W,0,0,0,325041,0,0,0,0
bridge,1,1,3,814294,814294,328826941,328826941,328826941,0,0,0,W,0,0,0,325041,0,0,0,0
bridge,1,1,3,814007,814006,329640957,329640956,329640957,0,0,0,W,0,0,0,325041,0,0,0,0
bridge,1,1,3,814136,814137,330455106,330455106,330455106,0,0,0,W,0,0,0,325041,0,0,0,0
bridge,1,1,3,814235,814236,331269351,331269351,331269351,0,0,0,W,0,0,0,325041,0,0,0,0
bridge,1,1,3,799634,799634,332068994,332068994,332068994,0,0,0,W,0,0,0,325041,0,0,0,0
bridge,1,1,3,814031,814031,332883054,332883054,332883054,0,0,0,W,0,0,0,325041,0,0,0,0
bridge,1,1,3,814191,814192,333697257,333697257,333697257,0,0,0,W,0,0,0,325041,0,0,0,0
bridge,1,1,3,813490,813489,334510763,334510762,334510762,0,0,0,W,0,0,0,325041,0,0,0,0
bridge,1,1,3,814141,814142,335324913,335324913,335324913,0,0,0,W,0,0,0,325041,0,0,0,0
bridge,1,1,3,814098,814098,336139017,336139017,336139017,0,0,0,W,0,0,0,325041,0,0,0,0
bridge,1,1,3,814213,814211,336953247,336953245,336953245,0,0,0,W,0,0,0,325041,0,0,0,0
bridge,1,1,3,814325,814327,337767585,337767585,337767585,0,0,0,W,0,0,0,325041,0,0,0,0
bridge,1,1,3,814155,814155,338581755,338581755,338581755,0,0,0,W,0,0,0,325041,0,0,0,0
bridge,1,1,3,814469,814469,339396237,339396237,339396237,0,0,0,W,0,0,0,325041,0,0,0,0
bridge,1,1,3,774890,774890,340171145,340171145,340171145,0,0,0,W,0,0,0,325041,0,0,0,0
bridge,1,1,3,814094,814098,340985259,340985259,340985259,0,0,0,W,0,0,0,325041,0,0,0,0
bridge,1,1,3,814500,814500,341799769,341799769,341799769,0,0,0,W,0,0,0,325041,0,0,0,0
bridge,1,1,3,814101,814098,342613880,342613877,342613877,0,0,0,W,0,0,0,325041,0,0,0,0
bridge,1,1,3,814204,814204,343428093,343428093,343428093,0,0,0,W,0,0,0,325041,0,0,0,0
bridge,1,1,3,814257,814256,344242361,344242360,344242360,0,0,0,W,0,0,0,325041,0,0,0,0
bridge,1,1,3,814277,814274,345056652,345056649,345056649,0,0,0,W,0,0,0,325041,0,0,0,0
bridge,1,1,3,814252,814254,345870916,345870916,345870916,0,0,0,W,0,0,0,325041,0,0,0,0
bridge,1,1,3,813805,813805,346684725,346684725,346684725,0,0,0,W,0,0,0,325041,0,0,0,0
bridge,1,1,3,814144,814143,347498879,347498877,347498879,0,0,0,W,0,0,0,325041,0,0,0,0
bridge,1,1,3,801880,801876,348300771,348300767,348300767,0,0,0,W,0,0,0,325041,0,0,0,0
bridge,1,1,3,813532,813532,349114324,349114324,349114324,0,0,0,W,0,0,0,325041,0,0,0,0
bridge,1,1,3,814180,814180,349928518,349928518,349928518,0,0,0,W,0,0,0,325041,0,0,0,0
bridge,1,1,3,814152,814152,350742677,350742677,350742677,0,0,0,W,0,0,0,325041,0,0,0,0
bridge,1,1,3,814154,814157,351556966,351556966,351556966,0,0,0,W,0,0,0,325041,0,0,0,0
bridge,1,1,3,814279,814281,352371253,352371253,352371253,0,0,0,W,0,0,0,325041,0,0,0,0
bridge,1,1,3,814038,814036,353185299,353185297,353185297,0,0,0,W,0,0,0,325041,0,0,0,0
bridge,1,1,3,814313,814313,353999624,353999624,353999624,0,0,0,W,0,0,0,325041,0,0,0,0
bridge,1,1,3,814250,814250,354813887,354813887,354813887,0,0,0,W,0,0,0,325041,0,0,0,0
bridge,1,1,3,811958,811958,355625861,355625861,355625861,0,0,0,W,0,0,0,325041,0,0,0,0
bridge,1,1,3,808074,808074,356433945,356433945,356433945,0,0,0,W,0,0,0,325041,0,0,0,0
bridge,1,1,3,780745,780748,357214725,357214725,357214725,0,0,0,W,0,0,0,325041,0,0,0,0
bridge,1,1,3,814304,814305,358029054,358029054,358029054,0,0,0,W,0,0,0,325041,0,0,0,0
bridge,1,1,3,814244,814245,358843307,358843307,358843307,0,0,0,W,0,0,0,325041,0,0,0,0
bridge,1,1,3,814179,814179,359657513,359657513,359657513,0,0,0,W,0,0,0,325041,0,0,0,0
bridge,1,1,3,814195,814195,360471717,360471716,360471716,0,0,0,W,0,0,0,325041,0,0,0,0
bridge,1,1,3,814206,814206,361285933,361285933,361285933,0,0,0,W,0,0,0,325041,0,0,0,0
bridge,1,1,3,814234,814236,362100185,362100185,362100185,0,0,0,W,0,0,0,325041,0,0,0,0
bridge,1,1,3,814272,814273,362914465,362914465,362914465,0,0,0,W,0,0,0,325041,0,0,0,0
bridge,1,1,3,814261,814261,363728738,363728738,363728738,0,0,0,W,0,0,0,325041,0,0,0,0
bridge,1,1,3,814409,814410,364543161,364543161,364543161,0,0,0,W,0,0,0,325041,0,0,0,0
bridge,1,1,3,804663,804663,365347839,365347839,365347839,0,0,0,W,0,0,0,325041,0,0,0,0
bridge,1,1,3,814208,814210,366162068,366162067,366162067,0,0,0,W,0,0,0,325041,0,0,0,0
bridge,1,1,3,814187,814188,366976263,366976263,366976263,0,0,0,W,0,0,0,325041,0,0,0,0
bridge,1,1,3,814083,814083,367790364,367790364,367790364,0,0,0,W,0,0,0,325041,0,0,0,0
bridge,1,1,3,814170,814170,368604547,368604547,368604547,0,0,0,W,0,0,0,325041,0,0,0,0
bridge,1,1,3,813928,813930,369418489,369418489,369418489,0,0,0,W,0,0,0,325041,0,0,0,0
bridge,1,1,3,814098,814098,370232595,370232595,370232595,0,0,0,W,0,0,0,325041,0,0,0,0
bridge,1,1,3,814263,814264,371046869,371046869,371046869,0,0,0,W,0,0,0,325041,0,0,0,0
bridge,1,1,3,814277,814276,371861160,371861159,371861159,0,0,0,W,0,0,0,325041,0,0,0,0
bridge,1,1,3,814172,814173,372675343,372675343,372675343,0,0,0,W,0,0,0,325041,0,0,0,0
bridge,1,1,3,800162,800162,373475513,373475513,373475513,0,0,0,W,0,0,0,325041,0,0,0,0
bridge,1,1,3,814454,814454,374289987,374289987,374289987,0,0,0,W,0,0,0,325041,0,0,0,0
bridge,1,1,3,814023,814023,375104022,375104022,375104022,0,0,0,W,0,0,0,325041,0,0,0,0
bridge,1,1,3,814113,814113,375918143,375918143,375918143,0,0,0,W,0,0,0,325041,0,0,0,0
bridge,1,1,3,814163,814161,376732317,376732313,376732313,0,0,0,W,0,0,0,325041,0,0,0,0
bridge,1,1,3,814265,814265,377546604,377546604,377546604,0,0,0,W,0,0,0,325041,0,0,0,0
bridge,1,1,3,814086,814087,378360699,378360699,378360699,0,0,0,W,0,0,0,325041,0,0,0,0
bridge,1,1,3,814251,814251,379174956,379174956,379174956,0,0,0,W,0,0,0,325041,0,0,0,0
bridge,1,1,3,814095,814095,379989059,379989059,379989059,0,0,0,W,0,0,0,325041,0,0,0,0
bridge,1,1,3,814285,814285,380803356,380803356,380803356,0,0,0,W,0,0,0,325041,0,0,0,0
bridge,1,1,3,801642,801644,381605013,381605013,381605013,0,0,0,W,0,0,0,325041,0,0,0,0
bridge,1,1,3,813644,813644,382418681,382418681,382418681,0,0,0,W,0,0,0,325041,0,0,0,0
bridge,1,1,3,813977,813977,383232669,383232669,383232669,0,0,0,W,0,0,0,325041,0,0,0,0
bridge,1,1,3,814190,814190,384046872,384046872,384046872,0,0,0,W,0,0,0,325041,0,0,0,0
bridge,1,1,3,814048,814049,384860930,384860930,384860930,0,0,0,W,0,0,0,325041,0,0,0,0
bridge,1,1,3,814093,814091,385675035,385675033,385675033,0,0,0,W,0,0,0,325041,0,0,0,0
bridge,1,1,3,814101,814101,386489143,386489143,386489143,0,0,0,W,0,0,0,325041,0,0,0,0
bridge,1,1,3,814147,814147,387303304,387303304,387303304,0,0,0,W,0,0,0,325041,0,0,0,0
bridge,1,1,3,814243,814243,388117558,388117558,388117558,0,0,0,W,0,0,0,325041,0,0,0,0
bridge,1,1,3,814090,814091,388931655,388931655,388931655,0,0,0,W,0,0,0,325041,0,0,0,0
bridge,1,1,3,806370,806370,389738183,389738183,389738183,0,0,0,W,0,0,0,325041,0,0,0,0
bridge,1,1,3,810248,810248,390548449,390548449,390548449,0,0,0,W,0,0,0,325041,0,0,0,0
bridge,1,1,3,814073,814071,391362542,391362540,391362540,0,0,0,W,0,0,0,325041,0,0,0,0
bridge,1,1,3,814116,814116,392176667,392176667,392176667,0,0,0,W,0,0,0,325041,0,0,0,0
bridge,1,1,3,813719,813719,392990399,392990399,392990399,0,0,0,W,0,0,0,325041,0,0,0,0
bridge,1,1,3,814155,814155,393804561,393804561,393804561,0,0,0,W,0,0,0,325041,0,0,0,0
bridge,1,1,3,814242,814241,394618819,394618817,394618817,0,0,0,W,0,0,0,325041,0,0,0,0
bridge,1,1,3,814040,814041,395432873,395432873,395432873,0,0,0,W,0,0,0,325041,0,0,0,0
bridge,1,1,3,814370,814367,396247256,396247253,396247253,0,0,0,W,0,0,0,325041,0,0,0,0
bridge,1,1,3,814069,814070,397061339,397061339,397061339,0,0,0,W,0,0,0,325041,0,0,0,0
bridge,1,1,3,813989,813989,397875340,397875340,397875340,0,0,0,W,0,0,0,325041,0,0,0,0
bridge,1,1,3,801952,801952,398677297,398677297,398677297,0,0,0,W,0,0,0,325041,0,0,0,0
bridge,1,1,3,814099,814098,399491418,399491417,399491418,0,0,0,W,0,0,0,325041,0,0,0,0
bridge,1,1,3,814312,814314,400305747,400305747,400305747,0,0,0,W,0,0,0,325041,0,0,0,0
bridge,1,1,3,813825,813824,401119583,401119582,401119583,0,0,0,W,0,0,0,325041,0,0,0,0
bridge,1,1,3,814073,814071,401933663,401933661,401933661,0,0,0,W,0,0,0,325041,0,0,0,0
bridge,1,1,3,814264,814264,402747941,402747941,402747941,0,0,0,W,0,0,0,325041,0,0,0,0
bridge,1,1,3,814228,814229,403562187,403562186,403562187,0,0,0,W,0,0,0,325041,0,0,0,0
bridge,1,1,3,814059,814058,404376256,404376255,404376255,0,0,0,W,0,0,0,325041,0,0,0,0
bridge,1,1,3,814182,814183,405190445,405190445,405190445,0,0,0,W,0,0,0,325041,0,0,0,0
bridge,1,1,3,813917,813917,406004371,406004371,406004371,0,0,0,W,0,0,0,325041,0,0,0,0
bridge,1,1,3,806138,806138,406810517,406810517,406810517,0,0,0,W,0,0,0,325041,0,0,0,0
bridge,1,1,3,814050,814050,407624593,407624593,407624593,0,0,0,W,0,0,0,325041,0,0,0,0
bridge,1,1,3,814112,814112,408438717,408438717,408438717,0,0,0,W,0,0,0,325041,0,0,0,0
bridge,1,1,3,814320,814321,409253049,409253049,409253049,0,0,0,W,0,0,0,325041,0,0,0,0
bridge,1,1,3,814210,814210,410067275,410067275,410067275,0,0,0,W,0,0,0,325041,0,0,0,0
bridge,1,1,3,814163,814163,410881453,410881453,410881453,0,0,0,W,0,0,0,325041,0,0,0,0
bridge,1,1,3,811480,811480,411692948,411692948,411692948,0,0,0,W,0,0,0,325041,0,0,0,0
bridge,1,1,3,814271,814271,412507231,412507231,412507231,0,0,0,W,0,0,0,325041,0,0,0,0
bridge,1,1,3,814139,814139,413321382,413321382,413321382,0,0,0,W,0,0,0,325041,0,0,0,0
bridge,1,1,3,814178,814178,414135573,414135573,414135573,0,0,0,W,0,0,0,325041,0,0,0,0
bridge,1,1,3,776119,776118,414911697,414911696,414911697,0,0,0,W,0,0,0,325041,0,0,0,0
bridge,1,1,3,811676,811676,415723401,415723401,415723401,0,0,0,W,0,0,0,325041,0,0,0,0
bridge,1,1,3,814028,814030,416537441,416537441,416537441,0,0,0,W,0,0,0,325041,0,0,0,0
bridge,1,1,3,814143,814143,417351593,417351593,417351593,0,0,0,W,0,0,0,325041,0,0,0,0
bridge,1,1,3,814144,814144,418165755,418165755,418165755,0,0,0,W,0,0,0,325041,0,0,0,0
bridge,1,1,3,814185,814185,418979954,418979954,418979954,0,0,0,W,0,0,0,325041,0,0,0,0
bridge,1,1,3,814249,814249,419794224,419794224,419794224,0,0,0,W,0,0,0,325041,0,0,0,0
bridge,1,1,3,814198,814197,420608432,420608429,420608429,0,0,0,W,0,0,0,325041,0,0,0,0
bridge,1,1,3,814226,814226,421422670,421422670,421422670,0,0,0,W,0,0,0,325041,0,0,0,0
bridge,1,1,3,814156,814154,422236835,422236833,422236833,0,0,0,W,0,0,0,325041,0,0,0,0
bridge,1,1,3,803257,803257,423040109,423040109,423040109,0,0,0,W,0,0,0,325041,0,0,0,0
bridge,1,1,3,802404,802408,423842533,423842533,423842533,0,0,0,W,0,0,0,325041,0,0,0,0
bridge,1,1,3,813936,813936,424656487,424656487,424656487,0,0,0,W,0,0,0,325041,0,0,0,0
bridge,1,1,3,814185,814188,425470685,425470685,425470685,0,0,0,W,0,0,0,325041,0,0,0,0
bridge,1,1,3,813960,813959,426284654,426284653,426284654,0,0,0,W,0,0,0,325041,0,0,0,0
bridge,1,1,3,814109,814110,427098775,427098775,427098775,0,0,0,W,0,0,0,325041,0,0,0,0
bridge,1,1,3,813873,813873,427912661,427912661,427912661,0,0,0,W,0,0,0,325041,0,0,0,0
bridge,1,1,3,814320,814318,428727317,428727315,428727315,0,0,0,W,0,0,0,325041,0,0,0,0
bridge,1,1,3,813779,813779,429541104,429541104,429541104,0,0,0,W,0,0,0,325041,0,0,0,0
bridge,1,1,3,813992,813992,430355107,430355105,430355105,0,0,0,W,0,0,0,325041,0,0,0,0
bridge,1,1,3,813873,813873,431168993,431168993,431168993,0,0,0,W,0,0,0,325041,0,0,0,0
bridge,1,1,3,781684,781684,431950687,431950687,431950687,0,0,0,W,0,0,0,325041,0,0,0,0
bridge,1,1,3,814340,814338,432765048,432765046,432765046,0,0,0,W,0,0,0,325041,0,0,0,0
bridge,1,1,3,813993,813993,433579051,433579051,433579051,0,0,0,W,0,0,0,325041,0,0,0,0
bridge,1,1,3,813696,813696,434392757,434392757,434392757,0,0,0,W,0,0,0,325041,0,0,0,0
bridge,1,1,3,814190,814190,435206954,435206954,435206954,0,0,0,W,0,0,0,325041,0,0,0,0
bridge,1,1,3,814109,814108,436021073,436021072,436021072,0,0,0,W,0,0,0,325041,0,0,0,0
bridge,1,1,3,814102,814102,436835195,436835195,436835195,0,0,0,W,0,0,0,325041,0,0,0,0
bridge,1,1,3,814238,814238,437649451,437649451,437649451,0,0,0,W,0,0,0,325041,0,0,0,0
bridge,1,1,3,814354,814358,438463814,438463811,438463814,0,0,0,W,0,0,0,325041,0,0,0,0
bridge,1,1,3,814195,814194,439278017,439278016,439278016,0,0,0,W,0,0,0,325041,0,0,0,0
bridge,1,1,3,801309,801309,440079335,440079335,440079335,0,0,0,W,0,0,0,325041,0,0,0,0
bridge,1,1,3,814118,814118,440893477,440893477,440893477,0,0,0,W,0,0,0,325041,0,0,0,0
bridge,1,1,3,814208,814210,441707701,441707701,441707701,0,0,0,W,0,0,0,325041,0,0,0,0
bridge,1,1,3,814237,814236,442521949,442521948,442521948,0,0,0,W,0,0,0,325041,0,0,0,0
bridge,1,1,3,814127,814129,443336085,443336085,443336085,0,0,0,W,0,0,0,325041,0,0,0,0
bridge,1,1,3,814248,814249,444150349,444150349,444150349,0,0,0,W,0,0,0,325041,0,0,0,0
bridge,1,1,3,814263,814263,444964625,444964625,444964625,0,0,0,W,0,0,0,325041,0,0,0,0
bridge,1,1,3,814377,814375,445779018,445779016,445779016,0,0,0,W,0,0,0,325041,0,0,0,0
bridge,1,1,3,814328,814327,446593361,446593359,446593359,0,0,0,W,0,0,0,325041,0,0,0,0
bridge,1,1,3,814033,814033,447407401,447407401,447407401,0,0,0,W,0,0,0,325041,0,0,0,0
bridge,1,1,3,785483,785481,448192899,448192897,448192897,0,0,0,W,0,0,0,325041,0,0,0,0
bridge,1,1,3,813412,813412,449006336,449006336,449006336,0,0,0,W,0,0,0,325041,0,0,0,0
bridge,1,1,3,814137,814137,449820481,449820479,449820479,0,0,0,W,0,0,0,325041,0,0,0,0
bridge,1,1,3,814194,814194,450634683,450634683,450634683,0,0,0,W,0,0,0,325041,0,0,0,0
bridge,1,1,3,814195,814195,451448891,451448891,451448891,0,0,0,W,0,0,0,325041,0,0,0,0
bridge,1,1,3,814017,814016,452262923,452262921,452262921,0,0,0,W,0,0,0,325041,0,0,0,0
bridge,1,1,3,814146,814146,453077079,453077079,453077079,0,0,0,W,0,0,0,325041,0,0,0,0
bridge,1,1,3,814040,814040,453891127,453891126,453891126,0,0,0,W,0,0,0,325041,0,0,0,0
bridge,1,1,3,814278,814278,454705421,454705420,454705420,0,0,0,W,0,0,0,325041,0,0,0,0
bridge,1,1,3,814024,814024,455519451,455519451,455519451,0,0,0,W,0,0,0,325041,0,0,0,0
bridge,1,1,3,807607,807608,456327071,456327071,456327071,0,0,0,W,0,0,0,325041,0,0,0,0
bridge,1,1,3,809984,809985,457137077,457137077,457137077,0,0,0,W,0,0,0,325041,0,0,0,0
bridge,1,1,3,814136,814136,457951229,457951229,457951229,0,0,0,W,0,0,0,325041,0,0,0,0
bridge,1,1,3,814250,814252,458765489,458765489,458765489,0,0,0,W,0,0,0,325041,0,0,0,0
bridge,1,1,3,814269,814269,459579766,459579766,459579766,0,0,0,W,0,0,0,325041,0,0,0,0
bridge,1,1,3,814247,814246,460394027,460394026,460394026,0,0,0,W,0,0,0,325041,0,0,0,0
bridge,1,1,3,814117,814117,461208155,461208155,461208155,0,0,0,W,0,0,0,325041,0,0,0,0
bridge,1,1,3,814329,814329,462022507,462022507,462022507,0,0,0,W,0,0,0,325041,0,0,0,0
bridge,1,1,3,814098,814098,462836611,462836611,462836611,0,0,0,W,0,0,0,325041,0,0,0,0
bridge,1,1,3,814096,814095,463650733,463650731,463650731,0,0,0,W,0,0,0,325041,0,0,0,0
bridge,1,1,3,814334,814336,464465079,464465079,464465079,0,0,0,W,0,0,0,325041,0,0,0,0
bridge,1,1,3,803339,803339,465268425,465268425,465268425,0,0,0,W,0,0,0,325041,0,0,0,0
bridge,1,1,3,814055,814055,466082499,466082499,466082499,0,0,0,W,0,0,0,325041,0,0