router,1,3,4,0,0,0,0,0,0,0,0,W,0,0,0,0,0,0,0,0
ndpi_stat,3,2,6,0,0,0,0,0,0,0,0,W,0,0,0,0,0,0,0,0
bridge,4,5,7,0,0,0,0,0,0,0,0,W,0,0,0,0,0,0,0,0
payload_scan,5,4,8,0,0,0,0,0,0,0,0,W,0,0,0,0,0,0,0,0
router,1,3,4,0,0,0,0,0,0,0,0,W,0,0,0,0,0,0,0,0
firewall,2,1,5,581,0,581,0,0,0,0,0,W,0,0,0,0,0,0,0,0
ndpi_stat,3,2,6,0,0,0,0,0,0,0,0,W,0,0,0,0,0,0,0,0
bridge,4,5,7,0,0,0,0,0,0,0,0,W,0,0,0,0,0,0,0,0
payload_scan,5,4,8,0,0,0,0,0,0,0,0,W,0,0,0,0,0,0,0,0
router,1,3,4,649919,649904,649919,649904,0,649919,0,0,W,0,0,0,0,0,0,0,0
firewall,2,1,5,649534,650107,650115,650107,0,650107,0,0,W,0,1000266,0,1000266,0,0,0,0
ndpi_stat,3,2,6,650200,650167,650200,650167,0,650167,0,0,W,0,0,0,0,0,0,0,0
bridge,4,5,7,650267,650267,650267,650267,650267,0,0,0,W,0,0,0,0,0,0,0,0
payload_scan,5,4,8,650371,650371,650371,650371,0,650371,0,0,W,0,0,0,0,0,0,0,0
router,1,3,4,1759279,1759271,2409355,2409347,0,2409347,0,0,W,0,0,0,0,0,0,0,0
firewall,2,1,5,1759359,1759359,2409563,2409559,0,2409563,0,0,W,0,0,0,1000266,0,0,0,0
ndpi_stat,3,2,6,1759372,1759392,2409659,2409659,0,2409659,0,0,W,0,0,0,0,0,0,0,0
bridge,4,5,7,1759340,1759340,2409711,2409711,2409711,0,0,0,W,0,0,0,0,0,0,0,0
payload_scan,5,4,8,1759364,1759364,2409791,2409791,0,2409791,0,0,W,0,0,0,0,0,0,0,0
load_generator,6,6,9,0,0,0,0,0,0,0,0,W,0,0,0,0,0,0,0,0
router,1,3,4,3936506,3936506,6346041,6346041,0,6346041,0,0,W,0,0,0,0,0,0,0,0
firewall,2,1,5,1759717,1759717,4169376,4169376,0,4169376,0,0,W,0,0,0,1000266,0,0,0,0
ndpi_stat,3,2,6,3934326,3936828,6344049,6346539,0,6346539,0,0,W,0,0,0,0,0,0,0,0
bridge,4,5,7,3936846,3936846,6346637,6346637,6346637,0,0,0,W,0,0,0,0,0,0,0,0
payload_scan,5,4,8,3936868,3936867,6346724,6346723,0,6346723,0,0,W,0,0,0,0,0,0,0,0
load_generator,6,6,9,0,1532448,0,1532448,0,2177207,0,0,W,0,0,0,0,0,0,0,2177207
router,1,3,4,2917984,2917997,9264402,9264402,0,9264402,0,0,W,0,0,0,0,0,0,0,0
firewall,2,1,5,1759988,1759988,5929423,5929423,0,5929423,0,0,W,0,0,0,1000266,0,0,0,0
ndpi_stat,3,2,6,2915002,2918216,9259151,9264854,0,9264854,0,0,W,0,0,0,0,0,0,0,0
bridge,4,5,7,2918200,2918199,9264923,9264921,9264921,0,0,0,W,0,0,0,0,0,0,0,0
payload_scan,5,4,8,2918277,2918256,9265056,9265035,0,9265035,0,0,W,0,0,0,0,0,0,0,0
load_generator,6,6,9,0,23904,0,1556352,0,3335471,0,0,W,0,0,0,0,0,0,0,3335472
router,1,3,4,2919168,2919165,12183904,12183900,0,12183904,0,0,W,0,0,0,0,0,0,0,0
firewall,2,1,5,1761148,1761151,7690652,7690652,0,7690652,0,0,W,0,0,0,1000266,0,0,0,0
ndpi_stat,3,2,6,2916034,2919362,12175258,12184289,0,12184289,0,0,W,0,0,0,0,0,0,0,0
bridge,4,5,7,2919350,2919382,12184385,12184385,12184385,0,0,0,W,0,0,0,0,0,0,0,0
payload_scan,5,4,8,2919348,2919348,12184514,12184513,0,12184513,0,0,W,0,0,0,0,0,0,0,0
load_generator,6,6,9,0,18496,0,1574848,0,4493656,0,0,W,0,0,0,0,0,0,0,4493656
router,1,3,4,2916242,2916240,15100386,15100384,0,15100384,0,0,W,0,0,0,0,0,0,0,0
firewall,2,1,5,1758420,1758420,9449171,9449171,0,9449171,0,0,W,0,0,0,1000266,0,0,0,0
ndpi_stat,3,2,6,2913087,2916400,15088438,15100785,0,15100785,0,0,W,0,0,0,0,0,0,0,0
bridge,4,5,7,2916348,2916351,15100861,15100861,15100861,0,0,0,W,0,0,0,0,0,0,0,0
payload_scan,5,4,8,2916388,2916387,15100957,15100956,0,15100957,0,0,W,0,0,0,0,0,0,0,0
load_generator,6,6,9,0,21344,0,1596192,0,5651666,0,0,W,0,0,0,0,0,0,0,5651667
router,1,3,4,2917906,2917909,18018588,18018588,0,18018588,0,0,W,0,0,0,0,0,0,0,0
firewall,2,1,5,1760106,1760106,11209339,11209339,0,11209339,0,0,W,0,0,0,1000266,0,0,0,0
ndpi_stat,3,2,6,2914951,2918066,18003467,18018930,0,18018933,0,0,W,0,0,0,0,0,0,0,0
bridge,4,5,7,2918065,2918064,18019021,18019019,18019019,0,0,0,W,0,0,0,0,0,0,0,0
payload_scan,5,4,8,2918087,2918083,18019128,18019124,0,18019127,0,0,W,0,0,0,0,0,0,0,0
load_generator,6,6,9,0,18624,0,1614816,0,6809701,0,0,W,0,0,0,0,0,0,0,6809702
router,1,3,4,3788759,3788763,21807593,21807593,0,21807593,0,0,W,0,0,0,0,0,0,0,0
firewall,2,1,5,2631122,2631118,13840515,13840511,0,13840511,0,0,W,0,0,0,1000266,0,0,0,0
ndpi_stat,3,2,6,3785486,3789057,21789047,21808079,0,21808079,0,0,W,0,0,0,0,0,0,0,0
bridge,4,5,7,3789077,3789088,21808204,21808197,21808197,0,0,0,W,0,0,0,0,0,0,0,0
payload_scan,5,4,8,3788985,3788986,21808332,21808332,0,21808332,0,0,W,0,0,0,0,0,0,0,0
load_generator,6,6,9,0,23136,0,1637952,0,7967892,0,0,W,0,0,0,0,0,0,0,7967892
router,1,3,4,3832726,3832734,25640648,25640640,0,25640640,0,0,W,0,0,0,0,0,0,0,0
firewall,2,1,5,2674640,2674632,16515259,16515247,0,16515247,0,0,W,0,0,0,1000266,0,0,0,0
ndpi_stat,3,2,6,3829192,3832982,25618374,25641202,0,25641202,0,0,W,0,0,0,0,0,0,0,0
bridge,4,5,7,3833015,3833025,25641347,25641347,25641347,0,0,0,W,0,0,0,0,0,0,0,0
payload_scan,5,4,8,3831960,3831960,25641456,25641456,0,25641456,0,0,W,0,0,0,0,0,0,0,0
load_generator,6,6,9,0,18112,0,1656064,0,9125947,0,0,W,0,0,0,0,0,0,0,9125948
router,1,3,4,3737634,3737622,29378666,29378654,0,29378654,0,0,W,0,0,0,0,0,0,0,0
firewall,2,1,5,2670918,2670922,19186297,19186297,0,19186297,0,0,W,0,0,0,1000266,0,0,0,0
ndpi_stat,3,2,6,3734039,3737573,29352558,29378924,0,29378924,0,0,W,0,0,0,0,0,0,0,0
bridge,4,5,7,3737565,3737559,29379021,29379015,29379015,0,0,0,W,0,0,0,0,0,0,0,0
payload_scan,5,4,8,3737521,3737519,29379092,29379090,0,29379092,0,0,W,0,0,0,0,0,0,0,0
router,1,3,4,2673333,2673325,32052182,32052174,0,32052182,0,0,W,0,0,0,0,0,0,0,0
firewall,2,1,5,2673462,2673466,21859845,21859842,0,21859842,0,0,W,0,0,0,1000266,0,0,0,0
ndpi_stat,3,2,6,2673469,2673453,32026113,32052474,0,32052474,0,0,W,0,0,0,0,0,0,0,0
bridge,4,5,7,2673664,2673660,32052754,32052750,32052750,0,0,0,W,0,0,0,0,0,0,0,0
payload_scan,5,4,8,2673723,2673723,32052869,32052869,0,32052869,0,0,W,0,0,0,0,0,0,0,0
router,1,3,4,2675228,2675228,34727622,34727622,0,34727622,0,0,W,0,0,0,0,0,0,0,0
firewall,2,1,5,2675360,2675348,24535291,24535279,0,24535279,0,0,W,0,0,0,1000266,0,0,0,0
ndpi_stat,3,2,6,2675184,2675184,34701565,34727942,0,34727942,0,0,W,0,0,0,0,0,0,0,0
bridge,4,5,7,2675129,2675129,34727998,34727998,34727998,0,0,0,W,0,0,0,0,0,0,0,0
payload_scan,5,4,8,2675026,2675026,34728085,34728085,0,34728085,0,0,W,0,0,0,0,0,0,0,0
load_generator,7,6,9,0,0,0,0,0,0,0,0,W,0,0,0,0,0,0,0,0
router,1,3,4,5031712,5031704,39759538,39759506,0,39759506,0,0,W,0,0,0,0,0,0,0,0
firewall,2,1,5,2681857,2681860,27217243,27217243,0,27217243,0,0,W,0,0,0,1000266,0,0,0,0
ndpi_stat,3,2,6,5029418,5032093,39731043,39760095,0,39760095,0,0,W,0,0,0,0,0,0,0,0
bridge,4,5,7,5032169,5032169,39760254,39760254,39760254,0,0,0,W,0,0,0,0,0,0,0,0
payload_scan,5,4,8,5032252,5032254,39760416,39760416,0,39760416,0,0,W,0,0,0,0,0,0,0,0
load_generator,7,6,9,0,1974656,0,1974656,0,2350340,0,0,W,0,0,0,0,0,0,0,2350342
router,1,3,4,4126692,4126714,43886573,43886572,0,43886573,0,0,W,0,0,0,0,0,0,0,0
firewall,2,1,5,2671596,2671584,29888975,29888963,0,29888963,0,0,W,0,0,0,1000266,0,0,0,0
ndpi_stat,3,2,6,4121996,4126755,43853225,43887034,0,43887034,0,0,W,0,0,0,0,0,0,0,0
bridge,4,5,7,4126742,4126722,43887158,43887138,43887138,0,0,0,W,0,0,0,0,0,0,0,0
payload_scan,5,4,8,4126700,4126718,43887281,43887281,0,43887281,0,0,W,0,0,0,0,0,0,0,0
load_generator,7,6,9,0,30304,0,2004960,0,3805609,0,0,W,0,0,0,0,0,0,0,3805610
router,1,3,4,4127394,4127406,48014286,48014286,0,48014286,0,0,W,0,0,0,0,0,0,0,0
firewall,2,1,5,2672235,2672203,32561295,32561263,0,32561295,0,0,W,0,0,0,1000266,0,0,0,0
ndpi_stat,3,2,6,4122954,4127655,47976305,48014814,0,48014814,0,0,W,0,0,0,0,0,0,0,0
bridge,4,5,7,4127665,4127652,48014946,48014933,48014933,0,0,0,W,0,0,0,0,0,0,0,0
payload_scan,5,4,8,4127558,4127556,48015044,48015042,0,48015042,0,0,W,0,0,0,0,0,0,0,0
load_generator,7,6,9,0,23936,0,2028896,0,5260973,0,0,W,0,0,0,0,0,0,0,5260973
router,1,3,4,4127151,4127148,52141758,52141754,0,52141754,0,0,W,0,0,0,0,0,0,0,0
firewall,2,1,5,2672128,2672128,35233547,35233547,0,35233547,0,0,W,0,0,0,1000266,0,0,0,0
ndpi_stat,3,2,6,4122540,4127304,52098981,52142253,0,52142254,0,0,W,0,0,0,0,0,0,0,0
bridge,4,5,7,4127345,4127338,52142387,52142380,52142380,0,0,0,W,0,0,0,0,0,0,0,0
payload_scan,5,4,8,4127363,4127346,52142521,52142504,0,52142504,0,0,W,0,0,0,0,0,0,0,0
load_generator,7,6,9,0,26976,0,2055872,0,6716169,0,0,W,0,0,0,0,0,0,0,6716171
router,1,3,4,4127553,4127561,56269652,56269648,0,56269648,0,0,W,0,0,0,0,0,0,0,0
firewall,2,1,5,2672412,2672404,37906063,37906055,0,37906055,0,0,W,0,0,0,1000266,0,0,0,0
ndpi_stat,3,2,6,4122952,4127800,56222058,56270187,0,56270187,0,0,W,0,0,0,0,0,0,0,0
bridge,4,5,7,4128938,4128945,56271442,56271442,56271442,0,0,0,W,0,0,0,0,0,0,0,0
payload_scan,5,4,8,4128964,4128937,56271595,56271568,0,56271568,0,0,W,0,0,0,0,0,0,0,0
load_generator,7,6,9,0,23936,0,2079808,0,8172008,0,0,W,0,0,0,0,0,0,0,8172009
router,1,3,4,3426049,3426060,59696083,59696077,0,59696077,0,0,W,0,0,0,0,0,0,0,0
firewall,2,1,5,1970678,1970678,39876849,39876849,0,39876849,0,0,W,0,0,0,1000266,0,0,0,0
ndpi_stat,3,2,6,3421413,3425017,59644721,59696468,0,59696468,0,0,W,0,0,0,0,0,0,0,0
bridge,4,5,7,3424984,3425016,59696552,59696552,59696552,0,0,0,W,0,0,0,0,0,0,0,0
payload_scan,5,4,8,3424972,3424977,59696717,59696712,0,59696716,0,0,W,0,0,0,0,0,0,0,0
load_generator,7,6,9,0,53024,0,2132832,0,9627129,0,0,W,0,0,0,0,0,0,0,9627136
router,1,3,4,3429771,3429773,63126113,63126113,0,63126113,0,0,W,0,0,0,0,0,0,0,0
firewall,2,1,5,1974832,1974832,41851756,41851756,0,41851756,0,0,W,0,0,0,1000266,0,0,0,0
ndpi_stat,3,2,6,3425848,3430072,63070667,63126632,0,63126633,0,0,W,0,0,0,0,0,0,0,0
bridge,4,5,7,3430037,3430037,63126749,63126749,63126749,0,0,0,W,0,0,0,0,0,0,0,0
payload_scan,5,4,8,3430124,3430124,63126910,63126910,0,63126910,0,0,W,0,0,0,0,0,0,0,0
load_generator,7,6,9,0,24416,0,2157248,0,11082416,0,0,W,0,0,0,0,0,0,0,11082416
router,1,3,4,3430443,3430447,66556937,66556937,0,66556937,0,0,W,0,0,0,0,0,0,0,0
firewall,2,1,5,1975410,1975410,43827231,43827231,0,43827231,0,0,W,0,0,0,1000266,0,0,0,0
ndpi_stat,3,2,6,3426348,3430607,66497178,66557356,0,66557356,0,0,W,0,0,0,0,0,0,0,0
bridge,4,5,7,3430531,3430521,66557441,66557430,66557430,0,0,0,W,0,0,0,0,0,0,0,0
payload_scan,5,4,8,3430522,3430523,66557562,66557562,0,66557562,0,0,W,0,0,0,0,0,0,0,0
load_generator,7,6,9,0,24576,0,2181824,0,12537606,0,0,W,0,0,0,0,0,0,0,12537608
router,1,3,4,2257576,2257586,68814804,68814804,0,68814804,0,0,W,0,0,0,0,0,0,0,0
firewall,2,1,5,1975526,1975526,45802845,45802845,0,45802845,0,0,W,0,0,0,1000266,0,0,0,0
ndpi_stat,3,2,6,2256729,2257589,68754008,68815045,0,68815045,0,0,W,0,0,0,0,0,0,0,0
bridge,4,5,7,2257544,2257547,68815106,68815106,68815106,0,0,0,W,0,0,0,0,0,0,0,0
payload_scan,5,4,8,2257487,2257488,68815161,68815161,0,68815161,0,0,W,0,0,0,0,0,0,0,0
router,1,3,4,1975242,1975242,70790214,70790214,0,70790214,0,0,W,0,0,0,0,0,0,0,0
firewall,2,1,5,1975296,1975296,47778204,47778204,0,47778204,0,0,W,0,0,0,1000266,0,0,0,0
ndpi_stat,3,2,6,1975299,1975299,70729368,70790408,0,70790408,0,0,W,0,0,0,0,0,0,0,0
bridge,4,5,7,1975292,1975291,70790453,70790452,70790452,0,0,0,W,0,0,0,0,0,0,0,0
payload_scan,5,4,8,1975325,1975322,70790500,70790497,0,70790497,0,0,W,0,0,0,0,0,0,0,0
load_generator,8,6,9,0,0,0,0,0,0,0,0,W,0,0,0,0,0,0,0,0
router,1,3,4,3050214,3050214,73840555,73840555,0,73840555,0,0,W,0,0,0,0,0,0,0,0
firewall,2,1,5,1976627,1976607,49754895,49754875,0,49754875,0,0,W,0,0,0,1000266,0,0,0,0
ndpi_stat,3,2,6,3049064,3050528,73778478,73840982,0,73840982,0,0,W,0,0,0,0,0,0,0,0
bridge,4,5,7,3050581,3050583,73841078,73841078,73841078,0,0,0,W,0,0,0,0,0,0,0,0
payload_scan,5,4,8,3050629,3050632,73841173,73841173,0,73841173,0,0,W,0,0,0,0,0,0,0,0
load_generator,8,6,9,0,946880,0,946880,0,1073933,0,0,W,0,0,0,0,0,0,0,1073934
router,1,3,4,2763038,2763038,76603869,76603868,0,76603869,0,0,W,0,0,0,0,0,0,0,0
firewall,2,1,5,1974009,1974009,51729008,51729008,0,51729008,0,0,W,0,0,0,1000266,0,0,0,0
ndpi_stat,3,2,6,2760929,2763177,76539493,76604257,0,76604259,0,0,W,0,0,0,0,0,0,0,0
bridge,4,5,7,2763185,2763184,76604358,76604357,76604357,0,0,0,W,0,0,0,0,0,0,0,0
payload_scan,5,4,8,2763247,2763241,76604501,76604495,0,76604495,0,0,W,0,0,0,0,0,0,0,0
load_generator,8,6,9,0,14528,0,961408,0,1863140,0,0,W,0,0,0,0,0,0,0,1863140
router,1,3,4,2763745,2763744,79367901,79367900,0,79367900,0,0,W,0,0,0,0,0,0,0,0
firewall,2,1,5,1974571,1974571,53703654,53703654,0,53703654,0,0,W,0,0,0,1000266,0,0,0,0
ndpi_stat,3,2,6,2761545,2763776,79301138,79368135,0,79368135,0,0,W,0,0,0,0,0,0,0,0
bridge,4,5,7,2763701,2763708,79368196,79368195,79368195,0,0,0,W,0,0,0,0,0,0,0,0
payload_scan,5,4,8,2763650,2763651,79368261,79368261,0,79368261,0,0,W,0,0,0,0,0,0,0,0
load_generator,8,6,9,0,11872,0,973280,0,2652364,0,0,W,0,0,0,0,0,0,0,2652364
router,1,3,4,2766714,2766715,82134768,82134767,0,82134767,0,0,W,0,0,0,0,0,0,0,0
firewall,2,1,5,1977634,1977634,55681339,55681339,0,55681339,0,0,W,0,0,0,1000266,0,0,0,0
ndpi_stat,3,2,6,2765300,2767333,82066511,82135529,0,82135529,0,0,W,0,0,0,0,0,0,0,0
bridge,4,5,7,2767360,2767364,82135621,82135621,82135621,0,0,0,W,0,0,0,0,0,0,0,0
payload_scan,5,4,8,2767359,2767358,82135712,82135711,0,82135711,0,0,W,0,0,0,0,0,0,0,0
load_generator,8,6,9,0,13056,0,986336,0,3441899,0,0,W,0,0,0,0,0,0,0,3441899
router,1,3,4,2763102,2763102,84898320,84898320,0,84898320,0,0,W,0,0,0,0,0,0,0,0
firewall,2,1,5,1973891,1973887,57655456,57655452,0,57655452,0,0,W,0,0,0,1000266,0,0,0,0
ndpi_stat,3,2,6,2760876,2763048,84827487,84898677,0,84898684,0,0,W,0,0,0,0,0,0,0,0
bridge,4,5,7,2763041,2763041,84898752,84898752,84898752,0,0,0,W,0,0,0,0,0,0,0,0
payload_scan,5,4,8,2763056,2763057,84898839,84898838,0,84898838,0,0,W,0,0,0,0,0,0,0,0
load_generator,8,6,9,0,11648,0,997984,0,4231117,0,0,W,0,0,0,0,0,0,0,4231117
router,1,3,4,3015322,3015322,87913915,87913915,0,87913915,0,0,W,0,0,0,0,0,0,0,0
firewall,2,1,5,2226262,2226258,59881771,59881767,0,59881771,0,0,W,0,0,0,1000266,0,0,0,0
ndpi_stat,3,2,6,3013279,3015612,87840837,87914370,0,87914370,0,0,W,0,0,0,0,0,0,0,0
bridge,4,5,7,3015660,3015675,87914498,87914496,87914496,0,0,0,W,0,0,0,0,0,0,0,0
payload_scan,5,4,8,3015747,3015747,87914653,87914653,0,87914653,0,0,W,0,0,0,0,0,0,0,0
load_generator,8,6,9,0,11648,0,1009632,0,5020428,0,0,W,0,0,0,0,0,0,0,5020429
router,1,3,4,3013225,3013225,90927425,90927425,0,90927425,0,0,W,0,0,0,0,0,0,0,0
firewall,2,1,5,2224140,2224137,62106051,62106048,0,62106048,0,0,W,0,0,0,1000266,0,0,0,0
ndpi_stat,3,2,6,3010752,3013242,90851696,90927740,0,90927740,0,0,W,0,0,0,0,0,0,0,0
bridge,4,5,7,3013179,3013187,90927832,90927832,90927832,0,0,0,W,0,0,0,0,0,0,0,0
payload_scan,5,4,8,3013190,3013188,90927946,90927944,0,90927944,0,0,W,0,0,0,0,0,0,0,0
load_generator,8,6,9,0,14848,0,1024480,0,5809553,0,0,W,0,0,0,0,0,0,0,5809554
router,1,3,4,3021199,3021199,93948843,93948843,0,93948843,0,0,W,0,0,0,0,0,0,0,0
firewall,2,1,5,2232249,2232261,64338377,64338377,0,64338377,0,0,W,0,0,0,1000266,0,0,0,0
ndpi_stat,3,2,6,3019079,3021481,93870871,93949314,0,93949314,0,0,W,0,0,0,0,0,0,0,0
bridge,4,5,7,3021478,3021489,93949422,93949422,93949422,0,0,0,W,0,0,0,0,0,0,0,0
payload_scan,5,4,8,3021514,3021514,93949520,93949520,0,93949520,0,0,W,0,0,0,0,0,0,0,0
load_generator,8,6,9,0,11552,0,1036032,0,6598786,0,0,W,0,0,0,0,0,0,0,6598786
router,1,3,4,2590413,2590414,96539613,96539613,0,96539613,0,0,W,0,0,0,0,0,0,0,0
firewall,2,1,5,2233582,2233606,66572065,66572065,0,66572065,0,0,W,0,0,0,1000266,0,0,0,0
ndpi_stat,3,2,6,2589244,2590402,96460226,96539826,0,96539826,0,0,W,0,0,0,0,0,0,0,0
bridge,4,5,7,2590363,2590364,96539883,96539883,96539883,0,0,0,W,0,0,0,0,0,0,0,0
payload_scan,5,4,8,2590337,2590354,96539961,96539961,0,96539961,0,0,W,0,0,0,0,0,0,0,0
router,1,3,4,2233419,2233419,98773164,98773164,0,98773164,0,0,W,0,0,0,0,0,0,0,0
firewall,2,1,5,2233447,2233447,68805569,68805569,0,68805569,0,0,W,0,0,0,1000266,0,0,0,0
ndpi_stat,3,2,6,2233461,2233458,98693743,98773341,0,98773341,0,0,W,0,0,0,0,0,0,0,0
bridge,4,5,7,2233429,2233421,98773390,98773382,98773382,0,0,0,W,0,0,0,0,0,0,0,0
payload_scan,5,4,8,2233436,2233426,98773441,98773431,0,98773441,0,0,W,0,0,0,0,0,0,0,0
load_generator,9,6,9,0,0,0,0,0,0,0,0,W,0,0,0,0,0,0,0,0
router,1,3,4,2487635,2487631,101260907,101260903,0,101260903,0,0,W,0,0,0,0,0,0,0,0
firewall,2,1,5,2232622,2232618,71038261,71038257,0,71038257,0,0,W,0,0,0,1000266,0,0,0,0
ndpi_stat,3,2,6,2487441,2487725,101181233,101261118,0,101261118,0,0,W,0,0,0,0,0,0,0,0
bridge,4,5,7,2487801,2487801,101261232,101261232,101261232,0,0,0,W,0,0,0,0,0,0,0,0
payload_scan,5,4,8,2487758,2487758,101261275,101261275,0,101261275,0,0,W,0,0,0,0,0,0,0,0
load_generator,9,6,9,0,235808,0,235808,0,255110,0,0,W,0,0,0,0,0,0,0,255110
router,1,3,4,2452510,2452511,103713550,103713550,0,103713550,0,0,W,0,0,0,0,0,0,0,0
firewall,2,1,5,2228305,2228323,73266648,73266646,0,73266646,0,0,W,0,0,0,1000266,0,0,0,0
ndpi_stat,3,2,6,2451992,2452611,103633343,103713847,0,103713850,0,0,W,0,0,0,0,0,0,0,0
bridge,4,5,7,2453112,2453112,103714387,103714387,103714387,0,0,0,W,0,0,0,0,0,0,0,0
payload_scan,5,4,8,2453136,2453134,103714485,103714483,0,103714485,0,0,W,0,0,0,0,0,0,0,0
load_generator,9,6,9,0,2848,0,238656,0,479495,0,0,W,0,0,0,0,0,0,0,479495
router,1,3,4,2455950,2455952,106169728,106169727,0,106169728,0,0,W,0,0,0,0,0,0,0,0
firewall,2,1,5,2231623,2231623,75498335,75498335,0,75498335,0,0,W,0,0,0,1000266,0,0,0,0
ndpi_stat,3,2,6,2454874,2455588,106088774,106169982,0,106169982,0,0,W,0,0,0,0,0,0,0,0
bridge,4,5,7,2455554,2455554,106170037,106170037,106170037,0,0,0,W,0,0,0,0,0,0,0,0
payload_scan,5,4,8,2455556,2455568,106170110,106170110,0,106170110,0,0,W,0,0,0,0,0,0,0,0
load_generator,9,6,9,0,2496,0,241152,0,703868,0,0,W,0,0,0,0,0,0,0,703868
router,1,3,4,2454661,2454661,108624544,108624544,0,108624544,0,0,W,0,0,0,0,0,0,0,0
firewall,2,1,5,2230436,2230436,77728866,77728866,0,77728866,0,0,W,0,0,0,1000266,0,0,0,0
ndpi_stat,3,2,6,2454118,2454809,108542944,108624846,0,108624846,0,0,W,0,0,0,0,0,0,0,0
bridge,4,5,7,2454813,2454814,108624923,108624923,108624923,0,0,0,W,0,0,0,0,0,0,0,0
payload_scan,5,4,8,2454832,2454832,108624984,108624984,0,108624984,0,0,W,0,0,0,0,0,0,0,0
load_generator,9,6,9,0,2592,0,243744,0,928211,0,0,W,0,0,0,0,0,0,0,928211
router,1,3,4,2456702,2456691,111081457,111081446,0,111081446,0,0,W,0,0,0,0,0,0,0,0
firewall,2,1,5,2232460,2232461,79961409,79961409,0,79961409,0,0,W,0,0,0,1000266,0,0,0,0
ndpi_stat,3,2,6,2456058,2456778,110999096,111081708,0,111081708,0,0,W,0,0,0,0,0,0,0,0
bridge,4,5,7,2456802,2456801,111081786,111081785,111081785,0,0,0,W,0,0,0,0,0,0,0,0
payload_scan,5,4,8,2456750,2456752,111081833,111081833,0,111081833,0,0,W,0,0,0,0,0,0,0,0
load_generator,9,6,9,0,2560,0,246304,0,1152554,0,0,W,0,0,0,0,0,0,0,1152554
router,1,3,4,2142998,2142998,113224634,113224634,0,113224634,0,0,W,0,0,0,0,0,0,0,0
firewall,2,1,5,1918778,1918775,81880245,81880242,0,81880242,0,0,W,0,0,0,1000266,0,0,0,0
ndpi_stat,3,2,6,2142429,2143049,113141604,113224836,0,113224836,0,0,W,0,0,0,0,0,0,0,0
bridge,4,5,7,2143053,2143053,113224886,113224886,113224886,0,0,0,W,0,0,0,0,0,0,0,0
payload_scan,5,4,8,2143058,2143058,113224954,113224954,0,113224954,0,0,W,0,0,0,0,0,0,0,0
load_generator,9,6,9,0,2592,0,248896,0,1376868,0,0,W,0,0,0,0,0,0,0,1376868
router,1,3,4,2141202,2141204,115365992,115365992,0,115365992,0,0,W,0,0,0,0,0,0,0,0
firewall,2,1,5,1916970,1916970,83797252,83797252,0,83797252,0,0,W,0,0,0,1000266,0,0,0,0
ndpi_stat,3,2,6,2140664,2141347,115282318,115366233,0,115366233,0,0,W,0,0,0,0,0,0,0,0
bridge,4,5,7,2141326,2141326,115366280,115366280,115366280,0,0,0,W,0,0,0,0,0,0,0,0
payload_scan,5,4,8,2141290,2141289,115366326,115366325,0,115366325,0,0,W,0,0,0,0,0,0,0,0
load_generator,9,6,9,0,2976,0,251872,0,1601237,0,0,W,0,0,0,0,0,0,0,1601237
router,1,3,4,2143683,2143683,117509849,117509849,0,117509849,0,0,W,0,0,0,0,0,0,0,0
firewall,2,1,5,1919458,1919458,85716768,85716768,0,85716768,0,0,W,0,0,0,1000266,0,0,0,0
ndpi_stat,3,2,6,2143202,2143805,117425569,117510087,0,117510108,0,0,W,0,0,0,0,0,0,0,0
bridge,4,5,7,2143865,2143869,117510190,117510189,117510189,0,0,0,W,0,0,0,0,0,0,0,0
payload_scan,5,4,8,2143837,2143837,117510227,117510227,0,117510227,0,0,W,0,0,0,0,0,0,0,0
load_generator,9,6,9,0,2656,0,254528,0,1825573,0,0,W,0,0,0,0,0,0,0,1825573
router,1,3,4,2144218,2144230,119654237,119654237,0,119654237,0,0,W,0,0,0,0,0,0,0,0
firewall,2,1,5,1920027,1920027,87636876,87636876,0,87636876,0,0,W,0,0,0,1000266,0,0,0,0
ndpi_stat,3,2,6,2143605,2144312,119569256,119654502,0,119654515,0,0,W,0,0,0,0,0,0,0,0
bridge,4,5,7,2144359,2144359,119654586,119654586,119654586,0,0,0,W,0,0,0,0,0,0,0,0
payload_scan,5,4,8,2144379,2144379,119654654,119654654,0,119654654,0,0,W,0,0,0,0,0,0,0,0
load_generator,9,6,9,0,2592,0,257120,0,2049898,0,0,W,0,0,0,0,0,0,0,2049898
router,1,3,4,2142000,2142009,121796452,121796452,0,121796452,0,0,W,0,0,0,0,0,0,0,0
firewall,2,1,5,1917744,1917741,89554679,89554676,0,89554676,0,0,W,0,0,0,1000266,0,0,0,0
ndpi_stat,3,2,6,2141513,2142088,121710849,121796687,0,121796687,0,0,W,0,0,0,0,0,0,0,0
bridge,4,5,7,2142423,2142401,121797077,121797055,121797055,0,0,0,W,0,0,0,0,0,0,0,0
payload_scan,5,4,8,2142455,2142458,121797156,121797156,0,121797156,0,0,W,0,0,0,0,0,0,0,0
load_generator,9,6,9,0,2592,0,259712,0,2274280,0,0,W,0,0,0,0,0,0,0,2274280
router,1,3,4,2144896,2144902,123941497,123941497,0,123941497,0,0,W,0,0,0,0,0,0,0,0
firewall,2,1,5,1920610,1920623,91475378,91475378,0,91475378,0,0,W,0,0,0,1000266,0,0,0,0
ndpi_stat,3,2,6,2144049,2144637,123855308,123941734,0,123941734,0,0,W,0,0,0,0,0,0,0,0
bridge,4,5,7,2144638,2144638,123941794,123941791,123941791,0,0,0,W,0,0,0,0,0,0,0,0
payload_scan,5,4,8,2144662,2144663,123941854,123941853,0,123941854,0,0,W,0,0,0,0,0,0,0,0
load_generator,9,6,9,0,2816,0,262528,0,2498621,0,0,W,0,0,0,0,0,0,0,2498621
router,1,3,4,2141459,2141459,126083139,126083139,0,126083139,0,0,W,0,0,0,0,0,0,0,0
firewall,2,1,5,1917285,1917285,93392713,93392711,0,93392711,0,0,W,0,0,0,1000266,0,0,0,0
ndpi_stat,3,2,6,2140971,2141678,125996342,126083473,0,126083473,0,0,W,0,0,0,0,0,0,0,0
bridge,4,5,7,2141678,2141678,126083531,126083531,126083531,0,0,0,W,0,0,0,0,0,0,0,0
payload_scan,5,4,8,2141698,2141691,126083600,126083592,0,126083600,0,0,W,0,0,0,0,0,0,0,0
load_generator,9,6,9,0,2816,0,265344,0,2723010,0,0,W,0,0,0,0,0,0,0,2723011
router,1,3,4,2141645,2141645,128225035,128225035,0,128225035,0,0,W,0,0,0,0,0,0,0,0
firewall,2,1,5,1917361,1917353,95310147,95310139,0,95310147,0,0,W,0,0,0,1000266,0,0,0,0
ndpi_stat,3,2,6,2141088,2141726,128137487,128225258,0,128225258,0,0,W,0,0,0,0,0,0,0,0
bridge,4,5,7,2141710,2141708,128225302,128225300,128225300,0,0,0,W,0,0,0,0,0,0,0,0
payload_scan,5,4,8,2141709,2141709,128225370,128225370,0,128225370,0,0,W,0,0,0,0,0,0,0,0
load_generator,9,6,9,0,2688,0,268032,0,2947385,0,0,W,0,0,0,0,0,0,0,2947385
router,1,3,4,2145170,2145168,130370365,130370363,0,130370363,0,0,W,0,0,0,0,0,0,0,0
firewall,2,1,5,1920914,1920914,97231101,97231101,0,97231101,0,0,W,0,0,0,1000266,0,0,0,0
ndpi_stat,3,2,6,2144563,2145264,130282100,130370566,0,130370566,0,0,W,0,0,0,0,0,0,0,0
bridge,4,5,7,2145253,2145253,130370623,130370623,130370623,0,0,0,W,0,0,0,0,0,0,0,0
payload_scan,5,4,8,2145285,2145285,130370706,130370706,0,130370706,0,0,W,0,0,0,0,0,0,0,0
load_generator,9,6,9,0,2624,0,270656,0,3171712,0,0,W,0,0,0,0,0,0,0,3171712
router,1,3,4,2142469,2142457,132512956,132512943,0,132512943,0,0,W,0,0,0,0,0,0,0,0
firewall,2,1,5,1918266,1918266,99149439,99149439,0,99149439,0,0,W,0,0,0,1000266,0,0,0,0
ndpi_stat,3,2,6,2142131,2142643,132424295,132513266,0,132513266,0,0,W,0,0,0,0,0,0,0,0
bridge,4,5,7,2142618,2142630,132513324,132513324,132513324,0,0,0,W,0,0,0,0,0,0,0,0
payload_scan,5,4,8,2142614,2142624,132513402,132513402,0,132513402,0,0,W,0,0,0,0,0,0,0,0
load_generator,9,6,9,0,2592,0,273248,0,3396032,0,0,W,0,0,0,0,0,0,0,3396032
router,1,3,4,2687959,2687959,135201109,135201109,0,135201109,0,0,W,0,0,0,0,0,0,0,0
firewall,2,1,5,2463689,2463689,101613244,101613244,0,101613244,0,0,W,0,0,0,1000266,0,0,0,0
ndpi_stat,3,2,6,2687446,2688037,135111820,135201379,0,135201379,0,0,W,0,0,0,0,0,0,0,0
bridge,4,5,7,2688056,2688073,135201458,135201458,135201458,0,0,0,W,0,0,0,0,0,0,0,0
payload_scan,5,4,8,2688050,2688057,135201538,135201535,0,135201535,0,0,W,0,0,0,0,0,0,0,0
load_generator,9,6,9,0,2688,0,275936,0,3620383,0,0,W,0,0,0,0,0,0,0,3620383
router,1,3,4,2683291,2683291,137884593,137884593,0,137884593,0,0,W,0,0,0,0,0,0,0,0
firewall,2,1,5,2459132,2459135,104072447,104072447,0,104072447,0,0,W,0,0,0,1000266,0,0,0,0
ndpi_stat,3,2,6,2682772,2683516,137794676,137884979,0,137884980,0,0,W,0,0,0,0,0,0,0,0
bridge,4,5,7,2683543,2683523,137885078,137885058,137885067,0,0,0,W,0,0,0,0,0,0,0,0
payload_scan,5,4,8,2683584,2683584,137885195,137885195,0,137885195,0,0,W,0,0,0,0,0,0,0,0
load_generator,9,6,9,0,2752,0,278688,0,3844762,0,0,W,0,0,0,0,0,0,0,3844762
router,1,3,4,2691226,2691230,140576095,140576091,0,140576091,0,0,W,0,0,0,0,0,0,0,0
firewall,2,1,5,2467001,2467009,106539548,106539548,0,106539548,0,0,W,0,0,0,1000266,0,0,0,0
ndpi_stat,3,2,6,2690603,2691344,140485391,140576436,0,140576436,0,0,W,0,0,0,0,0,0,0,0
bridge,4,5,7,2691306,2691307,140576501,140576501,140576501,0,0,0,W,0,0,0,0,0,0,0,0
payload_scan,5,4,8,2691598,2691599,140576892,140576892,0,140576892,0,0,W,0,0,0,0,0,0,0,0
load_generator,9,6,9,0,2464,0,281152,0,4069155,0,0,W,0,0,0,0,0,0,0,4069155
router,1,3,4,2692483,2692482,143268811,143268810,0,143268811,0,0,W,0,0,0,0,0,0,0,0
firewall,2,1,5,2468212,2468213,109007839,109007839,0,109007839,0,0,W,0,0,0,1000266,0,0,0,0
ndpi_stat,3,2,6,2691774,2692593,143177236,143269100,0,143269100,0,0,W,0,0,0,0,0,0,0,0
bridge,4,5,7,2692258,2692258,143269150,143269150,143269150,0,0,0,W,0,0,0,0,0,0,0,0
payload_scan,5,4,8,2692242,2692242,143269241,143269241,0,143269241,0,0,W,0,0,0,0,0,0,0,0
load_generator,9,6,9,0,2624,0,283776,0,4293501,0,0,W,0,0,0,0,0,0,0,4293501
router,1,3,4,2688356,2688364,145957364,145957360,0,145957360,0,0,W,0,0,0,0,0,0,0,0
firewall,2,1,5,2464153,2464154,111472067,111472067,0,111472067,0,0,W,0,0,0,1000266,0,0,0,0
ndpi_stat,3,2,6,2687960,2688535,145865252,145957690,0,145957690,0,0,W,0,0,0,0,0,0,0,0
bridge,4,5,7,2688544,2688544,145957785,145957785,145957785,0,0,0,W,0,0,0,0,0,0,0,0
payload_scan,5,4,8,2688583,2688575,145957884,145957876,0,145957876,0,0,W,0,0,0,0,0,0,0,0
load_generator,9,6,9,0,2784,0,286560,0,4517840,0,0,W,0,0,0,0,0,0,0,4517841
router,1,3,4,2691784,2691784,148649365,148649365,0,148649365,0,0,W,0,0,0,0,0,0,0,0
firewall,2,1,5,2467438,2467446,113939613,113939613,0,113939613,0,0,W,0,0,0,1000266,0,0,0,0
ndpi_stat,3,2,6,2691112,2691821,148556459,148649606,0,148649606,0,0,W,0,0,0,0,0,0,0,0
bridge,4,5,7,2691808,2691808,148649684,148649684,148649684,0,0,0,W,0,0,0,0,0,0,0,0
payload_scan,5,4,8,2691814,2691813,148649770,148649765,0,148649770,0,0,W,0,0,0,0,0,0,0,0
load_generator,9,6,9,0,2464,0,289024,0,4742241,0,0,W,0,0,0,0,0,0,0,4742241
router,1,3,4,2688556,2688552,151338063,151338059,0,151338063,0,0,W,0,0,0,0,0,0,0,0
firewall,2,1,5,2464343,2464343,116404031,116404031,0,116404031,0,0,W,0,0,0,1000266,0,0,0,0
ndpi_stat,3,2,6,2687982,2688716,151244511,151338400,0,151338400,0,0,W,0,0,0,0,0,0,0,0
bridge,4,5,7,2688704,2688704,151338469,151338469,151338469,0,0,0,W,0,0,0,0,0,0,0,0
payload_scan,5,4,8,2688718,2688718,151338555,151338554,0,151338554,0,0,W,0,0,0,0,0,0,0,0
load_generator,9,6,9,0,3008,0,292032,0,4966588,0,0,W,0,0,0,0,0,0,0,4966588
router,1,3,4,2689219,2689197,154027512,154027490,0,154027499,0,0,W,0,0,0,0,0,0,0,0
firewall,2,1,5,2465024,2465024,118869155,118869155,0,118869155,0,0,W,0,0,0,1000266,0,0,0,0
ndpi_stat,3,2,6,2688762,2689454,153933339,154027924,0,154027928,0,0,W,0,0,0,0,0,0,0,0
bridge,4,5,7,2689462,2689467,154028016,154028016,154028016,0,0,0,W,0,0,0,0,0,0,0,0
payload_scan,5,4,8,2689499,2689499,154028135,154028135,0,154028135,0,0,W,0,0,0,0,0,0,0,0
load_generator,9,6,9,0,2560,0,294592,0,5190950,0,0,W,0,0,0,0,0,0,0,5190950
router,1,3,4,2692360,2692383,156720119,156720119,0,156720119,0,0,W,0,0,0,0,0,0,0,0
firewall,2,1,5,2468048,2468048,121337343,121337343,0,121337343,0,0,W,0,0,0,1000266,0,0,0,0
ndpi_stat,3,2,6,2691739,2692389,156625186,156720422,0,156720425,0,0,W,0,0,0,0,0,0,0,0
bridge,4,5,7,2692346,2692350,156720481,156720481,156720481,0,0,0,W,0,0,0,0,0,0,0,0
payload_scan,5,4,8,2692355,2692360,156720565,156720565,0,156720565,0,0,W,0,0,0,0,0,0,0,0
load_generator,9,6,9,0,2688,0,297280,0,5415306,0,0,W,0,0,0,0,0,0,0,5415306
router,1,3,4,2679024,2679025,159399351,159399351,0,159399351,0,0,W,0,0,0,0,0,0,0,0
firewall,2,1,5,2454688,2454689,123792124,123792124,0,123792124,0,0,W,0,0,0,1000266,0,0,0,0
ndpi_stat,3,2,6,2678242,2678978,159303495,159399468,0,159399468,0,0,W,0,0,0,0,0,0,0,0
bridge,4,5,7,2678932,2678932,159399497,159399497,159399497,0,0,0,W,0,0,0,0,0,0,0,0
payload_scan,5,4,8,2678890,2678895,159399532,159399531,0,159399532,0,0,W,0,0,0,0,0,0,0,0
load_generator,9,6,9,0,2752,0,300032,0,5639624,0,0,W,0,0,0,0,0,0,0,5639624
router,1,3,4,1295866,1295866,160695293,160695293,0,160695293,0,0,W,0,0,0,0,0,0,0,0
firewall,2,1,5,1071611,1071611,124863768,124863768,0,124863768,0,0,W,0,0,0,1000266,0,0,0,0
ndpi_stat,3,2,6,1295581,1295925,160599105,160695422,0,160695422,0,0,W,0,0,0,0,0,0,0,0
bridge,4,5,7,1295926,1295926,160695457,160695457,160695457,0,0,0,W,0,0,0,0,0,0,0,0
payload_scan,5,4,8,1295931,1295934,160695515,160695515,0,160695515,0,0,W,0,0,0,0,0,0,0,0
load_generator,9,6,9,0,2560,0,302592,0,5863971,0,0,W,0,0,0,0,0,0,0,5863971
router,1,3,4,1294262,1294262,161989644,161989644,0,161989644,0,0,W,0,0,0,0,0,0,0,0
firewall,2,1,5,1069934,1069936,125933736,125933735,0,125933735,0,0,W,0,0,0,1000266,0,0,0,0
ndpi_stat,3,2,6,1293899,1294377,161893036,161989834,0,161989835,0,0,W,0,0,0,0,0,0,0,0
bridge,4,5,7,1294360,1294362,161989875,161989875,161989875,0,0,0,W,0,0,0,0,0,0,0,0
payload_scan,5,4,8,1294177,1294175,161989900,161989898,0,161989900,0,0,W,0,0,0,0,0,0,0,0
load_generator,9,6,9,0,2976,0,305568,0,6088364,0,0,W,0,0,0,0,0,0,0,6088364
router,1,3,4,1293251,1293251,163283024,163283024,0,163283024,0,0,W,0,0,0,0,0,0,0,0
firewall,2,1,5,1068972,1068970,127002758,127002756,0,127002756,0,0,W,0,0,0,1000266,0,0,0,0
ndpi_stat,3,2,6,1292815,1293286,163185892,163283161,0,163283161,0,0,W,0,0,0,0,0,0,0,0
bridge,4,5,7,1293293,1293290,163283191,163283188,163283188,0,0,0,W,0,0,0,0,0,0,0,0
payload_scan,5,4,8,1293295,1293293,163283231,163283229,0,163283229,0,0,W,0,0,0,0,0,0,0,0
load_generator,9,6,9,0,2944,0,308512,0,6312679,0,0,W,0,0,0,0,0,0,0,6312679
router,1,3,4,1295261,1295258,164578373,164578367,0,164578367,0,0,W,0,0,0,0,0,0,0,0
firewall,2,1,5,1071012,1071012,128073811,128073811,0,128073811,0,0,W,0,0,0,1000266,0,0,0,0
ndpi_stat,3,2,6,1294951,1295320,164480875,164578514,0,164578514,0,0,W,0,0,0,0,0,0,0,0
bridge,4,5,7,1295319,1295317,164578548,164578546,164578546,0,0,0,W,0,0,0,0,0,0,0,0
payload_scan,5,4,8,1295296,1295297,164578567,164578567,0,164578567,0,0,W,0,0,0,0,0,0,0,0
load_generator,9,6,9,0,2560,0,311072,0,6536970,0,0,W,0,0,0,0,0,0,0,6536970
router,1,3,4,1295019,1295019,165873481,165873481,0,165873481,0,0,W,0,0,0,0,0,0,0,0
firewall,2,1,5,1070697,1070699,129144555,129144555,0,129144555,0,0,W,0,0,0,1000266,0,0,0,0
ndpi_stat,3,2,6,1294621,1295075,165775529,165873623,0,165873623,0,0,W,0,0,0,0,0,0,0,0
bridge,4,5,7,1295091,1295092,165873658,165873657,165873658,0,0,0,W,0,0,0,0,0,0,0,0
payload_scan,5,4,8,1295086,1295086,165873694,165873694,0,165873694,0,0,W,0,0,0,0,0,0,0,0
load_generator,9,6,9,0,2752,0,313824,0,6761358,0,0,W,0,0,0,0,0,0,0,6761359
router,1,3,4,1295981,1295979,167169574,167169572,0,167169574,0,0,W,0,0,0,0,0,0,0,0
firewall,2,1,5,1071748,1071729,130216327,130216308,0,130216308,0,0,W,0,0,0,1000266,0,0,0,0
ndpi_stat,3,2,6,1295691,1296102,167071261,167169763,0,167169763,0,0,W,0,0,0,0,0,0,0,0
bridge,4,5,7,1296089,1296089,167169783,167169783,167169783,0,0,0,W,0,0,0,0,0,0,0,0
payload_scan,5,4,8,1296104,1296100,167169828,167169824,0,167169824,0,0,W,0,0,0,0,0,0,0,0
load_generator,9,6,9,0,3072,0,316896,0,6985701,0,0,W,0,0,0,0,0,0,0,6985701
router,1,3,4,1296347,1296340,168466031,168466024,0,168466024,0,0,W,0,0,0,0,0,0,0,0
firewall,2,1,5,1071982,1071982,131288363,131288363,0,131288363,0,0,W,0,0,0,1000266,0,0,0,0
ndpi_stat,3,2,6,1295979,1296367,168367260,168466150,0,168466150,0,0,W,0,0,0,0,0,0,0,0
bridge,4,5,7,1296368,1296366,168466192,168466190,168466190,0,0,0,W,0,0,0,0,0,0,0,0
payload_scan,5,4,8,1296361,1296363,168466237,168466236,0,168466237,0,0,W,0,0,0,0,0,0,0,0
load_generator,9,6,9,0,2720,0,319616,0,7210062,0,0,W,0,0,0,0,0,0,0,7210062
router,1,3,4,1296538,1296538,169762640,169762640,0,169762640,0,0,W,0,0,0,0,0,0,0,0
firewall,2,1,5,1072267,1072273,132360677,132360676,0,132360676,0,0,W,0,0,0,1000266,0,0,0,0
ndpi_stat,3,2,6,1296199,1296611,169663502,169762804,0,169762804,0,0,W,0,0,0,0,0,0,0,0
bridge,4,5,7,1296621,1296621,169762857,169762857,169762857,0,0,0,W,0,0,0,0,0,0,0,0
payload_scan,5,4,8,1296625,1296626,169762884,169762884,0,169762884,0,0,W,0,0,0,0,0,0,0,0
load_generator,9,6,9,0,3264,0,322880,0,7434418,0,0,W,0,0,0,0,0,0,0,7434418
router,1,3,4,1294795,1294793,171057564,171057560,0,171057560,0,0,W,0,0,0,0,0,0,0,0
firewall,2,1,5,1070513,1070513,133431217,133431217,0,133431217,0,0,W,0,0,0,1000266,0,0,0,0
ndpi_stat,3,2,6,1294405,1294830,170957963,171057689,0,171057689,0,0,W,0,0,0,0,0,0,0,0
bridge,4,5,7,1294830,1294830,171057714,171057714,171057714,0,0,0,W,0,0,0,0,0,0,0,0
payload_scan,5,4,8,1294831,1294840,171057753,171057753,0,171057753,0,0,W,0,0,0,0,0,0,0,0
load_generator,9,6,9,0,2752,0,325632,0,7658806,0,0,W,0,0,0,0,0,0,0,7658806
router,1,3,4,1299193,1299195,172356852,172356852,0,172356852,0,0,W,0,0,0,0,0,0,0,0
firewall,2,1,5,1074865,1074865,134506105,134506105,0,134506105,0,0,W,0,0,0,1000266,0,0,0,0
ndpi_stat,3,2,6,1298893,1299287,172256887,172357002,0,172357002,0,0,W,0,0,0,0,0,0,0,0
bridge,4,5,7,1299298,1299298,172357051,172357051,172357051,0,0,0,W,0,0,0,0,0,0,0,0
payload_scan,5,4,8,1299049,1299048,172357107,172357106,0,172357106,0,0,W,0,0,0,0,0,0,0,0
load_generator,9,6,9,0,2880,0,328512,0,7883174,0,0,W,0,0,0,0,0,0,0,7883174
router,1,3,4,1443268,1443272,173800227,173800227,0,173800227,0,0,W,0,0,0,0,0,0,0,0
firewall,2,1,5,1218965,1218965,135725105,135725105,0,135725105,0,0,W,0,0,0,1000266,0,0,0,0
ndpi_stat,3,2,6,1442880,1443339,173699818,173800391,0,173800391,0,0,W,0,0,0,0,0,0,0,0
bridge,4,5,7,1443325,1443325,173800431,173800430,173800430,0,0,0,W,0,0,0,0,0,0,0,0
payload_scan,5,4,8,1443325,1443328,173800485,173800479,0,173800479,0,0,W,0,0,0,0,0,0,0,0
load_generator,9,6,9,0,2848,0,331360,0,8107550,0,0,W,0,0,0,0,0,0,0,8107551
router,1,3,4,1442178,1442180,175242504,175242504,0,175242504,0,0,W,0,0,0,0,0,0,0,0
firewall,2,1,5,1217888,1217888,136943050,136943050,0,136943050,0,0,W,0,0,0,1000266,0,0,0,0
ndpi_stat,3,2,6,1441883,1442257,175141743,175242688,0,175242688,0,0,W,0,0,0,0,0,0,0,0
bridge,4,5,7,1442268,1442267,175242747,175242746,175242746,0,0,0,W,0,0,0,0,0,0,0,0
payload_scan,5,4,8,1442242,1442242,175242789,175242789,0,175242789,0,0,W,0,0,0,0,0,0,0,0
load_generator,9,6,9,0,2688,0,334048,0,8331921,0,0,W,0,0,0,0,0,0,0,8331921
router,1,3,4,1440372,1440366,176683014,176683008,0,176683008,0,0,W,0,0,0,0,0,0,0,0
firewall,2,1,5,1216070,1216070,138159158,138159158,0,138159158,0,0,W,0,0,0,1000266,0,0,0,0
ndpi_stat,3,2,6,1439931,1440435,176581726,176683182,0,176683182,0,0,W,0,0,0,0,0,0,0,0
bridge,4,5,7,1440425,1440425,176683214,176683214,176683214,0,0,0,W,0,0,0,0,0,0,0,0
payload_scan,5,4,8,1440418,1440419,176683245,176683245,0,176683245,0,0,W,0,0,0,0,0,0,0,0
load_generator,9,6,9,0,3008,0,337056,0,8556293,0,0,W,0,0,0,0,0,0,0,8556293
router,1,3,4,1440382,1440382,178123508,178123508,0,178123508,0,0,W,0,0,0,0,0,0,0,0
firewall,2,1,5,1216107,1216107,139375309,139375309,0,139375309,0,0,W,0,0,0,1000266,0,0,0,0
ndpi_stat,3,2,6,1440011,1440498,178021773,178123714,0,178123714,0,0,W,0,0,0,0,0,0,0,0
bridge,4,5,7,1440497,1440495,178123742,178123740,178123742,0,0,0,W,0,0,0,0,0,0,0,0
payload_scan,5,4,8,1440506,1440507,178123800,178123800,0,178123800,0,0,W,0,0,0,0,0,0,0,0
load_generator,9,6,9,0,3040,0,340096,0,8780663,0,0,W,0,0,0,0,0,0,0,8780663
router,1,3,4,1442823,1442823,179566453,179566453,0,179566453,0,0,W,0,0,0,0,0,0,0,0
firewall,2,1,5,1218480,1218475,140593854,140593849,0,140593851,0,0,W,0,0,0,1000266,0,0,0,0
ndpi_stat,3,2,6,1442405,1442874,179464205,179566616,0,179566616,0,0,W,0,0,0,0,0,0,0,0
bridge,4,5,7,1442866,1442866,179566666,179566666,179566666,0,0,0,W,0,0,0,0,0,0,0,0
payload_scan,5,4,8,1442867,1442867,179566718,179566718,0,179566718,0,0,W,0,0,0,0,0,0,0,0
load_generator,9,6,9,0,2848,0,342944,0,9005025,0,0,W,0,0,0,0,0,0,0,9005026
router,1,3,4,1440675,1440677,181007226,181007226,0,181007226,0,0,W,0,0,0,0,0,0,0,0
firewall,2,1,5,1216396,1216393,141810305,141810302,0,141810302,0,0,W,0,0,0,1000266,0,0,0,0
ndpi_stat,3,2,6,1440153,1440696,180904405,181007363,0,181007363,0,0,W,0,0,0,0,0,0,0,0
bridge,4,5,7,1440684,1440685,181007402,181007402,181007402,0,0,0,W,0,0,0,0,0,0,0,0
payload_scan,5,4,8,1440700,1440700,181007442,181007442,0,181007442,0,0,W,0,0,0,0,0,0,0,0
load_generator,9,6,9,0,3040,0,345984,0,9229342,0,0,W,0,0,0,0,0,0,0,9229342
router,1,3,4,1441631,1441634,182448948,182448948,0,182448948,0,0,W,0,0,0,0,0,0,0,0
firewall,2,1,5,1217316,1217316,143027654,143027654,0,143027654,0,0,W,0,0,0,1000266,0,0,0,0
ndpi_stat,3,2,6,1441276,1441690,182345723,182449095,0,182449096,0,0,W,0,0,0,0,0,0,0,0
bridge,4,5,7,1441684,1441683,182449126,182449125,182449125,0,0,0,W,0,0,0,0,0,0,0,0
payload_scan,5,4,8,1441671,1441675,182449164,182449164,0,182449164,0,0,W,0,0,0,0,0,0,0,0
load_generator,9,6,9,0,2464,0,348448,0,9453752,0,0,W,0,0,0,0,0,0,0,9453752
router,1,3,4,1439002,1439000,183888049,183888044,0,183888044,0,0,W,0,0,0,0,0,0,0,0
firewall,2,1,5,1214651,1214651,144242346,144242346,0,144242346,0,0,W,0,0,0,1000266,0,0,0,0
ndpi_stat,3,2,6,1438537,1439091,183784290,183888217,0,183888217,0,0,W,0,0,0,0,0,0,0,0
bridge,4,5,7,1439088,1439083,183888252,183888247,183888247,0,0,0,W,0,0,0,0,0,0,0,0
payload_scan,5,4,8,1438877,1438882,183888304,183888303,0,183888304,0,0,W,0,0,0,0,0,0,0,0
load_generator,9,6,9,0,2912,0,351360,0,9678150,0,0,W,0,0,0,0,0,0,0,9678150
router,1,3,4,1440972,1440972,185329139,185329139,0,185329139,0,0,W,0,0,0,0,0,0,0,0
firewall,2,1,5,1216710,1216710,145459096,145459096,0,145459096,0,0,W,0,0,0,1000266,0,0,0,0
ndpi_stat,3,2,6,1440526,1441001,185224858,185329256,0,185329256,0,0,W,0,0,0,0,0,0,0,0
bridge,4,5,7,1440991,1440991,185329294,185329294,185329294,0,0,0,W,0,0,0,0,0,0,0,0
payload_scan,5,4,8,1440994,1440997,185329333,185329333,0,185329333,0,0,W,0,0,0,0,0,0,0,0
load_generator,9,6,9,0,2816,0,354176,0,9902449,0,0,W,0,0,0,0,0,0,0,9902449
router,1,3,4,1467352,1467352,186796576,186796576,0,186796576,0,0,W,0,0,0,0,0,0,0,0
firewall,2,1,5,1243208,1243210,146702331,146702331,0,146702331,0,0,W,0,0,0,1000266,0,0,0,0
ndpi_stat,3,2,6,1467077,1467562,186691973,186796857,0,186796857,0,0,W,0,0,0,0,0,0,0,0
bridge,4,5,7,1467614,1467614,186796947,186796947,186796947,0,0,0,W,0,0,0,0,0,0,0,0
payload_scan,5,4,8,1467691,1467691,186797056,186797056,0,186797056,0,0,W,0,0,0,0,0,0,0,0
load_generator,9,6,9,0,2752,0,356928,0,10126786,0,0,W,0,0,0,0,0,0,0,10126786
router,1,3,4,2417821,2417836,189214607,189214607,0,189214607,0,0,W,0,0,0,0,0,0,0,0
firewall,2,1,5,2193568,2193568,148895967,148895967,0,148895967,0,0,W,0,0,0,1000266,0,0,0,0
ndpi_stat,3,2,6,2417184,2417929,189109243,189214877,0,189214877,0,0,W,0,0,0,0,0,0,0,0
bridge,4,5,7,2417879,2417885,189214935,189214935,189214935,0,0,0,W,0,0,0,0,0,0,0,0
payload_scan,5,4,8,2417919,2417930,189215024,189215024,0,189215024,0,0,W,0,0,0,0,0,0,0,0
load_generator,9,6,9,0,2688,0,359616,0,10351141,0,0,W,0,0,0,0,0,0,0,10351141
router,1,3,4,2417377,2417389,191632165,191632165,0,191632165,0,0,W,0,0,0,0,0,0,0,0
firewall,2,1,5,2193202,2193202,151089255,151089255,0,151089255,0,0,W,0,0,0,1000266,0,0,0,0
ndpi_stat,3,2,6,2416887,2417550,191526195,191632485,0,191632485,0,0,W,0,0,0,0,0,0,0,0
bridge,4,5,7,2417517,2417514,191632541,191632538,191632538,0,0,0,W,0,0,0,0,0,0,0,0
payload_scan,5,4,8,2417574,2417574,191632642,191632642,0,191632642,0,0,W,0,0,0,0,0,0,0,0
load_generator,9,6,9,0,2720,0,362336,0,10575484,0,0,W,0,0,0,0,0,0,0,10575485
router,1,3,4,2415888,2415888,194048303,194048303,0,194048303,0,0,W,0,0,0,0,0,0,0,0
firewall,2,1,5,2191645,2191645,153280963,153280963,0,153280963,0,0,W,0,0,0,1000266,0,0,0,0
ndpi_stat,3,2,6,2415358,2415996,193941607,194048537,0,194048537,0,0,W,0,0,0,0,0,0,0,0
bridge,4,5,7,2415965,2415957,194048607,194048599,194048599,0,0,0,W,0,0,0,0,0,0,0,0
payload_scan,5,4,8,2415956,2415956,194048665,194048665,0,194048665,0,0,W,0,0,0,0,0,0,0,0
load_generator,9,6,9,0,2848,0,365184,0,10799821,0,0,W,0,0,0,0,0,0,0,10799821
router,1,3,4,2414522,2414514,196462983,196462975,0,196462975,0,0,W,0,0,0,0,0,0,0,0
firewall,2,1,5,2190308,2190308,155471347,155471347,0,155471347,0,0,W,0,0,0,1000266,0,0,0,0
ndpi_stat,3,2,6,2413862,2414666,196355536,196463274,0,196463274,0,0,W,0,0,0,0,0,0,0,0
bridge,4,5,7,2414725,2414725,196463390,196463390,196463390,0,0,0,W,0,0,0,0,0,0,0,0
payload_scan,5,4,8,2414735,2414734,196463460,196463459,0,196463459,0,0,W,0,0,0,0,0,0,0,0
load_generator,9,6,9,0,2592,0,367776,0,11024169,0,0,W,0,0,0,0,0,0,0,11024169
router,1,3,4,2417919,2417941,198881100,198881100,0,198881100,0,0,W,0,0,0,0,0,0,0,0
firewall,2,1,5,2193731,2193738,157665170,157665170,0,157665170,0,0,W,0,0,0,1000266,0,0,0,0
ndpi_stat,3,2,6,2417417,2418029,198773062,198881419,0,198881419,0,0,W,0,0,0,0,0,0,0,0
bridge,4,5,7,2418044,2418052,198881503,198881503,198881503,0,0,0,W,0,0,0,0,0,0,0,0
payload_scan,5,4,8,2418061,2418055,198881580,198881573,0,198881574,0,0,W,0,0,0,0,0,0,0,0
load_generator,9,6,9,0,2688,0,370464,0,11248486,0,0,W,0,0,0,0,0,0,0,11248486
router,1,3,4,2418852,2418843,201300178,201300169,0,201300169,0,0,W,0,0,0,0,0,0,0,0
firewall,2,1,5,2194495,2194495,159859768,159859768,0,159859768,0,0,W,0,0,0,1000266,0,0,0,0
ndpi_stat,3,2,6,2418291,2418866,201191404,201300360,0,201300370,0,0,W,0,0,0,0,0,0,0,0
bridge,4,5,7,2418877,2418891,201300450,201300450,201300450,0,0,0,W,0,0,0,0,0,0,0,0
payload_scan,5,4,8,2418858,2418858,201300501,201300501,0,201300501,0,0,W,0,0,0,0,0,0,0,0
load_generator,9,6,9,0,2624,0,373088,0,11472845,0,0,W,0,0,0,0,0,0,0,11472845
router,1,3,4,2420511,2420512,203720801,203720801,0,203720801,0,0,W,0,0,0,0,0,0,0,0
firewall,2,1,5,2196287,2196277,162056139,162056127,0,162056127,0,0,W,0,0,0,1000266,0,0,0,0
ndpi_stat,3,2,6,2419910,2420594,203611386,203721048,0,203721048,0,0,W,0,0,0,0,0,0,0,0
bridge,4,5,7,2420605,2420605,203721106,203721106,203721106,0,0,0,W,0,0,0,0,0,0,0,0
payload_scan,5,4,8,2420653,2420647,203721177,203721171,0,203721171,0,0,W,0,0,0,0,0,0,0,0
load_generator,9,6,9,0,2528,0,375616,0,11697157,0,0,W,0,0,0,0,0,0,0,11697157
router,1,3,4,2420125,2420115,206141069,206141059,0,206141059,0,0,W,0,0,0,0,0,0,0,0
firewall,2,1,5,2195862,2195866,164252077,164252070,0,164252070,0,0,W,0,0,0,1000266,0,0,0,0
ndpi_stat,3,2,6,2419480,2420176,206030922,206141287,0,206141287,0,0,W,0,0,0,0,0,0,0,0
bridge,4,5,7,2420212,2420212,206141383,206141383,206141383,0,0,0,W,0,0,0,0,0,0,0,0
payload_scan,5,4,8,2420218,2420219,206141451,206141451,0,206141451,0,0,W,0,0,0,0,0,0,0,0
load_generator,9,6,9,0,2944,0,378560,0,11921487,0,0,W,0,0,0,0,0,0,0,11921487
router,1,3,4,2421066,2421058,208562288,208562280,0,208562280,0,0,W,0,0,0,0,0,0,0,0
firewall,2,1,5,2196834,2196831,166448979,166448967,0,166448979,0,0,W,0,0,0,1000266,0,0,0,0
ndpi_stat,3,2,6,2420555,2421182,208451569,208562572,0,208562572,0,0,W,0,0,0,0,0,0,0,0
bridge,4,5,7,2421161,2421169,208562612,208562612,208562612,0,0,0,W,0,0,0,0,0,0,0,0
payload_scan,5,4,8,2421180,2421180,208562719,208562719,0,208562719,0,0,W,0,0,0,0,0,0,0,0
load_generator,9,6,9,0,2624,0,381184,0,12145833,0,0,W,0,0,0,0,0,0,0,12145833
router,1,3,4,2395511,2395507,210957986,210957982,0,210957982,0,0,W,0,0,0,0,0,0,0,0
firewall,2,1,5,2170702,2170706,168619767,168619763,0,168619763,0,0,W,0,0,0,1000266,0,0,0,0
ndpi_stat,3,2,6,2395087,2395790,210846729,210958429,0,210958429,0,0,W,0,0,0,0,0,0,0,0
bridge,4,5,7,2395840,2395838,210958559,210958556,210958556,0,0,0,W,0,0,0,0,0,0,0,0
payload_scan,5,4,8,2395944,2395931,210958741,210958728,0,210958728,0,0,W,0,0,0,0,0,0,0,0
load_generator,9,6,9,0,2624,0,383808,0,12370881,0,0,W,0,0,0,0,0,0,0,12370881
router,1,3,4,1700901,1700901,212659159,212659159,0,212659159,0,0,W,0,0,0,0,0,0,0,0
firewall,2,1,5,1476436,1476432,170096355,170096351,0,170096355,0,0,W,0,0,0,1000266,0,0,0,0
ndpi_stat,3,2,6,1700235,1700760,212547113,212659343,0,212659347,0,0,W,0,0,0,0,0,0,0,0
bridge,4,5,7,1700664,1700669,212659392,212659392,212659392,0,0,0,W,0,0,0,0,0,0,0,0
payload_scan,5,4,8,1700577,1700591,212659449,212659449,0,212659449,0,0,W,0,0,0,0,0,0,0,0
load_generator,9,6,9,0,2720,0,386528,0,12595250,0,0,W,0,0,0,0,0,0,0,12595250
router,1,3,4,1701094,1701101,214360369,214360369,0,214360369,0,0,W,0,0,0,0,0,0,0,0
firewall,2,1,5,1476788,1476788,171573203,171573203,0,171573203,0,0,W,0,0,0,1000266,0,0,0,0
ndpi_stat,3,2,6,1700652,1701145,214247811,214360538,0,214360538,0,0,W,0,0,0,0,0,0,0,0
bridge,4,5,7,1701147,1701147,214360596,214360596,214360596,0,0,0,W,0,0,0,0,0,0,0,0
payload_scan,5,4,8,1701139,1701137,214360634,214360632,0,214360634,0,0,W,0,0,0,0,0,0,0,0
load_generator,9,6,9,0,2752,0,389280,0,12819607,0,0,W,0,0,0,0,0,0,0,12819607
router,1,3,4,1691582,1691558,216052068,216052035,0,216052035,0,0,W,0,0,0,0,0,0,0,0
firewall,2,1,5,1467326,1467326,173040571,173040571,0,173040571,0,0,W,0,0,0,1000266,0,0,0,0
ndpi_stat,3,2,6,1691066,1691718,215938940,216052320,0,216052320,0,0,W,0,0,0,0,0,0,0,0
bridge,4,5,7,1691724,1691724,216052356,216052356,216052356,0,0,0,W,0,0,0,0,0,0,0,0
payload_scan,5,4,8,1691789,1691791,216052461,216052461,0,216052461,0,0,W,0,0,0,0,0,0,0,0
load_generator,9,6,9,0,3328,0,392608,0,13043997,0,0,W,0,0,0,0,0,0,0,13043997
router,1,3,4,1702643,1702643,217754887,217754887,0,217754887,0,0,W,0,0,0,0,0,0,0,0
firewall,2,1,5,1478291,1478288,174518926,174518923,0,174518923,0,0,W,0,0,0,1000266,0,0,0,0
ndpi_stat,3,2,6,1702201,1702718,217641211,217755108,0,217755108,0,0,W,0,0,0,0,0,0,0,0
bridge,4,5,7,1702690,1702690,217755150,217755150,217755150,0,0,0,W,0,0,0,0,0,0,0,0
payload_scan,5,4,8,1702646,1702639,217755207,217755200,0,217755200,0,0,W,0,0,0,0,0,0,0,0
load_generator,9,6,9,0,2624,0,395232,0,13268443,0,0,W,0,0,0,0,0,0,0,13268443
router,1,3,4,1700281,1700298,219455319,219455319,0,219455319,0,0,W,0,0,0,0,0,0,0,0
firewall,2,1,5,1475986,1475983,175994969,175994966,0,175994966,0,0,W,0,0,0,1000266,0,0,0,0
ndpi_stat,3,2,6,1699766,1700346,219341017,219455496,0,219455496,0,0,W,0,0,0,0,0,0,0,0
bridge,4,5,7,1700348,1700348,219455548,219455548,219455548,0,0,0,W,0,0,0,0,0,0,0,0
payload_scan,5,4,8,1700349,1700348,219455601,219455600,0,219455600,0,0,W,0,0,0,0,0,0,0,0
load_generator,9,6,9,0,2688,0,397920,0,13492796,0,0,W,0,0,0,0,0,0,0,13492796
router,1,3,4,1698029,1698024,221153467,221153462,0,221153462,0,0,W,0,0,0,0,0,0,0,0
firewall,2,1,5,1473777,1473773,177468791,177468787,0,177468787,0,0,W,0,0,0,1000266,0,0,0,0
ndpi_stat,3,2,6,1697557,1698079,221038628,221153628,0,221153630,0,0,W,0,0,0,0,0,0,0,0
bridge,4,5,7,1698083,1698083,221153683,221153683,221153683,0,0,0,W,0,0,0,0,0,0,0,0
payload_scan,5,4,8,1698099,1698101,221153739,221153739,0,221153739,0,0,W,0,0,0,0,0,0,0,0
load_generator,9,6,9,0,2592,0,400512,0,13717121,0,0,W,0,0,0,0,0,0,0,13717121
router,1,3,4,1698844,1698844,222852429,222852429,0,222852429,0,0,W,0,0,0,0,0,0,0,0
firewall,2,1,5,1474554,1474553,178943379,178943378,0,178943381,0,0,W,0,0,0,1000266,0,0,0,0
ndpi_stat,3,2,6,1698363,1698918,222737045,222852602,0,222852603,0,0,W,0,0,0,0,0,0,0,0
bridge,4,5,7,1698909,1698909,222852648,222852648,222852648,0,0,0,W,0,0,0,0,0,0,0,0
payload_scan,5,4,8,1698906,1698906,222852703,222852703,0,222852703,0,0,W,0,0,0,0,0,0,0,0
load_generator,9,6,9,0,2688,0,403200,0,13941504,0,0,W,0,0,0,0,0,0,0,13941504
router,1,3,4,1697642,1697645,224550203,224550202,0,224550202,0,0,W,0,0,0,0,0,0,0,0
firewall,2,1,5,1473355,1473344,180416766,180416755,0,180416763,0,0,W,0,0,0,1000266,0,0,0,0
ndpi_stat,3,2,6,1697161,1697726,224434260,224550381,0,224550397,0,0,W,0,0,0,0,0,0,0,0
bridge,4,5,7,1697760,1697760,224550463,224550463,224550463,0,0,0,W,0,0,0,0,0,0,0,0
payload_scan,5,4,8,1697765,1697765,224550501,224550501,0,224550501,0,0,W,0,0,0,0,0,0,0,0
load_generator,9,6,9,0,2944,0,406144,0,14165895,0,0,W,0,0,0,0,0,0,0,14165896
router,1,3,4,1699064,1699064,226249395,226249395,0,226249395,0,0,W,0,0,0,0,0,0,0,0
firewall,2,1,5,1474805,1474799,181891629,181891623,0,181891623,0,0,W,0,0,0,1000266,0,0,0,0
ndpi_stat,3,2,6,1698568,1699115,226132891,226249585,0,226249585,0,0,W,0,0,0,0,0,0,0,0
bridge,4,5,7,1699113,1699113,226249614,226249614,226249614,0,0,0,W,0,0,0,0,0,0,0,0
payload_scan,5,4,8,1699125,1699125,226249665,226249665,0,226249665,0,0,W,0,0,0,0,0,0,0,0
load_generator,9,6,9,0,2688,0,408832,0,14390225,0,0,W,0,0,0,0,0,0,0,14390225
router,1,3,4,1687386,1687391,227936911,227936911,0,227936911,0,0,W,0,0,0,0,0,0,0,0
firewall,2,1,5,1463079,1463078,183354755,183354754,0,183354755,0,0,W,0,0,0,1000266,0,0,0,0
ndpi_stat,3,2,6,1686972,1687455,227819892,227937069,0,227937069,0,0,W,0,0,0,0,0,0,0,0
bridge,4,5,7,1687454,1687454,227937119,227937119,227937119,0,0,0,W,0,0,0,0,0,0,0,0
payload_scan,5,4,8,1687437,1687438,227937165,227937165,0,227937165,0,0,W,0,0,0,0,0,0,0,0
load_generator,9,6,9,0,2656,0,411488,0,14614599,0,0,W,0,0,0,0,0,0,0,14614599
router,1,3,4,1455946,1455946,229392974,229392974,0,229392974,0,0,W,0,0,0,0,0,0,0,0
firewall,2,1,5,1231720,1231720,184586508,184586508,0,184586508,0,0,W,0,0,0,1000266,0,0,0,0
ndpi_stat,3,2,6,1455627,1456106,229275570,229393225,0,229393225,0,0,W,0,0,0,0,0,0,0,0
bridge,4,5,7,1456088,1456088,229393253,229393253,229393253,0,0,0,W,0,0,0,0,0,0,0,0
payload_scan,5,4,8,1456089,1456089,229393302,229393302,0,229393302,0,0,W,0,0,0,0,0,0,0,0
load_generator,9,6,9,0,2880,0,414368,0,14838973,0,0,W,0,0,0,0,0,0,0,14838973
router,1,3,4,1457093,1457094,230850252,230850252,0,230850252,0,0,W,0,0,0,0,0,0,0,0
firewall,2,1,5,1232791,1232792,185819359,185819359,0,185819359,0,0,W,0,0,0,1000266,0,0,0,0
ndpi_stat,3,2,6,1456683,1457162,230732281,230850415,0,230850415,0,0,W,0,0,0,0,0,0,0,0
bridge,4,5,7,1457149,1457151,230850451,230850451,230850451,0,0,0,W,0,0,0,0,0,0,0,0
payload_scan,5,4,8,1457162,1457162,230850492,230850492,0,230850492,0,0,W,0,0,0,0,0,0,0,0
load_generator,9,6,9,0,2656,0,417024,0,15063329,0,0,W,0,0,0,0,0,0,0,15063329
router,1,3,4,1455946,1455949,232306314,232306314,0,232306314,0,0,W,0,0,0,0,0,0,0,0
firewall,2,1,5,1231693,1231693,187051094,187051094,0,187051094,0,0,W,0,0,0,1000266,0,0,0,0
ndpi_stat,3,2,6,1455599,1456042,232187919,232306496,0,232306496,0,0,W,0,0,0,0,0,0,0,0
bridge,4,5,7,1456050,1456048,232306542,232306540,232306542,0,0,0,W,0,0,0,0,0,0,0,0
payload_scan,5,4,8,1456047,1456047,232306567,232306567,0,232306567,0,0,W,0,0,0,0,0,0,0,0
load_generator,9,6,9,0,2720,0,419744,0,15287686,0,0,W,0,0,0,0,0,0,0,15287686
router,1,3,4,1457228,1457220,233763688,233763680,0,233763687,0,0,W,0,0,0,0,0,0,0,0
firewall,2,1,5,1232973,1232971,188284100,188284098,0,188284098,0,0,W,0,0,0,1000266,0,0,0,0
ndpi_stat,3,2,6,1456744,1457290,233644706,233763832,0,233763832,0,0,W,0,0,0,0,0,0,0,0
bridge,4,5,7,1457307,1457306,233763874,233763873,233763874,0,0,0,W,0,0,0,0,0,0,0,0
payload_scan,5,4,8,1457306,1457306,233763914,233763912,0,233763912,0,0,W,0,0,0,0,0,0,0,0
load_generator,9,6,9,0,3072,0,422816,0,15512017,0,0,W,0,0,0,0,0,0,0,15512017
router,1,3,4,1457923,1457926,235221716,235221716,0,235221716,0,0,W,0,0,0,0,0,0,0,0
firewall,2,1,5,1233663,1233671,189517799,189517799,0,189517799,0,0,W,0,0,0,1000266,0,0,0,0
ndpi_stat,3,2,6,1457538,1457981,235102287,235221856,0,235221856,0,0,W,0,0,0,0,0,0,0,0
bridge,4,5,7,1457985,1457985,235221897,235221897,235221897,0,0,0,W,0,0,0,0,0,0,0,0
payload_scan,5,4,8,1457988,1457988,235221931,235221931,0,235221931,0,0,W,0,0,0,0,0,0,0,0
load_generator,9,6,9,0,2688,0,425504,0,15736328,0,0,W,0,0,0,0,0,0,0,15736328
router,1,3,4,1454158,1454155,236675964,236675961,0,236675964,0,0,W,0,0,0,0,0,0,0,0
firewall,2,1,5,1229871,1229874,190747715,190747715,0,190747715,0,0,W,0,0,0,1000266,0,0,0,0
ndpi_stat,3,2,6,1453821,1454269,236556149,236676166,0,236676166,0,0,W,0,0,0,0,0,0,0,0
bridge,4,5,7,1454276,1454273,236676207,236676204,236676204,0,0,0,W,0,0,0,0,0,0,0,0
payload_scan,5,4,8,1454271,1454272,236676240,236676240,0,236676240,0,0,W,0,0,0,0,0,0,0,0
load_generator,9,6,9,0,2880,0,428384,0,15960710,0,0,W,0,0,0,0,0,0,0,15960710
router,1,3,4,1458379,1458381,238134469,238134469,0,238134469,0,0,W,0,0,0,0,0,0,0,0
firewall,2,1,5,1234062,1234062,191981836,191981836,0,191981836,0,0,W,0,0,0,1000266,0,0,0,0
ndpi_stat,3,2,6,1457967,1458410,238014157,238134618,0,238134618,0,0,W,0,0,0,0,0,0,0,0
bridge,4,5,7,1458414,1458414,238134654,238134654,238134654,0,0,0,W,0,0,0,0,0,0,0,0
payload_scan,5,4,8,1458429,1458425,238134710,238134706,0,238134706,0,0,W,0,0,0,0,0,0,0,0
load_generator,9,6,9,0,2624,0,431008,0,16185060,0,0,W,0,0,0,0,0,0,0,16185060
router,1,3,4,1454673,1454674,239589245,239589245,0,239589245,0,0,W,0,0,0,0,0,0,0,0
firewall,2,1,5,1230402,1230405,193212278,193212278,0,193212278,0,0,W,0,0,0,1000266,0,0,0,0
ndpi_stat,3,2,6,1454288,1454739,239468482,239589393,0,239589393,0,0,W,0,0,0,0,0,0,0,0
bridge,4,5,7,1454758,1454765,239589464,239589464,239589464,0,0,0,W,0,0,0,0,0,0,0,0
payload_scan,5,4,8,1454821,1454818,239589562,239589559,0,239589562,0,0,W,0,0,0,0,0,0,0,0
load_generator,9,6,9,0,2944,0,433952,0,16409405,0,0,W,0,0,0,0,0,0,0,16409405
router,1,3,4,1455347,1455349,241044690,241044690,0,241044690,0,0,W,0,0,0,0,0,0,0,0
firewall,2,1,5,1231025,1231027,194443352,194443343,0,194443343,0,0,W,0,0,0,1000266,0,0,0,0
ndpi_stat,3,2,6,1454892,1455375,240923449,241044839,0,241044841,0,0,W,0,0,0,0,0,0,0,0
bridge,4,5,7,1455324,1455324,241044883,241044883,241044883,0,0,0,W,0,0,0,0,0,0,0,0
payload_scan,5,4,8,1455284,1455295,241044914,241044913,0,241044913,0,0,W,0,0,0,0,0,0,0,0
load_generator,9,6,9,0,2912,0,436864,0,16633757,0,0,W,0,0,0,0,0,0,0,16633757
router,1,3,4,1485295,1485295,242530075,242530075,0,242530075,0,0,W,0,0,0,0,0,0,0,0
firewall,2,1,5,1261559,1261559,195704954,195704954,0,195704954,0,0,W,0,0,0,1000266,0,0,0,0
ndpi_stat,3,2,6,1485475,1486032,242408968,242530915,0,242530915,0,0,W,0,0,0,0,0,0,0,0
bridge,4,5,7,1486064,1486064,242530977,242530977,242530977,0,0,0,W,0,0,0,0,0,0,0,0
payload_scan,5,4,8,1486115,1486115,242531060,242531060,0,242531060,0,0,W,0,0,0,0,0,0,0,0
load_generator,9,6,9,0,2880,0,439744,0,16858214,0,0,W,0,0,0,0,0,0,0,16858214
router,1,3,4,1922222,1922228,244453067,244453065,0,244453067,0,0,W,0,0,0,0,0,0,0,0
firewall,2,1,5,1697955,1697955,197402978,197402978,0,197402978,0,0,W,0,0,0,1000266,0,0,0,0
ndpi_stat,3,2,6,1921777,1922321,244330803,244453298,0,244453298,0,0,W,0,0,0,0,0,0,0,0
bridge,4,5,7,1922280,1922280,244453340,244453340,244453340,0,0,0,W,0,0,0,0,0,0,0,0
payload_scan,5,4,8,1922264,1922264,244453380,244453380,0,244453380,0,0,W,0,0,0,0,0,0,0,0
load_generator,9,6,9,0,2752,0,442496,0,17082574,0,0,W,0,0,0,0,0,0,0,17082574
router,1,3,4,1922346,1922341,246375570,246375565,0,246375567,0,0,W,0,0,0,0,0,0,0,0
firewall,2,1,5,1698029,1698027,199101066,199101064,0,199101064,0,0,W,0,0,0,1000266,0,0,0,0
ndpi_stat,3,2,6,1921767,1922393,246252615,246375734,0,246375734,0,0,W,0,0,0,0,0,0,0,0
bridge,4,5,7,1922404,1922406,246375784,246375783,246375783,0,0,0,W,0,0,0,0,0,0,0,0
payload_scan,5,4,8,1922400,1922400,246375838,246375838,0,246375838,0,0,W,0,0,0,0,0,0,0,0
load_generator,9,6,9,0,2816,0,445312,0,17306925,0,0,W,0,0,0,0,0,0,0,17306925
router,1,3,4,1920906,1920905,248296573,248296572,0,248296572,0,0,W,0,0,0,0,0,0,0,0
firewall,2,1,5,1696683,1696683,200797807,200797807,0,200797807,0,0,W,0,0,0,1000266,0,0,0,0
ndpi_stat,3,2,6,1920375,1920993,248173042,248296778,0,248296778,0,0,W,0,0,0,0,0,0,0,0
bridge,4,5,7,1920979,1920978,248296817,248296816,248296816,0,0,0,W,0,0,0,0,0,0,0,0
payload_scan,5,4,8,1920978,1920978,248296863,248296863,0,248296863,0,0,W,0,0,0,0,0,0,0,0
load_generator,9,6,9,0,2656,0,447968,0,17531233,0,0,W,0,0,0,0,0,0,0,17531233
router,1,3,4,1909417,1909415,250206122,250206120,0,250206120,0,0,W,0,0,0,0,0,0,0,0
firewall,2,1,5,1685114,1685115,202482981,202482981,0,202482981,0,0,W,0,0,0,1000266,0,0,0,0
ndpi_stat,3,2,6,1908793,1909494,250081876,250206312,0,250206312,0,0,W,0,0,0,0,0,0,0,0
bridge,4,5,7,1909501,1909501,250206364,250206364,250206364,0,0,0,W,0,0,0,0,0,0,0,0
payload_scan,5,4,8,1909458,1909458,250206436,250206436,0,250206436,0,0,W,0,0,0,0,0,0,0,0
load_generator,9,6,9,0,3392,0,451360,0,17755603,0,0,W,0,0,0,0,0,0,0,17755603
router,1,3,4,1923249,1923249,252129502,252129502,0,252129502,0,0,W,0,0,0,0,0,0,0,0
firewall,2,1,5,1699036,1699034,204182063,204182061,0,204182063,0,0,W,0,0,0,1000266,0,0,0,0
ndpi_stat,3,2,6,1922778,1923373,252004714,252129737,0,252129737,0,0,W,0,0,0,0,0,0,0,0
bridge,4,5,7,1923368,1923367,252129804,252129803,252129803,0,0,0,W,0,0,0,0,0,0,0,0
payload_scan,5,4,8,1923350,1923351,252129858,252129858,0,252129858,0,0,W,0,0,0,0,0,0,0,0
load_generator,9,6,9,0,2688,0,454048,0,17979935,0,0,W,0,0,0,0,0,0,0,17979935
router,1,3,4,1926561,1926561,254056205,254056205,0,254056205,0,0,W,0,0,0,0,0,0,0,0
firewall,2,1,5,1702248,1702246,205884369,205884367,0,205884367,0,0,W,0,0,0,1000266,0,0,0,0
ndpi_stat,3,2,6,1925990,1926579,253930765,254056383,0,254056383,0,0,W,0,0,0,0,0,0,0,0
bridge,4,5,7,1926588,1926588,254056446,254056446,254056446,0,0,0,W,0,0,0,0,0,0,0,0
payload_scan,5,4,8,1926581,1926581,254056490,254056490,0,254056490,0,0,W,0,0,0,0,0,0,0,0
load_generator,9,6,9,0,2688,0,456736,0,18204288,0,0,W,0,0,0,0,0,0,0,18204288
router,1,3,4,1918283,1918285,255974617,255974617,0,255974617,0,0,W,0,0,0,0,0,0,0,0
firewall,2,1,5,1694020,1694031,207578439,207578439,0,207578439,0,0,W,0,0,0,1000266,0,0,0,0
ndpi_stat,3,2,6,1917794,1918360,255848622,255974806,0,255974806,0,0,W,0,0,0,0,0,0,0,0
bridge,4,5,7,1918384,1918388,255974874,255974874,255974874,0,0,0,W,0,0,0,0,0,0,0,0
payload_scan,5,4,8,1918396,1918405,255974938,255974938,0,255974938,0,0,W,0,0,0,0,0,0,0,0
load_generator,9,6,9,0,2848,0,459584,0,18428630,0,0,W,0,0,0,0,0,0,0,18428630
router,1,3,4,1925404,1925405,257900151,257900151,0,257900151,0,0,W,0,0,0,0,0,0,0,0
firewall,2,1,5,1701404,1701410,209279904,209279902,0,209279902,0,0,W,0,0,0,1000266,0,0,0,0
ndpi_stat,3,2,6,1925254,1925782,257773943,257900656,0,257900656,0,0,W,0,0,0,0,0,0,0,0
bridge,4,5,7,1925812,1925812,257900750,257900750,257900750,0,0,0,W,0,0,0,0,0,0,0,0
payload_scan,5,4,8,1925839,1925837,257900834,257900832,0,257900832,0,0,W,0,0,0,0,0,0,0,0
load_generator,9,6,9,0,2912,0,462496,0,18653004,0,0,W,0,0,0,0,0,0,0,18653004
router,1,3,4,1918651,1918644,259819187,259819180,0,259819180,0,0,W,0,0,0,0,0,0,0,0
firewall,2,1,5,1694307,1694311,210974299,210974294,0,210974296,0,0,W,0,0,0,1000266,0,0,0,0
ndpi_stat,3,2,6,1918118,1918678,259692152,259819429,0,259819429,0,0,W,0,0,0,0,0,0,0,0
bridge,4,5,7,1918651,1918649,259819483,259819481,259819481,0,0,0,W,0,0,0,0,0,0,0,0
payload_scan,5,4,8,1918633,1918633,259819532,259819532,0,259819532,0,0,W,0,0,0,0,0,0,0,0
load_generator,9,6,9,0,2848,0,465344,0,18877385,0,0,W,0,0,0,0,0,0,0,18877385
router,1,3,4,1925855,1925856,261745210,261745210,0,261745210,0,0,W,0,0,0,0,0,0,0,0
firewall,2,1,5,1701625,1701622,212675987,212675984,0,212675987,0,0,W,0,0,0,1000266,0,0,0,0
ndpi_stat,3,2,6,1925369,1925944,261617572,261745427,0,261745430,0,0,W,0,0,0,0,0,0,0,0
bridge,4,5,7,1925975,1925982,261745507,261745507,261745507,0,0,0,W,0,0,0,0,0,0,0,0
payload_scan,5,4,8,1926008,1926008,261745613,261745613,0,261745613,0,0,W,0,0,0,0,0,0,0,0
load_generator,9,6,9,0,2880,0,468224,0,19101714,0,0,W,0,0,0,0,0,0,0,19101714
router,1,3,4,2018172,2018171,263763545,263763544,0,263763544,0,0,W,0,0,0,0,0,0,0,0
firewall,2,1,5,1793905,1793910,214469946,214469945,0,214469945,0,0,W,0,0,0,1000266,0,0,0,0
ndpi_stat,3,2,6,2017631,2018237,263635293,263763744,0,263763744,0,0,W,0,0,0,0,0,0,0,0
bridge,4,5,7,2018185,2018184,263763798,263763797,263763797,0,0,0,W,0,0,0,0,0,0,0,0
payload_scan,5,4,8,2018194,2018198,263763858,263763856,0,263763856,0,0,W,0,0,0,0,0,0,0,0
load_generator,9,6,9,0,2656,0,470880,0,19326054,0,0,W,0,0,0,0,0,0,0,19326054
router,1,3,4,2017257,2017257,265780933,265780933,0,265780933,0,0,W,0,0,0,0,0,0,0,0
firewall,2,1,5,1792985,1792986,216262991,216262990,0,216262991,0,0,W,0,0,0,1000266,0,0,0,0
ndpi_stat,3,2,6,2016729,2017334,265652078,265781134,0,265781134,0,0,W,0,0,0,0,0,0,0,0
bridge,4,5,7,2017352,2017349,265781208,265781205,265781205,0,0,0,W,0,0,0,0,0,0,0,0
payload_scan,5,4,8,2017356,2017356,265781280,265781280,0,265781280,0,0,W,0,0,0,0,0,0,0,0
load_generator,9,6,9,0,2784,0,473664,0,19550411,0,0,W,0,0,0,0,0,0,0,19550411
router,1,3,4,2021803,2021804,267802878,267802878,0,267802878,0,0,W,0,0,0,0,0,0,0,0
firewall,2,1,5,1797571,1797570,218060609,218060608,0,218060609,0,0,W,0,0,0,1000266,0,0,0,0
ndpi_stat,3,2,6,2021281,2021903,267673442,267803114,0,267803114,0,0,W,0,0,0,0,0,0,0,0
bridge,4,5,7,2021922,2021926,267803202,267803202,267803202,0,0,0,W,0,0,0,0,0,0,0,0
payload_scan,5,4,8,2021934,2021934,267803269,267803269,0,267803269,0,0,W,0,0,0,0,0,0,0,0
load_generator,9,6,9,0,2656,0,476320,0,19774765,0,0,W,0,0,0,0,0,0,0,19774765
router,1,3,4,2025050,2025053,269828095,269828092,0,269828092,0,0,W,0,0,0,0,0,0,0,0
firewall,2,1,5,1799833,1799833,219860523,219860523,0,219860523,0,0,W,0,0,0,1000266,0,0,0,0
ndpi_stat,3,2,6,2024523,2025118,269698030,269828320,0,269828320,0,0,W,0,0,0,0,0,0,0,0
bridge,4,5,7,2025150,2025135,269828419,269828399,269828399,0,0,0,W,0,0,0,0,0,0,0,0
payload_scan,5,4,8,2025183,2025184,269828523,269828523,0,269828523,0,0,W,0,0,0,0,0,0,0,0
load_generator,9,6,9,0,2816,0,479136,0,20000071,0,0,W,0,0,0,0,0,0,0,20000071
router,1,3,4,2019975,2019985,271848239,271848237,0,271848238,0,0,W,0,0,0,0,0,0,0,0
firewall,2,1,5,1795757,1795757,221656332,221656332,0,221656332,0,0,W,0,0,0,1000266,0,0,0,0
ndpi_stat,3,2,6,2019418,2020041,271717557,271848474,0,271848476,0,0,W,0,0,0,0,0,0,0,0
bridge,4,5,7,2019995,2019996,271848518,271848518,271848518,0,0,0,W,0,0,0,0,0,0,0,0
payload_scan,5,4,8,2019995,2019996,271848583,271848583,0,271848583,0,0,W,0,0,0,0,0,0,0,0
load_generator,9,6,9,0,2880,0,482016,0,20224402,0,0,W,0,0,0,0,0,0,0,20224402
router,1,3,4,2013518,2013518,273861928,273861928,0,273861928,0,0,W,0,0,0,0,0,0,0,0
firewall,2,1,5,1789498,1789497,223445887,223445886,0,223445886,0,0,W,0,0,0,1000266,0,0,0,0
ndpi_stat,3,2,6,2013349,2013905,273730952,273862424,0,273862424,0,0,W,0,0,0,0,0,0,0,0
bridge,4,5,7,2013907,2013915,273862490,273862490,273862490,0,0,0,W,0,0,0,0,0,0,0,0
payload_scan,5,4,8,2013864,2013860,273862525,273862521,0,273862521,0,0,W,0,0,0,0,0,0,0,0
load_generator,9,6,9,0,2592,0,484608,0,20448806,0,0,W,0,0,0,0,0,0,0,20448807
router,1,3,4,2019974,2019974,275882342,275882342,0,275882342,0,0,W,0,0,0,0,0,0,0,0
firewall,2,1,5,1795713,1795712,225241647,225241646,0,225241647,0,0,W,0,0,0,1000266,0,0,0,0
ndpi_stat,3,2,6,2019485,2020076,275750505,275882566,0,275882566,0,0,W,0,0,0,0,0,0,0,0
bridge,4,5,7,2020098,2020096,275882619,275882617,275882617,0,0,0,W,0,0,0,0,0,0,0,0
payload_scan,5,4,8,2020072,2020072,275882669,275882669,0,275882669,0,0,W,0,0,0,0,0,0,0,0
load_generator,9,6,9,0,2720,0,487328,0,20673162,0,0,W,0,0,0,0,0,0,0,20673162
router,1,3,4,2017780,2017785,277900266,277900261,0,277900261,0,0,W,0,0,0,0,0,0,0,0
firewall,2,1,5,1793520,1793520,227035236,227035236,0,227035236,0,0,W,0,0,0,1000266,0,0,0,0
ndpi_stat,3,2,6,2017292,2017874,277767852,277900494,0,277900494,0,0,W,0,0,0,0,0,0,0,0
bridge,4,5,7,2017885,2017885,277900554,277900554,277900554,0,0,0,W,0,0,0,0,0,0,0,0
payload_scan,5,4,8,2017885,2017885,277900619,277900619,0,277900619,0,0,W,0,0,0,0,0,0,0,0
load_generator,9,6,9,0,3008,0,490336,0,20897539,0,0,W,0,0,0,0,0,0,0,20897539
router,1,3,4,2019922,2019917,279920373,279920368,0,279920368,0,0,W,0,0,0,0,0,0,0,0
firewall,2,1,5,1795654,1795655,228830929,228830926,0,228830926,0,0,W,0,0,0,1000266,0,0,0,0
ndpi_stat,3,2,6,2019450,2020023,279787369,279920577,0,279920577,0,0,W,0,0,0,0,0,0,0,0
bridge,4,5,7,2020011,2020009,279920630,279920628,279920628,0,0,0,W,0,0,0,0,0,0,0,0
payload_scan,5,4,8,2020017,2020017,279920696,279920696,0,279920696,0,0,W,0,0,0,0,0,0,0,0
load_generator,9,6,9,0,2688,0,493024,0,21121899,0,0,W,0,0,0,0,0,0,0,21121899
router,1,3,4,2095560,2095560,282016051,282016051,0,282016051,0,0,W,0,0,0,0,0,0,0,0
firewall,2,1,5,1871390,1871388,230702399,230702395,0,230702399,0,0,W,0,0,0,1000266,0,0,0,0
ndpi_stat,3,2,6,2095143,2095787,281882554,282016417,0,282016421,0,0,W,0,0,0,0,0,0,0,0
bridge,4,5,7,2095822,2095822,282016518,282016518,282016518,0,0,0,W,0,0,0,0,0,0,0,0
payload_scan,5,4,8,2095841,2095841,282016595,282016595,0,282016595,0,0,W,0,0,0,0,0,0,0,0
load_generator,9,6,9,0,2816,0,495840,0,21346210,0,0,W,0,0,0,0,0,0,0,21346210
router,1,3,4,2970718,2970718,284986987,284986987,0,284986987,0,0,W,0,0,0,0,0,0,0,0
firewall,2,1,5,2746420,2746420,233448947,233448947,0,233448947,0,0,W,0,0,0,1000266,0,0,0,0
ndpi_stat,3,2,6,2970074,2970789,284852727,284987309,0,284987309,0,0,W,0,0,0,0,0,0,0,0
bridge,4,5,7,2970788,2970800,284987383,284987383,284987383,0,0,0,W,0,0,0,0,0,0,0,0
payload_scan,5,4,8,2970837,2970837,284987527,284987527,0,284987527,0,0,W,0,0,0,0,0,0,0,0
load_generator,9,6,9,0,2464,0,498304,0,21570568,0,0,W,0,0,0,0,0,0,0,21570568
router,1,3,4,2967930,2967945,287955113,287955112,0,287955113,0,0,W,0,0,0,0,0,0,0,0
firewall,2,1,5,2743725,2743721,236192783,236192779,0,236192779,0,0,W,0,0,0,1000266,0,0,0,0
ndpi_stat,3,2,6,2967409,2968117,287820210,287955500,0,287955500,0,0,W,0,0,0,0,0,0,0,0
bridge,4,5,7,2968037,2968036,287955564,287955563,287955563,0,0,0,W,0,0,0,0,0,0,0,0
payload_scan,5,4,8,2968016,2968016,287955639,287955639,0,287955639,0,0,W,0,0,0,0,0,0,0,0
load_generator,9,6,9,0,2624,0,500928,0,21794941,0,0,W,0,0,0,0,0,0,0,21794941
router,1,3,4,2971655,2971655,290927052,290927051,0,290927052,0,0,W,0,0,0,0,0,0,0,0
firewall,2,1,5,2747492,2747492,238940371,238940371,0,238940371,0,0,W,0,0,0,1000266,0,0,0,0
ndpi_stat,3,2,6,2971164,2971880,290791434,290927444,0,290927444,0,0,W,0,0,0,0,0,0,0,0
bridge,4,5,7,2971937,2971937,290927576,290927576,290927576,0,0,0,W,0,0,0,0,0,0,0,0
payload_scan,5,4,8,2971912,2971911,290927645,290927644,0,290927644,0,0,W,0,0,0,0,0,0,0,0
load_generator,9,6,9,0,2400,0,503328,0,22019266,0,0,W,0,0,0,0,0,0,0,22019266
router,1,3,4,2971441,2971445,293898753,293898753,0,293898753,0,0,W,0,0,0,0,0,0,0,0
firewall,2,1,5,2747168,2747172,241687679,241687679,0,241687679,0,0,W,0,0,0,1000266,0,0,0,0
ndpi_stat,3,2,6,2971322,2972111,293762872,293899687,0,293899687,0,0,W,0,0,0,0,0,0,0,0
bridge,4,5,7,2972080,2972080,293899724,293899724,293899724,0,0,0,W,0,0,0,0,0,0,0,0
payload_scan,5,4,8,2972094,2972091,293899826,293899822,0,293899822,0,0,W,0,0,0,0,0,0,0,0
load_generator,9,6,9,0,2688,0,506016,0,22243669,0,0,W,0,0,0,0,0,0,0,22243669
router,1,3,4,2970528,2970541,296869503,296869503,0,296869503,0,0,W,0,0,0,0,0,0,0,0
firewall,2,1,5,2745708,2745708,244434039,244434039,0,244434039,0,0,W,0,0,0,1000266,0,0,0,0
ndpi_stat,3,2,6,2969252,2970057,296732190,296869810,0,296869810,0,0,W,0,0,0,0,0,0,0,0
bridge,4,5,7,2970082,2970078,296869904,296869900,296869900,0,0,0,W,0,0,0,0,0,0,0,0
payload_scan,5,4,8,2970080,2970076,296869969,296869965,0,296869965,0,0,W,0,0,0,0,0,0,0,0
load_generator,9,6,9,0,2528,0,508544,0,22467986,0,0,W,0,0,0,0,0,0,0,22467986
router,1,3,4,2974574,2974571,299844277,299844273,0,299844273,0,0,W,0,0,0,0,0,0,0,0
firewall,2,1,5,2750404,2750404,247184539,247184539,0,247184539,0,0,W,0,0,0,1000266,0,0,0,0
ndpi_stat,3,2,6,2974007,2974760,299706291,299844664,0,299844668,0,0,W,0,0,0,0,0,0,0,0
bridge,4,5,7,2974809,2974800,299844774,299844765,299844765,0,0,0,W,0,0,0,0,0,0,0,0
payload_scan,5,4,8,2974791,2974779,299844854,299844842,0,299844842,0,0,W,0,0,0,0,0,0,0,0
load_generator,9,6,9,0,2368,0,510912,0,22692313,0,0,W,0,0,0,0,0,0,0,22692313
router,1,3,4,2975376,2975381,302819904,302819904,0,302819904,0,0,W,0,0,0,0,0,0,0,0
firewall,2,1,5,2751124,2751116,249935795,249935783,0,249935783,0,0,W,0,0,0,1000266,0,0,0,0
ndpi_stat,3,2,6,2974669,2975457,302681066,302820231,0,302820231,0,0,W,0,0,0,0,0,0,0,0
bridge,4,5,7,2975458,2975458,302820300,302820300,302820300,0,0,0,W,0,0,0,0,0,0,0,0
payload_scan,5,4,8,2975434,2975434,302820382,302820382,0,302820382,0,0,W,0,0,0,0,0,0,0,0
load_generator,9,6,9,0,2496,0,513408,0,22916643,0,0,W,0,0,0,0,0,0,0,22916643
router,1,3,4,2967320,2967319,305787426,305787425,0,305787426,0,0,W,0,0,0,0,0,0,0,0
firewall,2,1,5,2743103,2743103,252679003,252679003,0,252679003,0,0,W,0,0,0,1000266,0,0,0,0
ndpi_stat,3,2,6,2966675,2967457,305647816,305787761,0,305787761,0,0,W,0,0,0,0,0,0,0,0
bridge,4,5,7,2967493,2967485,305787875,305787863,305787863,0,0,0,W,0,0,0,0,0,0,0,0
payload_scan,5,4,8,2967527,2967528,305787971,305787971,0,305787971,0,0,W,0,0,0,0,0,0,0,0
load_generator,9,6,9,0,2688,0,516096,0,23140960,0,0,W,0,0,0,0,0,0,0,23140960
router,1,3,4,2974346,2974350,308761985,308761978,0,308761978,0,0,W,0,0,0,0,0,0,0,0
firewall,2,1,5,2750112,2750112,255429231,255429227,0,255429227,0,0,W,0,0,0,1000266,0,0,0,0
ndpi_stat,3,2,6,2973598,2974370,308621541,308762257,0,308762257,0,0,W,0,0,0,0,0,0,0,0
bridge,4,5,7,2974360,2974361,308762331,308762331,308762331,0,0,0,W,0,0,0,0,0,0,0,0
payload_scan,5,4,8,2974370,2974370,308762424,308762424,0,308762424,0,0,W,0,0,0,0,0,0,0,0
load_generator,9,6,9,0,2272,0,518368,0,23365254,0,0,W,0,0,0,0,0,0,0,23365255
router,1,3,4,2898128,2898132,311660289,311660289,0,311660289,0,0,W,0,0,0,0,0,0,0,0
firewall,2,1,5,2673845,2673845,258103164,258103164,0,258103164,0,0,W,0,0,0,1000266,0,0,0,0
ndpi_stat,3,2,6,2897382,2898164,311519001,311660495,0,311660495,0,0,W,0,0,0,0,0,0,0,0
bridge,4,5,7,2898116,2898116,311660540,311660540,311660540,0,0,0,W,0,0,0,0,0,0,0,0
payload_scan,5,4,8,2898092,2898092,311660593,311660593,0,311660593,0,0,W,0,0,0,0,0,0,0,0
load_generator,9,6,9,0,2400,0,520768,0,23589562,0,0,W,0,0,0,0,0,0,0,23589562
router,1,3,4,2110716,2110725,313771123,313771122,0,313771122,0,0,W,0,0,0,0,0,0,0,0
firewall,2,1,5,1886478,1886483,259989727,259989727,0,259989727,0,0,W,0,0,0,1000266,0,0,0,0
ndpi_stat,3,2,6,2110148,2110766,313629204,313771316,0,313771320,0,0,W,0,0,0,0,0,0,0,0
bridge,4,5,7,2110776,2110776,313771369,313771369,313771369,0,0,0,W,0,0,0,0,0,0,0,0
payload_scan,5,4,8,2110779,2110779,313771417,313771416,0,313771416,0,0,W,0,0,0,0,0,0,0,0
load_generator,9,6,9,0,2464,0,523232,0,23813850,0,0,W,0,0,0,0,0,0,0,23813850
router,1,3,4,2114502,2114508,315885761,315885761,0,315885761,0,0,W,0,0,0,0,0,0,0,0
firewall,2,1,5,1890302,1890305,26