bridge,1,1,4,2,0,2,0,0,0,0,0,W,0,0,0,0,0,0,0,0
bridge,1,1,4,176953,177153,177153,177153,177153,0,0,0,W,0,510078,0,510078,0,0,0,0
bridge,1,1,4,708000,708000,885181,885181,885181,0,0,0,W,0,0,0,510078,0,0,0,0
bridge,1,1,4,705145,705145,1590362,1590362,1590362,0,0,0,W,0,0,0,510078,0,0,0,0
bridge,1,1,4,707592,707595,2297987,2297987,2297987,0,0,0,W,0,0,0,510078,0,0,0,0
bridge,1,1,4,708487,708485,3006512,3006510,3006510,0,0,0,W,0,0,0,510078,0,0,0,0
bridge,1,1,4,707781,707781,3714320,3714320,3714320,0,0,0,W,0,0,0,510078,0,0,0,0
bridge,1,1,4,705302,705302,4419661,4419661,4419661,0,0,0,W,0,0,0,510078,0,0,0,0
bridge,1,1,4,706224,706224,5125929,5125929,5125929,0,0,0,W,0,0,0,510078,0,0,0,0
bridge,1,1,4,1574220,1574220,6700203,6700203,6700203,0,0,0,W,0,0,0,510078,0,0,0,0
bridge,1,1,4,2080078,2080076,8780394,8780392,8780392,0,0,0,W,0,0,0,510078,0,0,0,0
bridge,1,1,4,2232780,2232782,11013299,11013299,11013299,0,0,0,W,0,0,0,510078,0,0,0,0
bridge,1,1,4,2241351,2241352,13254714,13254709,13254709,0,0,0,W,0,0,0,510078,0,0,0,0
bridge,1,1,4,2243331,2243331,15498113,15498113,15498113,0,0,0,W,0,0,0,510078,0,0,0,0
bridge,1,1,4,2239137,2239137,17737333,17737333,17737333,0,0,0,W,0,0,0,510078,0,0,0,0
bridge,1,1,4,2240881,2240879,19978277,19978274,19978277,0,0,0,W,0,0,0,510078,0,0,0,0
bridge,1,1,4,2242138,2242138,22220537,22220537,22220537,0,0,0,W,0,0,0,510078,0,0,0,0
bridge,1,1,4,2237861,2237857,24458496,24458492,24458492,0,0,0,W,0,0,0,510078,0,0,0,0
bridge,1,1,4,2242332,2242331,26700937,26700936,26700936,0,0,0,W,0,0,0,510078,0,0,0,0
bridge,1,1,4,1581148,1581147,28282118,28282117,28282117,0,0,0,W,0,0,0,510078,0,0,0,0
bridge,1,1,4,1084242,1084243,29366435,29366435,29366435,0,0,0,W,0,0,0,510078,0,0,0,0
bridge,1,1,4,1083451,1083450,30449939,30449938,30449939,0,0,0,W,0,0,0,510078,0,0,0,0
bridge,1,1,4,1082461,1082461,31532428,31532428,31532428,0,0,0,W,0,0,0,510078,0,0,0,0
bridge,1,1,4,1085506,1085506,32617959,32617959,32617959,0,0,0,W,0,0,0,510078,0,0,0,0
bridge,1,1,4,1084287,1084287,33702274,33702274,33702274,0,0,0,W,0,0,0,510078,0,0,0,0
bridge,1,1,4,1082870,1082870,34785167,34785167,34785167,0,0,0,W,0,0,0,510078,0,0,0,0
bridge,1,1,4,1082402,1082401,35867597,35867596,35867596,0,0,0,W,0,0,0,510078,0,0,0,0
bridge,1,1,4,1088161,1088163,36955795,36955795,36955795,0,0,0,W,0,0,0,510078,0,0,0,0
bridge,1,1,4,1085350,1085350,38041177,38041177,38041177,0,0,0,W,0,0,0,510078,0,0,0,0
bridge,1,1,4,1646879,1646879,39688104,39688104,39688104,0,0,0,W,0,0,0,510078,0,0,0,0
bridge,1,1,4,2049351,2049359,41737509,41737509,41737509,0,0,0,W,0,0,0,510078,0,0,0,0
bridge,1,1,4,2042395,2042399,43780408,43780408,43780408,0,0,0,W,0,0,0,510078,0,0,0,0
bridge,1,1,4,2068098,2068103,45848562,45848549,45848561,0,0,0,W,0,0,0,510078,0,0,0,0
bridge,1,1,4,2071410,2071408,47920017,47920013,47920013,0,0,0,W,0,0,0,510078,0,0,0,0
bridge,1,1,4,2067468,2067471,49987546,49987546,49987546,0,0,0,W,0,0,0,510078,0,0,0,0
bridge,1,1,4,2070573,2070573,52058159,52058159,52058159,0,0,0,W,0,0,0,510078,0,0,0,0
bridge,1,1,4,2070185,2070185,54128428,54128428,54128428,0,0,0,W,0,0,0,510078,0,0,0,0
bridge,1,1,4,2066316,2066316,56194806,56194806,56194806,0,0,0,W,0,0,0,510078,0,0,0,0
bridge,1,1,4,2065702,2065700,58260549,58260547,58260547,0,0,0,W,0,0,0,510078,0,0,0,0
bridge,1,1,4,1863590,1863590,60124203,60124203,60124203,0,0,0,W,0,0,0,510078,0,0,0,0
bridge,1,1,4,1711790,1711790,61836031,61836031,61836031,0,0,0,W,0,0,0,510078,0,0,0,0
bridge,1,1,4,1699412,1699411,63535476,63535475,63535476,0,0,0,W,0,0,0,510078,0,0,0,0
bridge,1,1,4,1709492,1709492,65245063,65245063,65245063,0,0,0,W,0,0,0,510078,0,0,0,0
bridge,1,1,4,1711495,1711495,66956590,66956588,66956590,0,0,0,W,0,0,0,510078,0,0,0,0
bridge,1,1,4,1706074,1706076,68662721,68662721,68662721,0,0,0,W,0,0,0,510078,0,0,0,0
bridge,1,1,4,1712711,1712711,70375489,70375487,70375487,0,0,0,W,0,0,0,510078,0,0,0,0
bridge,1,1,4,1712663,1712663,72088197,72088197,72088197,0,0,0,W,0,0,0,510078,0,0,0,0
bridge,1,1,4,1708491,1708490,73796718,73796717,73796717,0,0,0,W,0,0,0,510078,0,0,0,0
bridge,1,1,4,1710390,1710391,75507140,75507138,75507138,0,0,0,W,0,0,0,510078,0,0,0,0
bridge,1,1,4,2273519,2273514,77780705,77780695,77780705,0,0,0,W,0,0,0,510078,0,0,0,0
bridge,1,1,4,2681813,2681810,80462990,80462987,80462987,0,0,0,W,0,0,0,510078,0,0,0,0
bridge,1,1,4,2586323,2586323,83049353,83049353,83049353,0,0,0,W,0,0,0,510078,0,0,0,0
bridge,1,1,4,2531688,2531688,85581129,85581129,85581129,0,0,0,W,0,0,0,510078,0,0,0,0
bridge,1,1,4,2682284,2682273,88263525,88263514,88263514,0,0,0,W,0,0,0,510078,0,0,0,0
bridge,1,1,4,2677529,2677533,90941118,90941115,90941118,0,0,0,W,0,0,0,510078,0,0,0,0
bridge,1,1,4,2681027,2681030,93622188,93622188,93622188,0,0,0,W,0,0,0,510078,0,0,0,0
bridge,1,1,4,2682503,2682493,96304740,96304730,96304730,0,0,0,W,0,0,0,510078,0,0,0,0
bridge,1,1,4,2682055,2682066,98986851,98986851,98986851,0,0,0,W,0,0,0,510078,0,0,0,0
bridge,1,1,4,2680524,2680523,101667399,101667396,101667396,0,0,0,W,0,0,0,510078,0,0,0,0
bridge,1,1,4,2431957,2431957,104099384,104099384,104099384,0,0,0,W,0,0,0,510078,0,0,0,0
bridge,1,1,4,2265311,2265311,106364767,106364767,106364767,0,0,0,W,0,0,0,510078,0,0,0,0
bridge,1,1,4,2267313,2267320,108632131,108632131,108632131,0,0,0,W,0,0,0,510078,0,0,0,0
bridge,1,1,4,2206608,2206605,110838797,110838794,110838794,0,0,0,W,0,0,0,510078,0,0,0,0
bridge,1,1,4,2264534,2264529,113103379,113103374,113103374,0,0,0,W,0,0,0,510078,0,0,0,0
bridge,1,1,4,2264925,2264929,115368374,115368374,115368374,0,0,0,W,0,0,0,510078,0,0,0,0
bridge,1,1,4,2265443,2265443,117633853,117633853,117633853,0,0,0,W,0,0,0,510078,0,0,0,0
bridge,1,1,4,2264821,2264815,119898702,119898696,119898696,0,0,0,W,0,0,0,510078,0,0,0,0
bridge,1,1,4,2265047,2265047,122163786,122163786,122163786,0,0,0,W,0,0,0,510078,0,0,0,0
bridge,1,1,4,2264789,2264789,124428626,124428626,124428626,0,0,0,W,0,0,0,510078,0,0,0,0
bridge,1,1,4,1962549,1962555,126391241,126391241,126391241,0,0,0,W,0,0,0,510078,0,0,0,0
bridge,1,1,4,1747266,1747263,128138543,128138536,128138536,0,0,0,W,0,0,0,510078,0,0,0,0
bridge,1,1,4,1746796,1746790,129885398,129885392,129885392,0,0,0,W,0,0,0,510078,0,0,0,0
bridge,1,1,4,1748733,1748733,131634190,131634190,131634190,0,0,0,W,0,0,0,510078,0,0,0,0
bridge,1,1,4,1747422,1747427,133381769,133381769,133381769,0,0,0,W,0,0,0,510078,0,0,0,0
bridge,1,1,4,1750538,1750539,135132348,135132346,135132346,0,0,0,W,0,0,0,510078,0,0,0,0
bridge,1,1,4,1748027,1748027,136880405,136880405,136880405,0,0,0,W,0,0,0,510078,0,0,0,0
bridge,1,1,4,1747637,1747635,138628080,138628078,138628078,0,0,0,W,0,0,0,510078,0,0,0,0
bridge,1,1,4,1748999,1749001,140377097,140377097,140377097,0,0,0,W,0,0,0,510078,0,0,0,0
bridge,1,1,4,1749590,1749590,142126726,142126726,142126726,0,0,0,W,0,0,0,510078,0,0,0,0
bridge,1,1,4,1445577,1445577,143572327,143572327,143572327,0,0,0,W,0,0,0,510078,0,0,0,0
bridge,1,1,4,1232466,1232464,144804824,144804822,144804822,0,0,0,W,0,0,0,510078,0,0,0,0
bridge,1,1,4,1232118,1232119,146036966,146036966,146036966,0,0,0,W,0,0,0,510078,0,0,0,0
bridge,1,1,4,1230943,1230942,147267935,147267934,147267934,0,0,0,W,0,0,0,510078,0,0,0,0
bridge,1,1,4,1229169,1229169,148497126,148497126,148497126,0,0,0,W,0,0,0,510078,0,0,0,0
bridge,1,1,4,1233356,1233356,149730558,149730558,149730558,0,0,0,W,0,0,0,510078,0,0,0,0
bridge,1,1,4,1232353,1232351,150962937,150962935,150962935,0,0,0,W,0,0,0,510078,0,0,0,0
bridge,1,1,4,1233845,1233842,152196813,152196810,152196810,0,0,0,W,0,0,0,510078,0,0,0,0
bridge,1,1,4,1231959,1231959,153428787,153428787,153428787,0,0,0,W,0,0,0,510078,0,0,0,0
bridge,1,1,4,1232990,1232988,154661795,154661793,154661795,0,0,0,W,0,0,0,510078,0,0,0,0
bridge,1,1,4,1257249,1257250,155919090,155919090,155919090,0,0,0,W,0,0,0,510078,0,0,0,0
bridge,1,1,4,1272376,1272375,157191488,157191486,157191488,0,0,0,W,0,0,0,510078,0,0,0,0
bridge,1,1,4,1276957,1276957,158468473,158468473,158468473,0,0,0,W,0,0,0,510078,0,0,0,0
bridge,1,1,4,1272398,1272400,159740908,159740908,159740908,0,0,0,W,0,0,0,510078,0,0,0,0
bridge,1,1,4,1273166,1273166,161014100,161014100,161014100,0,0,0,W,0,0,0,510078,0,0,0,0
bridge,1,1,4,1273380,1273380,162287534,162287534,162287534,0,0,0,W,0,0,0,510078,0,0,0,0
bridge,1,1,4,1272345,1272345,163559895,163559895,163559895,0,0,0,W,0,0,0,510078,0,0,0,0
bridge,1,1,4,1273504,1273508,164833426,164833426,164833426,0,0,0,W,0,0,0,510078,0,0,0,0
bridge,1,1,4,1273093,1273092,166106662,166106661,166106661,0,0,0,W,0,0,0,510078,0,0,0,0
bridge,1,1,4,1271765,1271765,167378448,167378448,167378448,0,0,0,W,0,0,0,510078,0,0,0,0
bridge,1,1,4,1414725,1414726,168793240,168793240,168793240,0,0,0,W,0,0,0,510078,0,0,0,0
bridge,1,1,4,1513606,1513606,170306884,170306884,170306884,0,0,0,W,0,0,0,510078,0,0,0,0
bridge,1,1,4,1514250,1514250,171821164,171821164,171821164,0,0,0,W,0,0,0,510078,0,0,0,0
bridge,1,1,4,1512270,1512271,173333494,173333494,173333494,0,0,0,W,0,0,0,510078,0,0,0,0
bridge,1,1,4,1506504,1506508,174840035,174840035,174840035,0,0,0,W,0,0,0,510078,0,0,0,0
bridge,1,1,4,1509642,1509636,176349717,176349710,176349710,0,0,0,W,0,0,0,510078,0,0,0,0
bridge,1,1,4,1511337,1511338,177861105,177861105,177861105,0,0,0,W,0,0,0,510078,0,0,0,0
bridge,1,1,4,1513527,1513529,179374654,179374654,179374654,0,0,0,W,0,0,0,510078,0,0,0,0
bridge,1,1,4,1511105,1511105,180885796,180885796,180885796,0,0,0,W,0,0,0,510078,0,0,0,0
bridge,1,1,4,1512414,1512414,182398241,182398241,182398241,0,0,0,W,0,0,0,510078,0,0,0,0
bridge,1,1,4,1598612,1598606,183996901,183996895,183996895,0,0,0,W,0,0,0,510078,0,0,0,0
bridge,1,1,4,1657514,1657516,185654453,185654453,185654453,0,0,0,W,0,0,0,510078,0,0,0,0
bridge,1,1,4,1660967,1660967,187315443,187315442,187315442,0,0,0,W,0,0,0,510078,0,0,0,0
bridge,1,1,4,1660456,1660462,188975932,188975932,188975932,0,0,0,W,0,0,0,510078,0,0,0,0
bridge,1,1,4,1653755,1653755,190629710,190629710,190629710,0,0,0,W,0,0,0,510078,0,0,0,0
bridge,1,1,4,1661425,1661425,192291216,192291216,192291216,0,0,0,W,0,0,0,510078,0,0,0,0
bridge,1,1,4,1658592,1658592,193949847,193949847,193949847,0,0,0,W,0,0,0,510078,0,0,0,0
bridge,1,1,4,1661351,1661354,195611226,195611224,195611226,0,0,0,W,0,0,0,510078,0,0,0,0
bridge,1,1,4,1662411,1662411,197273663,197273663,197273663,0,0,0,W,0,0,0,510078,0,0,0,0
bridge,1,1,4,1661770,1661772,198935468,198935468,198935468,0,0,0,W,0,0,0,510078,0,0,0,0
bridge,1,1,4,2194172,2194168,201129667,201129661,201129661,0,0,0,W,0,0,0,510078,0,0,0,0
bridge,1,1,4,2544208,2544205,203673937,203673934,203673934,0,0,0,W,0,0,0,510078,0,0,0,0
bridge,1,1,4,2552627,2552627,206226629,206226629,206226629,0,0,0,W,0,0,0,510078,0,0,0,0
bridge,1,1,4,2552962,2552969,208779645,208779645,208779645,0,0,0,W,0,0,0,510078,0,0,0,0
bridge,1,1,4,2556523,2556520,211336209,211336206,211336206,0,0,0,W,0,0,0,510078,0,0,0,0
bridge,1,1,4,2391864,2391860,213728128,213728124,213728124,0,0,0,W,0,0,0,510078,0,0,0,0
bridge,1,1,4,2549879,2549879,216278097,216278097,216278097,0,0,0,W,0,0,0,510078,0,0,0,0
bridge,1,1,4,2553012,2553012,218831146,218831146,218831146,0,0,0,W,0,0,0,510078,0,0,0,0
bridge,1,1,4,2553461,2553460,221384649,221384648,221384649,0,0,0,W,0,0,0,510078,0,0,0,0
bridge,1,1,4,2549185,2549185,223933889,223933889,223933889,0,0,0,W,0,0,0,510078,0,0,0,0
bridge,1,1,4,2123502,2123506,226057447,226057447,226057447,0,0,0,W,0,0,0,510078,0,0,0,0
bridge,1,1,4,1837634,1837636,227895117,227895117,227895117,0,0,0,W,0,0,0,510078,0,0,0,0
bridge,1,1,4,1838625,1838623,229733774,229733772,229733772,0,0,0,W,0,0,0,510078,0,0,0,0
bridge,1,1,4,1839416,1839417,231573235,231573234,231573234,0,0,0,W,0,0,0,510078,0,0,0,0
bridge,1,1,4,1839965,1839968,233413233,233413233,233413233,0,0,0,W,0,0,0,510078,0,0,0,0
bridge,1,1,4,1826474,1826474,235239769,235239769,235239769,0,0,0,W,0,0,0,510078,0,0,0,0
bridge,1,1,4,1838731,1838730,237078597,237078593,237078593,0,0,0,W,0,0,0,510078,0,0,0,0
bridge,1,1,4,1837503,1837510,238916207,238916207,238916207,0,0,0,W,0,0,0,510078,0,0,0,0
bridge,1,1,4,1837542,1837539,240753789,240753786,240753786,0,0,0,W,0,0,0,510078,0,0,0,0
bridge,1,1,4,1838384,1838384,242592224,242592224,242592224,0,0,0,W,0,0,0,510078,0,0,0,0
bridge,1,1,4,1778487,1778487,244370749,244370749,244370749,0,0,0,W,0,0,0,510078,0,0,0,0
bridge,1,1,4,1737933,1737933,246108709,246108707,246108707,0,0,0,W,0,0,0,510078,0,0,0,0
bridge,1,1,4,1740773,1740774,247849502,247849500,247849502,0,0,0,W,0,0,0,510078,0,0,0,0
bridge,1,1,4,1737909,1737909,249587451,249587451,249587451,0,0,0,W,0,0,0,510078,0,0,0,0
bridge,1,1,4,1736278,1736277,251323987,251323986,251323986,0,0,0,W,0,0,0,510078,0,0,0,0
bridge,1,1,4,1736042,1736039,253060059,253060054,253060059,0,0,0,W,0,0,0,510078,0,0,0,0
bridge,1,1,4,1731343,1731343,254791441,254791441,254791441,0,0,0,W,0,0,0,510078,0,0,0,0
bridge,1,1,4,1736274,1736274,256527756,256527756,256527756,0,0,0,W,0,0,0,510078,0,0,0,0
bridge,1,1,4,1737705,1737705,258265496,258265496,258265496,0,0,0,W,0,0,0,510078,0,0,0,0
bridge,1,1,4,1736806,1736805,260002330,260002329,260002329,0,0,0,W,0,0,0,510078,0,0,0,0
bridge,1,1,4,1782139,1782139,261784493,261784491,261784491,0,0,0,W,0,0,0,510078,0,0,0,0
bridge,1,1,4,1812368,1812368,263596928,263596928,263596928,0,0,0,W,0,0,0,510078,0,0,0,0
bridge,1,1,4,1795858,1795858,265392805,265392805,265392805,0,0,0,W,0,0,0,510078,0,0,0,0
bridge,1,1,4,1810440,1810440,267203338,267203338,267203338,0,0,0,W,0,0,0,510078,0,0,0,0
bridge,1,1,4,1808422,1808417,269011779,269011774,269011779,0,0,0,W,0,0,0,510078,0,0,0,0
bridge,1,1,4,1807883,1807884,270819707,270819707,270819707,0,0,0,W,0,0,0,510078,0,0,0,0
bridge,1,1,4,1792408,1792400,272612158,272612150,272612150,0,0,0,W,0,0,0,510078,0,0,0,0
bridge,1,1,4,1807460,1807456,274419693,274419689,274419689,0,0,0,W,0,0,0,510078,0,0,0,0
bridge,1,1,4,1808443,1808441,276228172,276228170,276228170,0,0,0,W,0,0,0,510078,0,0,0,0
bridge,1,1,4,1808223,1808237,278036450,278036450,278036450,0,0,0,W,0,0,0,510078,0,0,0,0
bridge,1,1,4,1447063,1447063,279483562,279483562,279483562,0,0,0,W,0,0,0,510078,0,0,0,0
bridge,1,1,4,1208216,1208218,280691808,280691808,280691808,0,0,0,W,0,0,0,510078,0,0,0,0
bridge,1,1,4,1205956,1205955,281897784,281897783,281897784,0,0,0,W,0,0,0,510078,0,0,0,0
bridge,1,1,4,1206243,1206245,283104054,283104054,283104054,0,0,0,W,0,0,0,510078,0,0,0,0
bridge,1,1,4,1208004,1207999,284312090,284312085,284312085,0,0,0,W,0,0,0,510078,0,0,0,0
bridge,1,1,4,1208414,1208413,285520556,285520555,285520555,0,0,0,W,0,0,0,510078,0,0,0,0
bridge,1,1,4,1207278,1207280,286727851,286727851,286727851,0,0,0,W,0,0,0,510078,0,0,0,0
bridge,1,1,4,1208242,1208242,287936143,287936143,287936143,0,0,0,W,0,0,0,510078,0,0,0,0
bridge,1,1,4,1208140,1208140,289144319,289144319,289144319,0,0,0,W,0,0,0,510078,0,0,0,0
bridge,1,1,4,1207142,1207142,290351487,290351487,290351487,0,0,0,W,0,0,0,510078,0,0,0,0
bridge,1,1,4,1214073,1214061,291565578,291565566,291565566,0,0,0,W,0,0,0,510078,0,0,0,0
bridge,1,1,4,1218710,1218708,292784317,292784315,292784317,0,0,0,W,0,0,0,510078,0,0,0,0
bridge,1,1,4,1219639,1219639,294003988,294003988,294003988,0,0,0,W,0,0,0,510078,0,0,0,0
bridge,1,1,4,1218322,1218320,295222341,295222339,295222339,0,0,0,W,0,0,0,510078,0,0,0,0
bridge,1,1,4,1219719,1219719,296442093,296442091,296442091,0,0,0,W,0,0,0,510078,0,0,0,0
bridge,1,1,4,1216166,1216166,297658293,297658293,297658293,0,0,0,W,0,0,0,510078,0,0,0,0
bridge,1,1,4,1220800,1220800,298879130,298879130,298879130,0,0,0,W,0,0,0,510078,0,0,0,0
bridge,1,1,4,1218372,1218372,300097524,300097524,300097524,0,0,0,W,0,0,0,510078,0,0,0,0
bridge,1,1,4,1218358,1218358,301315908,301315908,301315908,0,0,0,W,0,0,0,510078,0,0,0,0
bridge,1,1,4,1218441,1218441,302534378,302534378,302534378,0,0,0,W,0,0,0,510078,0,0,0,0
bridge,1,1,4,1201226,1201226,303735620,303735620,303735620,0,0,0,W,0,0,0,510078,0,0,0,0
bridge,1,1,4,1187179,1187184,304922841,304922841,304922841,0,0,0,W,0,0,0,510078,0,0,0,0
bridge,1,1,4,1188452,1188453,306111322,306111321,306111321,0,0,0,W,0,0,0,510078,0,0,0,0
bridge,1,1,4,1187033,1187035,307298388,307298388,307298388,0,0,0,W,0,0,0,510078,0,0,0,0
bridge,1,1,4,1190590,1190590,308488992,308488992,308488992,0,0,0,W,0,0,0,510078,0,0,0,0
bridge,1,1,4,1185734,1185737,309674785,309674783,309674783,0,0,0,W,0,0,0,510078,0,0,0,0
bridge,1,1,4,1189176,1189175,310863976,310863974,310863974,0,0,0,W,0,0,0,510078,0,0,0,0
bridge,1,1,4,1186041,1186043,312050045,312050045,312050045,0,0,0,W,0,0,0,510078,0,0,0,0
bridge,1,1,4,1186928,1186928,313237010,313237010,313237010,0,0,0,W,0,0,0,510078,0,0,0,0
bridge,1,1,4,1187012,1187014,314424043,314424043,314424043,0,0,0,W,0,0,0,510078,0,0,0,0
bridge,1,1,4,2177466,2177466,316601533,316601533,316601533,0,0,0,W,0,0,0,510078,0,0,0,0
bridge,1,1,4,2808155,2808155,319409936,319409936,319409936,0,0,0,W,0,0,0,510078,0,0,0,0
bridge,1,1,4,2812460,2812458,322222438,322222436,322222436,0,0,0,W,0,0,0,510078,0,0,0,0
bridge,1,1,4,2811223,2811229,325033710,325033710,325033710,0,0,0,W,0,0,0,510078,0,0,0,0
bridge,1,1,4,2814504,2814500,327848265,327848261,327848265,0,0,0,W,0,0,0,510078,0,0,0,0
bridge,1,1,4,2810902,2810898,330659228,330659224,330659228,0,0,0,W,0,0,0,510078,0,0,0,0
bridge,1,1,4,2812400,2812398,333471670,333471668,333471668,0,0,0,W,0,0,0,510078,0,0,0,0
bridge,1,1,4,2643808,2643809,336115524,336115522,336115524,0,0,0,W,0,0,0,510078,0,0,0,0
bridge,1,1,4,2813331,2813332,338928958,338928958,338928958,0,0,0,W,0,0,0,510078,0,0,0,0
bridge,1,1,4,2809072,2809079,341738078,341738078,341738078,0,0,0,W,0,0,0,510078,0,0,0,0
bridge,1,1,4,2403959,2403959,344142082,344142082,344142082,0,0,0,W,0,0,0,510078,0,0,0,0
bridge,1,1,4,2146552,2146542,346288697,346288687,346288687,0,0,0,W,0,0,0,510078,0,0,0,0
bridge,1,1,4,2143793,2143792,348432543,348432542,348432543,0,0,0,W,0,0,0,510078,0,0,0,0
bridge,1,1,4,2139735,2139735,350572332,350572330,350572330,0,0,0,W,0,0,0,510078,0,0,0,0
bridge,1,1,4,2147208,2147206,352719582,352719580,352719580,0,0,0,W,0,0,0,510078,0,0,0,0
bridge,1,1,4,2145842,2145842,354865475,354865475,354865475,0,0,0,W,0,0,0,510078,0,0,0,0
bridge,1,1,4,2145666,2145675,357011204,357011204,357011204,0,0,0,W,0,0,0,510078,0,0,0,0
bridge,1,1,4,2147846,2147847,359159093,359159093,359159093,0,0,0,W,0,0,0,510078,0,0,0,0
bridge,1,1,4,2117501,2117504,361276640,361276640,361276640,0,0,0,W,0,0,0,510078,0,0,0,0
bridge,1,1,4,2143678,2143678,363420394,363420394,363420394,0,0,0,W,0,0,0,510078,0,0,0,0
bridge,1,1,4,1489818,1489822,364910263,364910263,364910263,0,0,0,W,0,0,0,510078,0,0,0,0
bridge,1,1,4,1073272,1073272,365983559,365983559,365983559,0,0,0,W,0,0,0,510078,0,0,0,0
bridge,1,1,4,1075037,1075037,367058619,367058619,367058619,0,0,0,W,0,0,0,510078,0,0,0,0
bridge,1,1,4,1074776,1074776,368133416,368133416,368133416,0,0,0,W,0,0,0,510078,0,0,0,0
bridge,1,1,4,1076618,1076620,369210059,369210059,369210059,0,0,0,W,0,0,0,510078,0,0,0,0
bridge,1,1,4,1075991,1075989,370286087,370286085,370286085,0,0,0,W,0,0,0,510078,0,0,0,0
bridge,1,1,4,1074996,1074994,371361094,371361092,371361092,0,0,0,W,0,0,0,510078,0,0,0,0
bridge,1,1,4,1073842,1073843,372434964,372434963,372434963,0,0,0,W,0,0,0,510078,0,0,0,0
bridge,1,1,4,1075504,1075504,373510489,373510489,373510489,0,0,0,W,0,0,0,510078,0,0,0,0
bridge,1,1,4,1077420,1077420,374587934,374587934,374587934,0,0,0,W,0,0,0,510078,0,0,0,0
bridge,1,1,4,1703165,1703165,376291140,376291140,376291140,0,0,0,W,0,0,0,510078,0,0,0,0
bridge,1,1,4,2095495,2095493,378386673,378386671,378386673,0,0,0,W,0,0,0,510078,0,0,0,0
bridge,1,1,4,2095916,2095916,380482629,380482629,380482629,0,0,0,W,0,0,0,510078,0,0,0,0
bridge,1,1,4,2092458,2092458,382575114,382575114,382575114,0,0,0,W,0,0,0,510078,0,0,0,0
bridge,1,1,4,2092044,2092044,384667191,384667191,384667191,0,0,0,W,0,0,0,510078,0,0,0,0
bridge,1,1,4,2095442,2095442,386762669,386762669,386762669,0,0,0,W,0,0,0,510078,0,0,0,0
bridge,1,1,4,2090391,2090388,388853095,388853092,388853092,0,0,0,W,0,0,0,510078,0,0,0,0
bridge,1,1,4,2094805,2094805,390947935,390947935,390947935,0,0,0,W,0,0,0,510078,0,0,0,0
bridge,1,1,4,2094289,2094287,393042268,393042265,393042268,0,0,0,W,0,0,0,510078,0,0,0,0
bridge,1,1,4,2094580,2094579,395136910,395136909,395136909,0,0,0,W,0,0,0,510078,0,0,0,0
bridge,1,1,4,1639736,1639734,396776693,396776691,396776691,0,0,0,W,0,0,0,510078,0,0,0,0
bridge,1,1,4,1358387,1358385,398135098,398135095,398135095,0,0,0,W,0,0,0,510078,0,0,0,0
bridge,1,1,4,1358339,1358339,399493465,399493465,399493465,0,0,0,W,0,0,0,510078,0,0,0,0
bridge,1,1,4,1355897,1355897,400849388,400849388,400849388,0,0,0,W,0,0,0,510078,0,0,0,0
bridge,1,1,4,1359925,1359924,402209353,402209352,402209353,0,0,0,W,0,0,0,510078,0,0,0,0
bridge,1,1,4,1355628,1355620,403565026,403565018,403565018,0,0,0,W,0,0,0,510078,0,0,0,0
bridge,1,1,4,1360231,1360231,404925283,404925283,404925283,0,0,0,W,0,0,0,510078,0,0,0,0
bridge,1,1,4,1359160,1359160,406284647,406284647,406284647,0,0,0,W,0,0,0,510078,0,0,0,0
bridge,1,1,4,1356730,1356730,407641400,407641400,407641400,0,0,0,W,0,0,0,510078,0,0,0,0
bridge,1,1,4,1356481,1356483,408997922,408997922,408997922,0,0,0,W,0,0,0,510078,0,0,0,0
bridge,1,1,4,1743850,1743845,410741819,410741814,410741814,0,0,0,W,0,0,0,510078,0,0,0,0
bridge,1,1,4,1981673,1981660,412723527,412723514,412723514,0,0,0,W,0,0,0,510078,0,0,0,0
bridge,1,1,4,1980789,1980799,414704391,414704391,414704391,0,0,0,W,0,0,0,510078,0,0,0,0
bridge,1,1,4,1975507,1975509,416679942,416679942,416679942,0,0,0,W,0,0,0,510078,0,0,0,0
bridge,1,1,4,1984999,1984999,418664992,418664992,418664992,0,0,0,W,0,0,0,510078,0,0,0,0
bridge,1,1,4,1983964,1983966,420649000,420648999,420648999,0,0,0,W,0,0,0,510078,0,0,0,0
bridge,1,1,4,1983428,1983429,422632494,422632493,422632493,0,0,0,W,0,0,0,510078,0,0,0,0
bridge,1,1,4,1984142,1984142,424616652,424616652,424616652,0,0,0,W,0,0,0,510078,0,0,0,0
bridge,1,1,4,1980792,1980792,426597506,426597506,426597506,0,0,0,W,0,0,0,510078,0,0,0,0
bridge,1,1,4,1960408,1960408,428557958,428557958,428557958,0,0,0,W,0,0,0,510078,0,0,0,0
bridge,1,1,4,2172407,2172407,430730480,430730480,430730480,0,0,0,W,0,0,0,510078,0,0,0,0
bridge,1,1,4,2291573,2291575,433022112,433022112,433022112,0,0,0,W,0,0,0,510078,0,0,0,0
bridge,1,1,4,2288446,2288451,435310593,435310593,435310593,0,0,0,W,0,0,0,510078,0,0,0,0
bridge,1,1,4,2291130,2291126,437601775,437601771,437601774,0,0,0,W,0,0,0,510078,0,0,0,0
bridge,1,1,4,2292391,2292391,439894178,439894178,439894178,0,0,0,W,0,0,0,510078,0,0,0,0
bridge,1,1,4,2288184,2288181,442182413,442182410,442182410,0,0,0,W,0,0,0,510078,0,0,0,0
bridge,1,1,4,2290715,2290715,444473161,444473161,444473161,0,0,0,W,0,0,0,510078,0,0,0,0
bridge,1,1,4,2293315,2293316,446766561,446766561,446766561,0,0,0,W,0,0,0,510078,0,0,0,0
bridge,1,1,4,2290355,2290353,449056957,449056955,449056955,0,0,0,W,0,0,0,510078,0,0,0,0
bridge,1,1,4,2248663,2248664,451305653,451305653,451305653,0,0,0,W,0,0,0,510078,0,0,0,0
bridge,1,1,4,2384836,2384833,453690565,453690562,453690562,0,0,0,W,0,0,0,510078,0,0,0,0
bridge,1,1,4,2452898,2452898,456143502,456143502,456143502,0,0,0,W,0,0,0,510078,0,0,0,0
bridge,1,1,4,2450779,2450779,458594346,458594346,458594346,0,0,0,W,0,0,0,510078,0,0,0,0
bridge,1,1,4,2454172,2454172,461048551,461048551,461048551,0,0,0,W,0,0,0,510078,0,0,0,0
bridge,1,1,4,2454973,2454973,463503554,463503554,463503554,0,0,0,W,0,0,0,510078,0,0,0,0
bridge,1,1,4,2453336,2453336,465956953,465956953,465956953,0,0,0,W,0,0,0,510078,0,0,0,0
bridge,1,1,4,2448637,2448637,468405623,468405623,468405623,0,0,0,W,0,0,0,510078,0,0,0,0
bridge,1,1,4,2453512,2453513,470859203,470859203,470859203,0,0,0,W,0,0,0,510078,0,0,0,0
bridge,1,1,4,2451343,2451340,473310585,473310582,473310584,0,0,0,W,0,0,0,510078,0,0,0,0
bridge,1,1,4,2451076,2451075,475761706,475761705,475761705,0,0,0,W,0,0,0,510078,0,0,0,0
bridge,1,1,4,1604489,1604486,477366220,477366217,477366217,0,0,0,W,0,0,0,510078,0,0,0,0
bridge,1,1,4,1112802,1112802,478479068,478479066,478479066,0,0,0,W,0,0,0,510078,0,0,0,0
bridge,1,1,4,1112525,1112525,479591607,479591607,479591607,0,0,0,W,0,0,0,510078,0,0,0,0
bridge,1,1,4,1114759,1114759,480706402,480706402,480706402,0,0,0,W,0,0,0,510078,0,0,0,0
bridge,1,1,4,1113082,1113082,481819498,481819498,481819498,0,0,0,W,0,0,0,510078,0,0,0,0
bridge,1,1,4,1114159,1114159,482933683,482933683,482933683,0,0,0,W,0,0,0,510078,0,0,0,0
bridge,1,1,4,1114024,1114024,484047735,484047735,484047735,0,0,0,W,0,0,0,510078,0,0,0,0
bridge,1,1,4,1113455,1113455,485161206,485161206,485161206,0,0,0,W,0,0,0,510078,0,0,0,0
bridge,1,1,4,1111776,1111777,486273000,486273000,486273000,0,0,0,W,0,0,0,510078,0,0,0,0
bridge,1,1,4,1112861,1112864,487385882,487385882,487385882,0,0,0,W,0,0,0,510078,0,0,0,0
bridge,1,1,4,1539542,1539545,488925456,488925456,488925456,0,0,0,W,0,0,0,510078,0,0,0,0
bridge,1,1,4,1827022,1827024,490752509,490752509,490752509,0,0,0,W,0,0,0,510078,0,0,0,0
bridge,1,1,4,1814316,1814316,492566889,492566889,492566889,0,0,0,W,0,0,0,510078,0,0,0,0
bridge,1,1,4,1826114,1826114,494393065,494393065,494393065,0,0,0,W,0,0,0,510078,0,0,0,0
bridge,1,1,4,1827161,1827161,496220404,496220404,496220404,0,0,0,W,0,0,0,510078,0,0,0,0
bridge,1,1,4,1824656,1824656,498045108,498045108,498045108,0,0,0,W,0,0,0,510078,0,0,0,0
bridge,1,1,4,1828292,1828292,499873456,499873456,499873456,0,0,0,W,0,0,0,510078,0,0,0,0
bridge,1,1,4,1827179,1827178,501700691,501700690,501700690,0,0,0,W,0,0,0,510078,0,0,0,0
bridge,1,1,4,1824518,1824524,503525250,503525250,503525250,0,0,0,W,0,0,0,510078,0,0,0,0
bridge,1,1,4,1826589,1826589,505351868,505351868,505351868,0,0,0,W,0,0,0,510078,0,0,0,0
bridge,1,1,4,1457826,1457826,506809718,506809718,506809718,0,0,0,W,0,0,0,510078,0,0,0,0
bridge,1,1,4,1240007,1240010,508049744,508049744,508049744,0,0,0,W,0,0,0,510078,0,0,0,0
bridge,1,1,4,1243850,1243850,509293650,509293650,509293650,0,0,0,W,0,0,0,510078,0,0,0,0
bridge,1,1,4,1242186,1242186,510535846,510535846,510535846,0,0,0,W,0,0,0,510078,0,0,0,0
bridge,1,1,4,1243021,1243025,511778896,511778896,511778896,0,0,0,W,0,0,0,510078,0,0,0,0
bridge,1,1,4,1240898,1240898,513019816,513019816,513019816,0,0,0,W,0,0,0,510078,0,0,0,0
bridge,1,1,4,1242796,1242798,514262629,514262629,514262629,0,0,0,W,0,0,0,510078,0,0,0,0
bridge,1,1,4,1243342,1243343,515506013,515506013,515506013,0,0,0,W,0,0,0,510078,0,0,0,0
bridge,1,1,4,1244205,1244205,516750237,516750237,516750237,0,0,0,W,0,0,0,510078,0,0,0,0
bridge,1,1,4,1242047,1242047,517992304,517992304,517992304,0,0,0,W,0,0,0,510078,0,0,0,0
bridge,1,1,4,1772959,1772959,519765276,519765276,519765276,0,0,0,W,0,0,0,510078,0,0,0,0
bridge,1,1,4,2052328,2052340,521817673,521817673,521817673,0,0,0,W,0,0,0,510078,0,0,0,0
bridge,1,1,4,2088072,2088072,523905849,523905849,523905849,0,0,0,W,0,0,0,510078,0,0,0,0
bridge,1,1,4,2089604,2089606,525995490,525995490,525995490,0,0,0,W,0,0,0,510078,0,0,0,0
bridge,1,1,4,2078517,2078520,528074047,528074047,528074047,0,0,0,W,0,0,0,510078,0,0,0,0
bridge,1,1,4,2086243,2086243,530160337,530160337,530160337,0,0,0,W,0,0,0,510078,0,0,0,0
bridge,1,1,4,2089170,2089172,532249540,532249540,532249540,0,0,0,W,0,0,0,510078,0,0,0,0
bridge,1,1,4,2086096,2086099,534335668,534335668,534335668,0,0,0,W,0,0,0,510078,0,0,0,0
bridge,1,1,4,2088367,2088367,536424082,536424082,536424082,0,0,0,W,0,0,0,510078,0,0,0,0
bridge,1,1,4,2086914,2086913,538511032,538511031,538511031,0,0,0,W,0,0,0,510078,0,0,0,0
bridge,1,1,4,2277980,2277973,540789057,540789050,540789050,0,0,0,W,0,0,0,510078,0,0,0,0
bridge,1,1,4,2335066,2335066,543124165,543124165,543124165,0,0,0,W,0,0,0,510078,0,0,0,0
bridge,1,1,4,2351572,2351567,545475853,545475848,545475848,0,0,0,W,0,0,0,510078,0,0,0,0
bridge,1,1,4,2384430,2384428,547860374,547860372,547860372,0,0,0,W,0,0,0,510078,0,0,0,0
bridge,1,1,4,2385191,2385191,550245630,550245629,550245629,0,0,0,W,0,0,0,510078,0,0,0,0
bridge,1,1,4,2389828,2389830,552635490,552635490,552635490,0,0,0,W,0,0,0,510078,0,0,0,0
bridge,1,1,4,2386190,2386199,555021722,555021722,555021722,0,0,0,W,0,0,0,510078,0,0,0,0
bridge,1,1,4,2385891,2385888,557407645,557407642,557407642,0,0,0,W,0,0,0,510078,0,0,0,0
bridge,1,1,4,2387963,2387963,559795632,559795632,559795632,0,0,0,W,0,0,0,510078,0,0,0,0
bridge,1,1,4,2387163,2387163,562182834,562182834,562182834,0,0,0,W,0,0,0,510078,0,0,0,0
bridge,1,1,4,1811746,1811746,563994606,563994606,563994606,0,0,0,W,0,0,0,510078,0,0,0,0
bridge,1,1,4,1478210,1478213,565472847,565472847,565472847,0,0,0,W,0,0,0,510078,0,0,0,0
bridge,1,1,4,1479232,1479232,566952113,566952113,566952113,0,0,0,W,0,0,0,510078,0,0,0,0
bridge,1,1,4,1480475,1480475,568432623,568432623,568432623,0,0,0,W,0,0,0,510078,0,0,0,0
bridge,1,1,4,1478902,1478899,569911564,569911561,569911561,0,0,0,W,0,0,0,510078,0,0,0,0
bridge,1,1,4,1477870,1477870,571389463,571389463,571389463,0,0,0,W,0,0,0,510078,0,0,0,0
bridge,1,1,4,1478304,1478304,572867791,572867791,572867791,0,0,0,W,0,0,0,510078,0,0,0,0
bridge,1,1,4,1481949,1481949,574349762,574349762,574349762,0,0,0,W,0,0,0,510078,0,0,0,0
bridge,1,1,4,1481202,1481201,575831004,575831003,575831003,0,0,0,W,0,0,0,510078,0,0,0,0
bridge,1,1,4,1483622,1483618,577314650,577314646,577314646,0,0,0,W,0,0,0,510078,0,0,0,0
bridge,1,1,4,1075092,1075091,578389956,578389955,578389956,0,0,0,W,0,0,0,510078,0,0,0,0
bridge,1,1,4,844057,844057,579234034,579234034,579234034,0,0,0,W,0,0,0,510078,0,0,0,0
bridge,1,1,4,844137,844137,580078182,580078182,580078182,0,0,0,W,0,0,0,510078,0,0,0,0
bridge,1,1,4,844633,844633,580922867,580922867,580922867,0,0,0,W,0,0,0,510078,0,0,0,0
bridge,1,1,4,844023,844023,581766898,581766898,581766898,0,0,0,W,0,0,0,510078,0,0,0,0
bridge,1,1,4,842687,842687,582609600,582609600,582609600,0,0,0,W,0,0,0,510078,0,0,0,0
bridge,1,1,4,843603,843603,583453222,583453222,583453222,0,0,0,W,0,0,0,510078,0,0,0,0
bridge,1,1,4,844359,844359,584297601,584297601,584297601,0,0,0,W,0,0,0,510078,0,0,0,0
bridge,1,1,4,841612,841613,585139238,585139238,585139238,0,0,0,W,0,0,0,510078,0,0,0,0
bridge,1,1,4,844102,844102,585983354,585983354,585983354,0,0,0,W,0,0,0,510078,0,0,0,0
bridge,1,1,4,1464051,1464051,587447417,587447417,587447417,0,0,0,W,0,0,0,510078,0,0,0,0
bridge,1,1,4,1809557,1809555,589256991,589256989,589256991,0,0,0,W,0,0,0,510078,0,0,0,0
bridge,1,1,4,1800509,1800506,591057520,591057517,591057517,0,0,0,W,0,0,0,510078,0,0,0,0
bridge,1,1,4,1812992,1812989,592870588,592870585,592870585,0,0,0,W,0,0,0,510078,0,0,0,0
bridge,1,1,4,1810149,1810149,594680814,594680814,594680814,0,0,0,W,0,0,0,510078,0,0,0,0
bridge,1,1,4,1811229,1811231,596492073,596492073,596492073,0,0,0,W,0,0,0,510078,0,0,0,0
bridge,1,1,4,1809652,1809652,598301765,598301765,598301765,0,0,0,W,0,0,0,510078,0,0,0,0
bridge,1,1,4,1809014,1809014,600110826,600110824,600110826,0,0,0,W,0,0,0,510078,0,0,0,0
bridge,1,1,4,1811625,1811623,601922472,601922470,601922470,0,0,0,W,0,0,0,510078,0,0,0,0
bridge,1,1,4,1812912,1812917,603735416,603735415,603735415,0,0,0,W,0,0,0,510078,0,0,0,0
bridge,1,1,4,1729329,1729329,605464775,605464773,605464773,0,0,0,W,0,0,0,510078,0,0,0,0
bridge,1,1,4,1682360,1682360,607147200,607147200,607147200,0,0,0,W,0,0,0,510078,0,0,0,0
bridge,1,1,4,1682237,1682238,608829465,608829465,608829465,0,0,0,W,0,0,0,510078,0,0,0,0
bridge,1,1,4,1669559,1669557,610499098,610499096,610499096,0,0,0,W,0,0,0,510078,0,0,0,0
bridge,1,1,4,1683030,1683030,612182186,612182186,612182186,0,0,0,W,0,0,0,510078,0,0,0,0
bridge,1,1,4,1682443,1682446,613864664,613864664,613864664,0,0,0,W,0,0,0,510078,0,0,0,0
bridge,1,1,4,1682612,1682611,615547298,615547295,615547295,0,0,0,W,0,0,0,510078,0,0,0,0
bridge,1,1,4,1682628,1682628,617229999,617229999,617229999,0,0,0,W,0,0,0,510078,0,0,0,0
bridge,1,1,4,1681198,1681195,618911242,618911239,618911242,0,0,0,W,0,0,0,510078,0,0,0,0
bridge,1,1,4,1681440,1681440,620592695,620592695,620592695,0,0,0,W,0,0,0,510078,0,0,0,0
bridge,1,1,4,2405383,2405380,622998110,622998107,622998107,0,0,0,W,0,0,0,510078,0,0,0,0
bridge,1,1,4,2812031,2812027,625810190,625810186,625810186,0,0,0,W,0,0,0,510078,0,0,0,0
bridge,1,1,4,2811579,2811580,628621860,628621857,628621857,0,0,0,W,0,0,0,510078,0,0,0,0
bridge,1,1,4,2615777,2615773,631237689,631237685,631237685,0,0,0,W,0,0,0,510078,0,0,0,0
bridge,1,1,4,2799740,2799736,634037589,634037585,634037585,0,0,0,W,0,0,0,510078,0,0,0,0
bridge,1,1,4,2813424,2813428,636851089,636851086,636851086,0,0,0,W,0,0,0,510078,0,0,0,0
bridge,1,1,4,2814431,2814433,639665558,639665558,639665558,0,0,0,W,0,0,0,510078,0,0,0,0
bridge,1,1,4,2814258,2814258,642479862,642479862,642479862,0,0,0,W,0,0,0,510078,0,0,0,0
bridge,1,1,4,2811293,2811287,645291209,645291203,645291203,0,0,0,W,0,0,0,510078,0,0,0,0
bridge,1,1,4,2815384,2815384,648106644,648106644,648106644,0,0,0,W,0,0,0,510078,0,0,0,0
bridge,1,1,4,1855862,1855862,649962542,649962542,649962542,0,0,0,W,0,0,0,510078,0,0,0,0
bridge,1,1,4,1329679,1329683,651292241,651292241,651292241,0,0,0,W,0,0,0,510078,0,0,0,0
bridge,1,1,4,1331987,1331987,652624255,652624255,652624255,0,0,0,W,0,0,0,510078,0,0,0,0
bridge,1,1,4,1331145,1331145,653955413,653955413,653955413,0,0,0,W,0,0,0,510078,0,0,0,0
bridge,1,1,4,1329877,1329879,655285346,655285346,655285346,0,0,0,W,0,0,0,510078,0,0,0,0
bridge,1,1,4,1327255,1327254,656612642,656612640,656612640,0,0,0,W,0,0,0,510078,0,0,0,0
bridge,1,1,4,1329698,1329698,657942366,657942366,657942366,0,0,0,W,0,0,0,510078,0,0,0,0
bridge,1,1,4,1329096,1329097,659271612,659271612,659271612,0,0,0,W,0,0,0,510078,0,0,0,0
bridge,1,1,4,1329368,1329365,660600990,660600987,660600987,0,0,0,W,0,0,0,510078,0,0,0,0
bridge,1,1,4,1328544,1328546,661929561,661929561,661929561,0,0,0,W,0,0,0,510078,0,0,0,0
bridge,1,1,4,1457820,1457820,663387411,663387411,663387411,0,0,0,W,0,0,0,510078,0,0,0,0
bridge,1,1,4,1529641,1529642,664917085,664917085,664917085,0,0,0,W,0,0,0,510078,0,0,0,0
bridge,1,1,4,1532670,1532672,666449790,666449790,666449790,0,0,0,W,0,0,0,510078,0,0,0,0
bridge,1,1,4,1531253,1531254,667981090,667981089,667981089,0,0,0,W,0,0,0,510078,0,0,0,0
bridge,1,1,4,1529530,1529530,669510671,669510671,669510671,0,0,0,W,0,0,0,510078,0,0,0,0
bridge,1,1,4,1529160,1529160,671039866,671039866,671039866,0,0,0,W,0,0,0,510078,0,0,0,0
bridge,1,1,4,1533667,1533671,672573561,672573561,672573561,0,0,0,W,0,0,0,510078,0,0,0,0
bridge,1,1,4,1530952,1530954,674104554,674104554,674104554,0,0,0,W,0,0,0,510078,0,0,0,0
bridge,1,1,4,1530997,1530997,675635578,675635578,675635578,0,0,0,W,0,0,0,510078,0,0,0,0
bridge,1,1,4,1528244,1528246,677163860,677163860,677163860,0,0,0,W,0,0,0,510078,0,0,0,0
bridge,1,1,4,1920025,1920027,679083909,679083909,679083909,0,0,0,W,0,0,0,510078,0,0,0,0
bridge,1,1,4,2133264,2133264,681217214,681217214,681217214,0,0,0,W,0,0,0,510078,0,0,0,0
bridge,1,1,4,2131032,2131030,683348283,683348281,683348283,0,0,0,W,0,0,0,510078,0,0,0,0
bridge,1,1,4,2132915,2132925,685481259,685481259,685481259,0,0,0,W,0,0,0,510078,0,0,0,0
bridge,1,1,4,2108277,2108277,687589583,687589583,687589583,0,0,0,W,0,0,0,510078,0,0,0,0
bridge,1,1,4,2130596,2130596,689720266,689720266,689720266,0,0,0,W,0,0,0,510078,0,0,0,0
bridge,1,1,4,2131939,2131952,691852269,691852269,691852269,0,0,0,W,0,0,0,510078,0,0,0,0
bridge,1,1,4,2131317,2131314,693983623,693983620,693983620,0,0,0,W,0,0,0,510078,0,0,0,0
bridge,1,1,4,2131981,2131983,696115636,696115636,696115636,0,0,0,W,0,0,0,510078,0,0,0,0
bridge,1,1,4,2133134,2133134,698248808,698248808,698248808,0,0,0,W,0,0,0,510078,0,0,0,0
bridge,1,1,4,1437369,1437366,699686224,699686221,699686221,0,0,0,W,0,0,0,510078,0,0,0,0
bridge,1,1,4,1060490,1060490,700746736,700746736,700746736,0,0,0,W,0,0,0,510078,0,0,0,0
bridge,1,1,4,1062966,1062966,701809746,701809746,701809746,0,0,0,W,0,0,0,510078,0,0,0,0
bridge,1,1,4,1060078,1060078,702869873,702869873,702869873,0,0,0,W,0,0,0,510078,0,0,0,0
bridge,1,1,4,1061630,1061630,703931527,703931527,703931527,0,0,0,W,0,0,0,510078,0,0,0,0
bridge,1,1,4,1062388,1062386,704993954,704993952,704993952,0,0,0,W,0,0,0,510078,0,0,0,0
bridge,1,1,4,1061088,1061088,706055074,706055072,706055072,0,0,0,W,0,0,0,510078,0,0,0,0
bridge,1,1,4,1062826,1062824,707117930,707117928,707117928,0,0,0,W,0,0,0,510078,0,0,0,0
bridge,1,1,4,1062568,1062568,708180522,708180522,708180522,0,0,0,W,0,0,0,510078,0,0,0,0
bridge,1,1,4,1061100,1061098,709241651,709241649,709241649,0,0,0,W,0,0,0,510078,0,0,0,0
bridge,1,1,4,1091111,1091111,710332786,710332786,710332786,0,0,0,W,0,0,0,510078,0,0,0,0
bridge,1,1,4,1109695,1109695,711442507,711442507,711442507,0,0,0,W,0,0,0,510078,0,0,0,0
bridge,1,1,4,1110296,1110296,712552821,712552821,712552821,0,0,0,W,0,0,0,510078,0,0,0,0
bridge,1,1,4,1107387,1107387,713660236,713660236,713660236,0,0,0,W,0,0,0,510078,0,0,0,0
bridge,1,1,4,1109510,1109512,714769771,714769771,714769771,0,0,0,W,0,0,0,510078,0,0,0,0
bridge,1,1,4,1108302,1108302,715878138,715878138,715878138,0,0,0,W,0,0,0,510078,0,0,0,0
bridge,1,1,4,1109620,1109620,716987790,716987790,716987790,0,0,0,W,0,0,0,510078,0,0,0,0
bridge,1,1,4,1108579,1108577,718096389,718096387,718096387,0,0,0,W,0,0,0,510078,0,0,0,0
bridge,1,1,4,1111936,1111936,719208334,719208334,719208334,0,0,0,W,0,0,0,510078,0,0,0,0
bridge,1,1,4,1108276,1108276,720316625,720316625,720316625,0,0,0,W,0,0,0,510078,0,0,0,0
bridge,1,1,4,1632773,1632772,721949405,721949404,721949405,0,0,0,W,0,0,0,510078,0,0,0,0
bridge,1,1,4,1915069,1915063,723864522,723864516,723864516,0,0,0,W,0,0,0,510078,0,0,0,0
bridge,1,1,4,1911063,1911063,725775602,725775602,725775602,0,0,0,W,0,0,0,510078,0,0,0,0
bridge,1,1,4,1913117,1913120,727688752,727688752,727688752,0,0,0,W,0,0,0,510078,0,0,0,0
bridge,1,1,4,1911407,1911407,729600440,729600440,729600440,0,0,0,W,0,0,0,510078,0,0,0,0
bridge,1,1,4,1908862,1908861,731509351,731509346,731509346,0,0,0,W,0,0,0,510078,0,0,0,0
bridge,1,1,4,1907628,1907623,733417042,733417034,733417034,0,0,0,W,0,0,0,510078,0,0,0,0
bridge,1,1,4,1914216,1914216,735331296,735331296,735331296,0,0,0,W,0,0,0,510078,0,0,0,0
bridge,1,1,4,1911081,1911079,737242427,737242425,737242425,0,0,0,W,0,0,0,510078,0,0,0,0
bridge,1,1,4,1907932,1907932,739150386,739150386,739150386,0,0,0,W,0,0,0,510078,0,0,0,0
bridge,1,1,4,2289197,2289200,741439603,741439603,741439603,0,0,0,W,0,0,0,510078,0,0,0,0
bridge,1,1,4,2489353,2489351,743929004,743929002,743929002,0,0,0,W,0,0,0,510078,0,0,0,0
bridge,1,1,4,2483011,2483011,746412051,746412051,746412051,0,0,0,W,0,0,0,510078,0,0,0,0
bridge,1,1,4,2491036,2491037,748903162,748903162,748903162,0,0,0,W,0,0,0,510078,0,0,0,0
bridge,1,1,4,2487439,2487439,751390632,751390632,751390632,0,0,0,W,0,0,0,510078,0,0,0,0
bridge,1,1,4,2410284,2410279,753800950,753800945,753800945,0,0,0,W,0,0,0,510078,0,0,0,0
bridge,1,1,4,2489673,2489671,756290707,756290705,756290707,0,0,0,W,0,0,0,510078,0,0,0,0
bridge,1,1,4,2486277,2486279,758777055,758777052,758777052,0,0,0,W,0,0,0,510078,0,0,0,0
bridge,1,1,4,2488287,2488288,761265395,761265395,761265395,0,0,0,W,0,0,0,510078,0,0,0,0
bridge,1,1,4,2488759,2488759,763754237,763754237,763754237,0,0,0,W,0,0,0,510078,0,0,0,0
bridge,1,1,4,2085231,2085229,765839505,765839503,765839503,0,0,0,W,0,0,0,510078,0,0,0,0
bridge,1,1,4,1877662,1877661,767717209,767717208,767717208,0,0,0,W,0,0,0,510078,0,0,0,0
bridge,1,1,4,1876455,1876450,769593681,769593676,769593676,0,0,0,W,0,0,0,510078,0,0,0,0
bridge,1,1,4,1877198,1877201,771470922,771470922,771470922,0,0,0,W,0,0,0,510078,0,0,0,0
bridge,1,1,4,1877233,1877236,773348178,773348178,773348178,0,0,0,W,0,0,0,510078,0,0,0,0
bridge,1,1,4,1875457,1875463,775223677,775223677,775223677,0,0,0,W,0,0,0,510078,0,0,0,0
bridge,1,1,4,1876004,1876004,777099739,777099739,777099739,0,0,0,W,0,0,0,510078,0,0,0,0
bridge,1,1,4,1872055,1872058,778971845,778971845,778971845,0,0,0,W,0,0,0,510078,0,0,0,0
bridge,1,1,4,1872433,1872433,780844303,780844303,780844303,0,0,0,W,0,0,0,510078,0,0,0,0
bridge,1,1,4,1877080,1877080,782721417,782721417,782721417,0,0,0,W,0,0,0,510078,0,0,0,0
bridge,1,1,4,1677383,1677383,784398828,784398828,784398828,0,0,0,W,0,0,0,510078,0,0,0,0
bridge,1,1,4,1575108,1575107,785973959,785973958,785973958,0,0,0,W,0,0,0,510078,0,0,0,0
bridge,1,1,4,1573320,1573319,787547304,787547303,787547303,0,0,0,W,0,0,0,510078,0,0,0,0
bridge,1,1,4,1571612,1571612,789118949,789118949,789118949,0,0,0,W,0,0,0,510078,0,0,0,0
bridge,1,1,4,1571566,1571567,790690557,790690556,790690556,0,0,0,W,0,0,0,510078,0,0,0,0
bridge,1,1,4,1571486,1571485,792262080,792262079,792262079,0,0,0,W,0,0,0,510078,0,0,0,0
bridge,1,1,4,1570798,1570798,793832950,793832950,793832950,0,0,0,W,0,0,0,510078,0,0,0,0
bridge,1,1,4,1572169,1572169,795405176,795405176,795405176,0,0,0,W,0,0,0,510078,0,0,0,0
bridge,1,1,4,1571742,1571742,796976979,796976979,796976979,0,0,0,W,0,0,0,510078,0,0,0,0
bridge,1,1,4,1571497,1571499,798548512,798548512,798548512,0,0,0,W,0,0,0,510078,0,0,0,0
bridge,1,1,4,1752379,1752379,800300917,800300917,800300917,0,0,0,W,0,0,0,510078,0,0,0,0
bridge,1,1,4,1840729,1840729,802141674,802141674,802141674,0,0,0,W,0,0,0,510078,0,0,0,0
bridge,1,1,4,1840678,1840678,803982418,803982418,803982418,0,0,0,W,0,0,0,510078,0,0,0,0
bridge,1,1,4,1839698,1839698,805822150,805822147,805822147,0,0,0,W,0,0,0,510078,0,0,0,0
bridge,1,1,4,1840188,1840192,807662381,807662381,807662381,0,0,0,W,0,0,0,510078,0,0,0,0
bridge,1,1,4,1838456,1838456,809500855,809500855,809500855,0,0,0,W,0,0,0,510078,0,0,0,0
bridge,1,1,4,1821722,1821722,811322607,811322606,811322606,0,0,0,W,0,0,0,510078,0,0,0,0
bridge,1,1,4,1838394,1838396,813161062,813161062,813161062,0,0,0,W,0,0,0,510078,0,0,0,0
bridge,1,1,4,1841149,1841151,815002256,815002256,815002256,0,0,0,W,0,0,0,510078,0,0,0,0
bridge,1,1,4,1836661,1836660,816838959,816838958,816838958,0,0,0,W,0,0,0,510078,0,0,0,0
bridge,1,1,4,1221661,1221660,818060839,818060837,818060839,0,0,0,W,0,0,0,510078,0,0,0,0
bridge,1,1,4,905139,905138,818966020,818966019,818966020,0,0,0,W,0,0,0,510078,0,0,0,0
bridge,1,1,4,906511,906511,819872545,819872545,819872545,0,0,0,W,0,0,0,510078,0,0,0,0
bridge,1,1,4,904865,904863,820777444,820777442,820777444,0,0,0,W,0,0,0,510078,0,0,0,0
bridge,1,1,4,907564,907565,821685024,821685024,821685024,0,0,0,W,0,0,0,510078,0,0,0,0
bridge,1,1,4,905311,905311,822590357,822590357,822590357,0,0,0,W,0,0,0,510078,0,0,0,0
bridge,1,1,4,906657,906656,823497046,823497043,823497043,0,0,0,W,0,0,0,510078,0,0,0,0
bridge,1,1,4,905381,905381,824402478,824402478,824402478,0,0,0,W,0,0,0,510078,0,0,0,0
bridge,1,1,4,904595,904595,825307088,825307088,825307088,0,0,0,W,0,0,0,510078,0,0,0,0
bridge,1,1,4,903832,903830,826210946,826210944,826210944,0,0,0,W,0,0,0,510078,0,0,0,0
bridge,1,1,4,921509,921509,827132475,827132475,827132475,0,0,0,W,0,0,0,510078,0,0,0,0
bridge,1,1,4,930784,930780,828063272,828063268,828063268,0,0,0,W,0,0,0,510078,0,0,0,0
bridge,1,1,4,930824,930822,828994118,828994116,828994116,0,0,0,W,0,0,0,510078,0,0,0,0
bridge,1,1,4,932235,932235,829926376,829926376,829926376,0,0,0,W,0,0,0,510078,0,0,0,0
bridge,1,1,4,931112,931112,830857520,830857520,830857520,0,0,0,W,0,0,0,510078,0,0,0,0
bridge,1,1,4,931141,931141,831788683,831788683,831788683,0,0,0,W,0,0,0,510078,0,0,0,0
bridge,1,1,4,931810,931808,832720506,832720504,832720504,0,0,0,W,0,0,0,510078,0,0,0,0
bridge,1,1,4,927937,927937,833648504,833648504,833648504,0,0,0,W,0,0,0,510078,0,0,0,0
bridge,1,1,4,929981,929981,834578504,834578504,834578504,0,0,0,W,0,0,0,510078,0,0,0,0
bridge,1,1,4,930956,930956,835509490,835509490,835509490,0,0,0,W,0,0,0,510078,0,0,0,0
bridge,1,1,4,2035468,2035468,837544970,837544970,837544970,0,0,0,W,0,0,0,510078,0,0,0,0
bridge,1,1,4,2587245,2587245,840132319,840132319,840132319,0,0,0,W,0,0,0,510078,0,0,0,0
bridge,1,1,4,2586538,2586538,842718893,842718893,842718893,0,0,0,W,0,0,0,510078,0,0,0,0
bridge,1,1,4,2585852,2585852,845304837,845304837,845304837,0,0,0,W,0,0,0,510078,0,0,0,0
bridge,1,1,4,2584570,2584570,847889445,847889445,847889445,0,0,0,W,0,0,0,510078,0,0,0,0
bridge,1,1,4,2584697,2584704,850474239,850474235,850474239,0,0,0,W,0,0,0,510078,0,0,0,0
bridge,1,1,4,2591778,2591785,853066063,853066062,853066063,0,0,0,W,0,0,0,510078,0,0,0,0
bridge,1,1,4,2439634,2439630,855505757,855505753,855505757,0,0,0,W,0,0,0,510078,0,0,0,0
bridge,1,1,4,2587966,2587963,858093794,858093791,858093791,0,0,0,W,0,0,0,510078,0,0,0,0
bridge,1,1,4,2585823,2585823,860679666,860679666,860679666,0,0,0,W,0,0,0,510078,0,0,0,0
bridge,1,1,4,1239903,1239901,861919644,861919642,861919642,0,0,0,W,0,0,0,510078,0,0,0,0
bridge,1,1,4,571777,571777,862491428,862491428,862491428,0,0,0,W,0,0,0,510078,0,0,0,0
bridge,1,1,4,572742,572742,863064189,863064189,863064189,0,0,0,W,0,0,0,510078,0,0,0,0
bridge,1,1,4,572023,572023,863636234,863636234,863636234,0,0,0,W,0,0,0,510078,0,0,0,0
bridge,1,1,4,570512,570512,864206754,864206754,864206754,0,0,0,W,0,0,0,510078,0,0,0,0
bridge,1,1,4,571776,571776,864778542,864778542,864778542,0,0,0,W,0,0,0,510078,0,0,0,0
bridge,1,1,4,573730,573730,865352283,865352283,865352283,0,0,0,W,0,0,0,510078,0,0,0,0
bridge,1,1,4,572116,572116,865924415,865924415,865924415,0,0,0,W,0,0,0,510078,0,0,0,0
bridge,1,1,4,572137,572137,866496572,866496572,866496572,0,0,0,W,0,0,0,510078,0,0,0,0
bridge,1,1,4,571865,571865,867068453,867068453,867068453,0,0,0,W,0,0,0,510078,0,0,0,0
bridge,1,1,4,2324446,2324447,869392913,869392913,869392913,0,0,0,W,0,0,0,510078,0,0,0,0
bridge,1,1,4,3179190,3179190,872572136,872572136,872572136,0,0,0,W,0,0,0,510078,0,0,0,0
bridge,1,1,4,3182147,3182132,875754335,875754318,875754318,0,0,0,W,0,0,0,510078,0,0,0,0
bridge,1,1,4,3185150,3185148,878939533,878939531,878939531,0,0,0,W,0,0,0,510078,0,0,0,0
bridge,1,1,4,3186777,3186765,882126357,882126345,882126354,0,0,0,W,0,0,0,510078,0,0,0,0
bridge,1,1,4,3188350,3188349,885314795,885314794,885314795,0,0,0,W,0,0,0,510078,0,0,0,0
bridge,1,1,4,3189528,3189522,888504370,888504364,888504364,0,0,0,W,0,0,0,510078,0,0,0,0
bridge,1,1,4,3177024,3177024,891681833,891681833,891681833,0,0,0,W,0,0,0,510078,0,0,0,0
bridge,1,1,4,2722392,2722392,894404389,894404389,894404389,0,0,0,W,0,0,0,510078,0,0,0,0
bridge,1,1,4,2971516,2971512,897376017,897376013,897376013,0,0,0,W,0,0,0,510078,0,0,0,0
bridge,1,1,4,2013417,2013417,899389550,899389550,899389550,0,0,0,W,0,0,0,510078,0,0,0,0
bridge,1,1,4,1535978,1535981,900925555,900925555,900925555,0,0,0,W,0,0,0,510078,0,0,0,0
bridge,1,1,4,1537207,1537207,902462787,902462787,902462787,0,0,0,W,0,0,0,510078,0,0,0,0
bridge,1,1,4,1534119,1534120,903996935,903996934,903996934,0,0,0,W,0,0,0,510078,0,0,0,0
bridge,1,1,4,1534244,1534244,905531202,905531202,905531202,0,0,0,W,0,0,0,510078,0,0,0,0
bridge,1,1,4,1535199,1535201,907066449,907066449,907066449,0,0,0,W,0,0,0,510078,0,0,0,0
bridge,1,1,4,1536751,1536742,908603228,908603219,908603225,0,0,0,W,0,0,0,510078,0,0,0,0
bridge,1,1,4,1534974,1534976,910138264,910138264,910138264,0,0,0,W,0,0,0,510078,0,0,0,0
bridge,1,1,4,1530898,1530896,911669193,911669190,911669193,0,0,0,W,0,0,0,510078,0,0,0,0
bridge,1,1,4,1533644,1533644,913202910,913202910,913202910,0,0,0,W,0,0,0,510078,0,0,0,0
bridge,1,1,4,1601752,1601755,914804696,914804696,914804696,0,0,0,W,0,0,0,510078,0,0,0,0
bridge,1,1,4,1632490,1632490,916437221,916437221,916437221,0,0,0,W,0,0,0,510078,0,0,0,0
bridge,1,1,4,1623004,1623000,918060245,918060241,918060241,0,0,0,W,0,0,0,510078,0,0,0,0
bridge,1,1,4,1632305,1632303,919692591,919692589,919692589,0,0,0,W,0,0,0,510078,0,0,0,0
bridge,1,1,4,1631023,1631023,921323636,921323636,921323636,0,0,0,W,0,0,0,510078,0,0,0,0
bridge,1,1,4,1631163,1631163,922954828,922954828,922954828,0,0,0,W,0,0,0,510078,0,0,0,0
bridge,1,1,4,1629581,1629582,924584441,924584441,924584441,0,0,0,W,0,0,0,510078,0,0,0,0
bridge,1,1,4,1631264,1631264,926215730,926215730,926215730,0,0,0,W,0,0,0,510078,0,0,0,0
bridge,1,1,4,1626796,1626797,927842569,927842569,927842569,0,0,0,W,0,0,0,510078,0,0,0,0
bridge,1,1,4,1629570,1629571,929472207,929472206,929472206,0,0,0,W,0,0,0,510078,0,0,0,0
bridge,1,1,4,1653288,1653288,931125535,931125535,931125535,0,0,0,W,0,0,0,510078,0,0,0,0
bridge,1,1,4,1661398,1661398,932786964,932786964,932786964,0,0,0,W,0,0,0,510078,0,0,0,0
bridge,1,1,4,1659607,1659610,934446601,934446601,934446601,0,0,0,W,0,0,0,510078,0,0,0,0
bridge,1,1,4,1662378,1662375,936109022,936109019,936109019,0,0,0,W,0,0,0,510078,0,0,0,0
bridge,1,1,4,1662768,1662768,937771814,937771814,937771814,0,0,0,W,0,0,0,510078,0,0,0,0
bridge,1,1,4,1661335,1661334,939433200,939433199,939433199,0,0,0,W,0,0,0,510078,0,0,0,0
bridge,1,1,4,1660785,1660785,941094007,941094007,941094007,0,0,0,W,0,0,0,510078,0,0,0,0
bridge,1,1,4,1661952,1661952,942756014,942756014,942756014,0,0,0,W,0,0,0,510078,0,0,0,0
bridge,1,1,4,1660302,1660307,944416349,944416349,944416349,0,0,0,W,0,0,0,510078,0,0,0,0
bridge,1,1,4,1656201,1656205,946072690,946072690,946072690,0,0,0,W,0,0,0,510078,0,0,0,0
bridge,1,1,4,888422,888422,946961169,946961169,946961169,0,0,0,W,0,0,0,510078,0,0,0,0
bridge,1,1,4,525036,525036,947486213,947486213,947486213,0,0,0,W,0,0,0,510078,0,0,0,0
bridge,1,1,4,526309,526309,948012528,948012528,948012528,0,0,0,W,0,0,0,510078,0,0,0,0
bridge,1,1,4,525486,525485,948538033,948538032,948538033,0,0,0,W,0,0,0,510078,0,0,0,0
bridge,1,1,4,525479,525479,949063523,949063523,949063523,0,0,0,W,0,0,0,510078,0,0,0,0
bridge,1,1,4,525874,525874,949589415,949589415,949589415,0,0,0,W,0,0,0,510078,0,0,0,0
bridge,1,1,4,525050,525052,950114471,950114471,950114471,0,0,0,W,0,0,0,510078,0,0,0,0
bridge,1,1,4,525587,525587,950640070,950640070,950640070,0,0,0,W,0,0,0,510078,0,0,0,0
bridge,1,1,4,525706,525706,951165786,951165786,951165786,0,0,0,W,0,0,0,510078,0,0,0,0
bridge,1,1,4,525882,525882,951691672,951691672,951691672,0,0,0,W,0,0,0,510078,0,0,0,0
bridge,1,1,4,697966,697966,952389652,952389652,952389652,0,0,0,W,0,0,0,510078,0,0,0,0
bridge,1,1,4,776399,776399,953166064,953166064,953166064,0,0,0,W,0,0,0,510078,0,0,0,0
bridge,1,1,4,776592,776591,953942666,953942665,953942665,0,0,0,W,0,0,0,510078,0,0,0,0
bridge,1,1,4,776568,776568,954719244,954719244,954719244,0,0,0,W,0,0,0,510078,0,0,0,0
bridge,1,1,4,779996,779996,955499373,955499373,955499373,0,0,0,W,0,0,0,510078,0,0,0,0
bridge,1,1,4,777358,777358,956276745,956276745,956276745,0,0,0,W,0,0,0,510078,0,0,0,0
bridge,1,1,4,776992,776992,957053751,957053751,957053751,0,0,0,W,0,0,0,510078,0,0,0,0
bridge,1,1,4,777645,777645,957831420,957831420,957831420,0,0,0,W,0,0,0,510078,0,0,0,0
bridge,1,1,4,776518,776518,958607951,958607951,958607951,0,0,0,W,0,0,0,510078,0,0,0,0
bridge,1,1,4,776319,776318,959384283,959384281,959384283,0,0,0,W,0,0,0,510078,0,0,0,0
bridge,1,1,4,2167752,2167752,961552045,961552045,961552045,0,0,0,W,0,0,0,510078,0,0,0,0
bridge,1,1,4,2812641,2812645,964364734,964364734,964364734,0,0,0,W,0,0,0,510078,0,0,0,0
bridge,1,1,4,2810055,2810055,967174825,967174825,967174825,0,0,0,W,0,0,0,510078,0,0,0,0
bridge,1,1,4,2807813,2807813,969982720,969982720,969982720,0,0,0,W,0,0,0,510078,0,0,0,0
bridge,1,1,4,2816129,2816130,972798878,972798878,972798878,0,0,0,W,0,0,0,510078,0,0,0,0
bridge,1,1,4,2812063,2812068,975610993,975610993,975610993,0,0,0,W,0,0,0,510078,0,0,0,0
bridge,1,1,4,2813363,2813363,978424407,978424407,978424407,0,0,0,W,0,0,0,510078,0,0,0,0
bridge,1,1,4,2812158,2812157,981236605,981236604,981236604,0,0,0,W,0,0,0,510078,0,0,0,0
bridge,1,1,4,2810555,2810555,984047203,984047203,984047203,0,0,0,W,0,0,0,510078,0,0,0,0
bridge,1,1,4,2643222,2643214,986690453,986690445,986690445,0,0,0,W,0,0,0,510078,0,0,0,0
bridge,1,1,4,1849750,1849762,988540371,988540371,988540371,0,0,0,W,0,0,0,510078,0,0,0,0
bridge,1,1,4,1473246,1473246,990013639,990013639,990013639,0,0,0,W,0,0,0,510078,0,0,0,0
bridge,1,1,4,1474896,1474895,991488572,991488571,991488571,0,0,0,W,0,0,0,510078,0,0,0,0
bridge,1,1,4,1471922,1471924,992960529,992960528,992960529,0,0,0,W,0,0,0,510078,0,0,0,0
bridge,1,1,4,1474913,1474913,994435476,994435476,994435476,0,0,0,W,0,0,0,510078,0,0,0,0
bridge,1,1,4,1472505,1472505,995908024,995908024,995908024,0,0,0,W,0,0,0,510078,0,0,0,0
bridge,1,1,4,1472172,1472174,997380219,997380219,997380219,0,0,0,W,0,0,0,510078,0,0,0,0
bridge,1,1,4,1473900,1473902,998854171,998854171,998854171,0,0,0,W,0,0,0,510078,0,0,0,0
bridge,1,1,4,1472244,1472244,1000326457,1000326457,1000326457,0,0,0,W,0,0,0,510078,0,0,0,0
bridge,1,1,4,1472675,1472674,1001799155,1001799154,1001799154,0,0,0,W,0,0,0,510078,0,0,0,0
bridge,1,1,4,2369001,2369012,1004168197,1004168197,1004168197,0,0,0,W,0,0,0,510078,0,0,0,0
bridge,1,1,4,2949420,2949420,1007117737,1007117737,1007117737,0,0,0,W,0,0,0,510078,0,0,0,0
bridge,1,1,4,2976144,2976140,1010093921,1010093917,1010093921,0,0,0,W,0,0,0,510078,0,0,0,0
bridge,1,1,4,3006784,3006784,1013100769,1013100769,1013100769,0,0,0,W,0,0,0,510078,0,0,0,0
bridge,1,1,4,3036240,3036232,1016137041,1016137033,1016137033,0,0,0,W,0,0,0,510078,0,0,0,0
bridge,1,1,4,3063688,3063688,1019200785,1019200785,1019200785,0,0,0,W,0,0,0,510078,0,0,0,0
bridge,1,1,4,3088232,3088228,1022289101,1022289097,1022289097,0,0,0,W,0,0,0,510078,0,0,0,0
bridge,1,1,4,3104740,3104724,1025393917,1025393901,1025393913,0,0,0,W,0,0,0,510078,0,0,0,0
bridge,1,1,4,3129680,3129680,1028523681,1028523681,1028523681,0,0,0,W,0,0,0,510078,0,0,0,0
bridge,1,1,4,3164327,3164331,1031688056,1031688056,1031688056,0,0,0,W,0,0,0,510078,0,0,0,0
bridge,1,1,4,2645065,2645071,1034333186,1034333186,1034333186,0,0,0,W,0,0,0,510078,0,0,0,0
bridge,1,1,4,2486236,2486232,1036819477,1036819473,1036819473,0,0,0,W,0,0,0,510078,0,0,0,0
bridge,1,1,4,2488404,2488401,1039307951,1039307948,1039307948,0,0,0,W,0,0,0,510078,0,0,0,0
bridge,1,1,4,2486424,2486419,1041794430,1041794425,1041794425,0,0,0,W,0,0,0,510078,0,0,0,0
bridge,1,1,4,2483320,2483319,1044277795,1044277794,1044277795,0,0,0,W,0,0,0,510078,0,0,0,0
bridge,1,1,4,2486788,2486788,1046764635,1046764633,1046764633,0,0,0,W,0,0,0,510078,0,0,0,0
bridge,1,1,4,2487036,2487042,1049251712,1049251712,1049251712,0,0,0,W,0,0,0,510078,0,0,0,0
bridge,1,1,4,2485951,2485951,1051737712,1051737712,1051737712,0,0,0,W,0,0,0,510078,0,0,0,0
bridge,1,1,4,2482780,2482778,1054220521,1054220519,1054220519,0,0,0,W,0,0,0,510078,0,0,0,0
bridge,1,1,4,2485650,2485647,1056706220,1056706217,1056706217,0,0,0,W,0,0,0,510078,0,0,0,0
bridge,1,1,4,1782122,1782131,1058488576,1058488576,1058488576,0,0,0,W,0,0,0,510078,0,0,0,0
bridge,1,1,4,1475467,1475467,1059964113,1059964113,1059964113,0,0,0,W,0,0,0,510078,0,0,0,0
bridge,1,1,4,1473693,1473691,1061437843,1061437838,1061437838,0,0,0,W,0,0,0,510078,0,0,0,0
bridge,1,1,4,1478299,1478295,1062916162,1062916158,1062916158,0,0,0,W,0,0,0,510078,0,0,0,0
bridge,1,1,4,1474021,1474019,1064390215,1064390213,1064390215,0,0,0,W,0,0,0,510078,0,0,0,0
bridge,1,1,4,1471960,1471955,1065862187,1065862182,1065862182,0,0,0,W,0,0,0,510078,0,0,0,0
bridge,1,1,4,1474670,1474670,1067336879,1067336879,1067336879,0,0,0,W,0,0,0,510078,0,0,0,0
bridge,1,1,4,1474392,1474391,1068811297,1068811296,1068811296,0,0,0,W,0,0,0,510078,0,0,0,0
bridge,1,1,4,1475658,1475659,1070286979,1070286979,1070286979,0,0,0,W,0,0,0,510078,0,0,0,0
bridge,1,1,4,1474418,1474421,1071761429,1071761429,1071761429,0,0,0,W,0,0,0,510078,0,0,0,0
bridge,1,1,4,2100483,2100479,1073861933,1073861929,1073861929,0,0,0,W,0,0,0,510078,0,0,0,0
bridge,1,1,4,2324753,2324757,1076186794,1076186794,1076186794,0,0,0,W,0,0,0,510078,0,0,0,0
bridge,1,1,4,2383080,2383081,1078569941,1078569941,1078569941,0,0,0,W,0,0,0,510078,0,0,0,0
bridge,1,1,4,2379586,2379586,1080949582,1080949582,1080949582,0,0,0,W,0,0,0,510078,0,0,0,0
bridge,1,1,4,2377653,2377646,1083327277,1083327270,1083327270,0,0,0,W,0,0,0,510078,0,0,0,0
bridge,1,1,4,2383309,2383309,1085710634,1085710626,1085710626,0,0,0,W,0,0,0,510078,0,0,0,0
bridge,1,1,4,2383994,2383992,1088094659,1088094657,1088094657,0,0,0,W,0,0,0,510078,0,0,0,0
bridge,1,1,4,2383298,2383294,1090478013,1090478009,1090478009,0,0,0,W,0,0,0,510078,0,0,0,0
bridge,1,1,4,2383379,2383378,1092861431,1092861430,1092861430,0,0,0,W,0,0,0,510078,0,0,0,0
bridge,1,1,4,2382050,2382050,1095243526,1095243526,1095243526,0,0,0,W,0,0,0,510078,0,0,0,0
bridge,1,1,4,2714883,2714883,1097958447,1097958447,1097958447,0,0,0,W,0,0,0,510078,0,0,0,0
bridge,1,1,4,2705967,2705963,1100664473,1100664469,1100664469,0,0,0,W,0,0,0,510078,0,0,0,0
bridge,1,1,4,2865718,2865718,1103530255,1103530255,1103530255,0,0,0,W,0,0,0,510078,0,0,0,0
bridge,1,1,4,2862964,2862964,1106393314,1106393314,1106393314,0,0,0,W,0,0,0,510078,0,0,0,0
bridge,1,1,4,2861790,2861790,1109255143,1109255143,1109255143,0,0,0,W,0,0,0,510078,0,0,0,0
bridge,1,1,4,2863735,2863733,1112118916,1112118914,1112118914,0,0,0,W,0,0,0,510078,0,0,0,0
bridge,1,1,4,2863379,2863380,1114982332,1114982326,1114982326,0,0,0,W,0,0,0,510078,0,0,0,0
bridge,1,1,4,2865141,2865145,1117847519,1117847519,1117847519,0,0,0,W,0,0,0,510078,0,0,0,0
bridge,1,1,4,2863124,2863122,1120710700,1120710698,1120710700,0,0,0,W,0,0,0,510078,0,0,0,0
bridge,1,1,4,2862821,2862827,1123573584,1123573584,1123573584,0,0,0,W,0,0,0,510078,0,0,0,0
bridge,1,1,4,2446754,2446754,1126020383,1126020383,1126020383,0,0,0,W,0,0,0,510078,0,0,0,0
bridge,1,1,4,2265469,2265469,1128285899,1128285899,1128285899,0,0,0,W,0,0,0,510078,0,0,0,0
bridge,1,1,4,2225108,2225120,1130511129,1130511129,1130511129,0,0,0,W,0,0,0,510078,0,0,0,0
bridge,1,1,4,2264712,2264712,1132775893,1132775893,1132775893,0,0,0,W,0,0,0,510078,0,0,0,0
bridge,1,1,4,2267372,2267372,1135043307,1135043307,1135043307,0,0,0,W,0,0,0,510078,0,0,0,0
bridge,1,1,4,2267430,2267428,1137310776,1137310774,1137310774,0,0,0,W,0,0,0,510078,0,0,0,0
bridge,1,1,4,2268388,2268391,1139579190,1139579190,1139579190,0,0,0,W,0,0,0,510078,0,0,0,0
bridge,1,1,4,2267821,2267821,1141847077,1141847077,1141847077,0,0,0,W,0,0,0,510078,0,0,0,0
bridge,1,1,4,2264267,2264271,1144111390,1144111388,1144111388,0,0,0,W,0,0,0,510078,0,0,0,0
bridge,1,1,4,2264826,2264827,1146376251,1146376251,1146376251,0,0,0,W,0,0,0,510078,0,0,0,0
bridge,1,1,4,2027749,2027749,1148404043,1148404043,1148404043,0,0,0,W,0,0,0,510078,0,0,0,0
bridge,1,1,4,1925653,1925653,1150329732,1150329731,1150329732,0,0,0,W,0,0,0,510078,0,0,0,0
bridge,1,1,4,1906854,1906854,1152236612,1152236612,1152236612,0,0,0,W,0,0,0,510078,0,0,0,0
bridge,1,1,4,1927160,1927158,1154163833,1154163828,1154163828,0,0,0,W,0,0,0,510078,0,0,0,0
bridge,1,1,4,1926328,1926329,1156090202,1156090202,1156090202,0,0,0,W,0,0,0,510078,0,0,0,0
bridge,1,1,4,1925542,1925542,1158015943,1158015943,1158015943,0,0,0,W,0,0,0,510078,0,0,0,0
bridge,1,1,4,1923500,1923498,1159939475,1159939473,1159939473,0,0,0,W,0,0,0,510078,0,0,0,0
bridge,1,1,4,1922473,1922471,1161861973,1161861971,1161861973,0,0,0,W,0,0,0,510078,0,0,0,0
bridge,1,1,4,1924044,1924044,1163786027,1163786027,1163786027,0,0,0,W,0,0,0,510078,0,0,0,0
bridge,1,1,4,1925486,1925487,1165711554,1165711553,1165711553,0,0,0,W,0,0,0,510078,0,0,0,0
bridge,1,1,4,1754845,1754846,1167466429,1167466428,1167466428,0,0,0,W,0,0,0,510078,0,0,0,0
bridge,1,1,4,1681693,1681693,1169148141,1169148141,1169148141,0,0,0,W,0,0,0,510078,0,0,0,0
bridge,1,1,4,1663095,1663097,1170811292,1170811292,1170811292,0,0,0,W,0,0,0,510078,0,0,0,0
bridge,1,1,4,1682181,1682179,1172493505,1172493503,1172493505,0,0,0,W,0,0,0,510078,0,0,0,0
bridge,1,1,4,1681713,1681715,1174175274,1174175274,1174175274,0,0,0,W,0,0,0,510078,0,0,0,0
bridge,1,1,4,1684281,1684286,1175859592,1175859592,1175859592,0,0,0,W,0,0,0,510078,0,0,0,0
bridge,1,1,4,1683477,1683477,1177543083,1177543083,1177543083,0,0,0,W,0,0,0,510078,0,0,0,0
bridge,1,1,4,1680548,1680548,1179223659,1179223659,1179223659,0,0,0,W,0,0,0,510078,0,0,0,0
bridge,1,1,4,1682672,1682671,1180906356,1180906355,1180906355,0,0,0,W,0,0,0,510078,0,0,0,0
bridge,1,1,4,1680982,1680982,1182587388,1182587388,1182587388,0,0,0,W,0,0,0,510078,0,0,0,0
bridge,1,1,4,1966662,1966662,1184554080,1184554080,1184554080,0,0,0,W,0,0,0,510078,0,0,0,0
bridge,1,1,4,2087103,2087101,1186641214,1186641212,1186641214,0,0,0,W,0,0,0,510078,0,0,0,0
bridge,1,1,4,2090826,2090826,1188732065,1188732065,1188732065,0,0,0,W,0,0,0,510078,0,0,0,0
bridge,1,1,4,2065005,2065005,1190797166,1190797166,1190797166,0,0,0,W,0,0,0,510078,0,0,0,0
bridge,1,1,4,2086690,2086690,1192883930,1192883927,1192883927,0,0,0,W,0,0,0,510078,0,0,0,0
bridge,1,1,4,2084908,2084908,1194968907,1194968907,1194968907,0,0,0,W,0,0,0,510078,0,0,0,0
bridge,1,1,4,2084773,2084771,1197053712,1197053710,1197053712,0,0,0,W,0,0,0,510078,0,0,0,0
bridge,1,1,4,2082562,2082562,1199136290,1199136290,1199136290,0,0,0,W,0,0,0,510078,0,0,0,0
bridge,1,1,4,2082857,2082857,1201219202,1201219202,1201219202,0,0,0,W,0,0,0,510078,0,0,0,0
bridge,1,1,4,2086505,2086505,1203305750,1203305750,1203305750,0,0,0,W,0,0,0,510078,0,0,0,0
bridge,1,1,4,1573933,1573931,1204879750,1204879748,1204879748,0,0,0,W,0,0,0,510078,0,0,0,0
bridge,1,1,4,1362729,1362730,1206242505,1206242505,1206242505,0,0,0,W,0,0,0,510078,0,0,0,0
bridge,1,1,4,1357017,1357017,1207599562,1207599561,1207599561,0,0,0,W,0,0,0,510078,0,0,0,0
bridge,1,1,4,1360947,1360947,1208960532,1208960532,1208960532,0,0,0,W,0,0,0,510078,0,0,0,0
bridge,1,1,4,1359133,1359132,1210319725,1210319720,1210319725,0,0,0,W,0,0,0,510078,0,0,0,0
bridge,1,1,4,1360568,1360568,1211680339,1211680339,1211680339,0,0,0,W,0,0,0,510078,0,0,0,0
bridge,1,1,4,1359439,1359439,1213039799,1213039799,1213039799,0,0,0,W,0,0,0,510078,0,0,0,0
bridge,1,1,4,1359464,1359464,1214399282,1214399282,1214399282,0,0,0,W,0,0,0,510078,0,0,0,0
bridge,1,1,4,1359466,1359464,1215758772,1215758770,1215758770,0,0,0,W,0,0,0,510078,0,0,0,0
bridge,1,1,4,1360693,1360699,1217119505,1217119505,1217119505,0,0,0,W,0,0,0,510078,0,0,0,0
bridge,1,1,4,1125523,1125525,1218245039,1218245039,1218245039,0,0,0,W,0,0,0,510078,0,0,0,0
bridge,1,1,4,1025381,1025381,1219270453,1219270453,1219270453,0,0,0,W,0,0,0,510078,0,0,0,0
bridge,1,1,4,1027244,1027240,1220297719,1220297715,1220297715,0,0,0,W,0,0,0,510078,0,0,0,0
bridge,1,1,4,1028201,1028202,1221325950,1221325950,1221325950,0,0,0,W,0,0,0,510078,0,0,0,0
bridge,1,1,4,1028428,1028428,1222354408,1222354408,1222354408,0,0,0,W,0,0,0,510078,0,0,0,0
bridge,1,1,4,1026227,1026227,1223380657,1223380657,1223380657,0,0,0,W,0,0,0,510078,0,0,0,0
bridge,1,1,4,1025784,1025784,1224406454,1224406454,1224406454,0,0,0,W,0,0,0,510078,0,0,0,0
bridge,1,1,4,1027897,1027894,1225434370,1225434367,1225434367,0,0,0,W,0,0,0,510078,0,0,0,0
bridge,1,1,4,1028080,1028080,1226462478,1226462478,1226462478,0,0,0,W,0,0,0,510078,0,0,0,0
bridge,1,1,4,1028896,1028896,1227491386,1227491386,1227491386,0,0,0,W,0,0,0,510078,0,0,0,0
bridge,1,1,4,1003831,1003831,1228495375,1228495375,1228495375,0,0,0,W,0,0,0,510078,0,0,0,0
bridge,1,1,4,991267,991267,1229486660,1229486660,1229486660,0,0,0,W,0,0,0,510078,0,0,0,0
bridge,1,1,4,992389,992388,1230479072,1230479071,1230479071,0,0,0,W,0,0,0,510078,0,0,0,0
bridge,1,1,4,991882,991884,1231470976,1231470976,1231470976,0,0,0,W,0,0,0,510078,0,0,0,0
bridge,1,1,4,993896,993896,1232464886,1232464886,1232464886,0,0,0,W,0,0,0,510078,0,0,0,0
bridge,1,1,4,990397,990395,1233455317,1233455315,1233455315,0,0,0,W,0,0,0,510078,0,0,0,0
bridge,1,1,4,992493,992494,1234447830,1234447830,1234447830,0,0,0,W,0,0,0,510078,0,0,0,0
bridge,1,1,4,990285,990285,1235438141,1235438141,1235438141,0,0,0,W,0,0,0,510078,0,0,0,0
bridge,1,1,4,991444,991444,1236429605,1236429605,1236429605,0,0,0,W,0,0,0,510078,0,0,0,0
bridge,1,1,4,990494,990494,1237420130,1237420130,1237420130,0,0,0,W,0,0,0,510078,0,0,0,0
bridge,1,1,4,1656373,1656370,1239076534,1239076531,1239076531,0,0,0,W,0,0,0,510078,0,0,0,0
bridge,1,1,4,1922253,1922258,1240998851,1240998851,1240998851,0,0,0,W,0,0,0,510078,0,0,0,0
bridge,1,1,4,1923373,1923374,1242922274,1242922274,1242922274,0,0,0,W,0,0,0,510078,0,0,0,0
bridge,1,1,4,1922434,1922434,1244844741,1244844741,1244844741,0,0,0,W,0,0,0,510078,0,0,0,0
bridge,1,1,4,1921200,1921200,1246766145,1246766145,1246766145,0,0,0,W,0,0,0,510078,0,0,0,0
bridge,1,1,4,1921678,1921678,1248687903,1248687903,1248687903,0,0,0,W,0,0,0,510078,0,0,0,0
bridge,1,1,4,1925306,1925303,1250613250,1250613247,1250613247,0,0,0,W,0,0,0,510078,0,0,0,0
bridge,1,1,4,1920765,1920764,1252534047,1252534046,1252534046,0,0,0,W,0,0,0,510078,0,0,0,0
bridge,1,1,4,1922859,1922858,1254456928,1254456927,1254456928,0,0,0,W,0,0,0,510078,0,0,0,0
bridge,1,1,4,1923354,1923354,1256380310,1256380310,1256380310,0,0,0,W,0,0,0,510078,0,0,0,0
bridge,1,1,4,2621727,2621730,1259002087,1259002085,1259002085,0,0,0,W,0,0,0,510078,0,0,0,0
bridge,1,1,4,2902584,2902576,1261904718,1261904710,1261904710,0,0,0,W,0,0,0,510078,0,0,0,0
bridge,1,1,4,2898828,2898831,1264803582,1264803582,1264803582,0,0,0,W,0,0,0,510078,0,0,0,0
bridge,1,1,4,2901033,2901025,1267704676,1267704668,1267704668,0,0,0,W,0,0,0,510078,0,0,0,0
bridge,1,1,4,2678184,2678184,1270382903,1270382903,1270382903,0,0,0,W,0,0,0,510078,0,0,0,0
bridge,1,1,4,2898326,2898316,1273281293,1273281283,1273281283,0,0,0,W,0,0,0,510078,0,0,0,0
bridge,1,1,4,2901663,2901653,1276183008,1276182998,1276182998,0,0,0,W,0,0,0,510078,0,0,0,0
bridge,1,1,4,2895433,2895430,1279078495,1279078492,1279078492,0,0,0,W,0,0,0,510078,0,0,0,0
bridge,1,1,4,2902547,2902547,1281981091,1281981091,1281981091,0,0,0,W,0,0,0,510078,0,0,0,0
bridge,1,1,4,2898775,2898780,1284879914,1284879914,1284879914,0,0,0,W,0,0,0,510078,0,0,0,0
bridge,1,1,4,2610484,2610490,1287490475,1287490475,1287490475,0,0,0,W,0,0,0,510078,0,0,0,0
bridge,1,1,4,2498490,2498490,1289989005,1289989005,1289989005,0,0,0,W,0,0,0,510078,0,0,0,0
bridge,1,1,4,2496246,2496247,1292485302,1292485302,1292485302,0,0,0,W,0,0,0,510078,0,0,0,0
bridge,1,1,4,2484045,2484046,1294969396,1294969396,1294969396,0,0,0,W,0,0,0,510078,0,0,0,0
bridge,1,1,4,2394713,2394711,1297364159,1297364154,1297364154,0,0,0,W,0,0,0,510078,0,0,0,0
bridge,1,1,4,2495631,2495633,1299859840,1299859840,1299859840,0,0,0,W,0,0,0,510078,0,0,0,0
bridge,1,1,4,2494707,2494707,1302354625,1302354625,1302354625,0,0,0,W,0,0,0,510078,0,0,0,0
bridge,1,1,4,2499377,2499377,1304854040,1304854040,1304854040,0,0,0,W,0,0,0,510078,0,0,0,0
bridge,1,1,4,2496793,2496797,1307350866,1307350862,1307350862,0,0,0,W,0,0,0,510078,0,0,0,0
bridge,1,1,4,2495209,2495210,1309846107,1309846107,1309846107,0,0,0,W,0,0,0,510078,0,0,0,0
bridge,1,1,4,2446194,2446194,1312292357,1312292357,1312292357,0,0,0,W,0,0,0,510078,0,0,0,0
bridge,1,1,4,2427305,2427307,1314719708,1314719708,1314719708,0,0,0,W,0,0,0,510078,0,0,0,0
bridge,1,1,4,2428581,2428592,1317148334,1317148334,1317148334,0,0,0,W,0,0,0,510078,0,0,0,0
bridge,1,1,4,2425535,2425537,1319573918,1319573918,1319573918,0,0,0,W,0,0,0,510078,0,0,0,0
bridge,1,1,4,2424409,2424412,1321998389,1321998386,1321998386,0,0,0,W,0,0,0,510078,0,0,0,0
bridge,1,1,4,2416673,2416673,1324415422,1324415422,1324415422,0,0,0,W,0,0,0,510078,0,0,0,0
bridge,1,1,4,2423900,2423900,1326839378,1326839378,1326839378,0,0,0,W,0,0,0,510078,0,0,0,0
bridge,1,1,4,2421892,2421892,1329261380,1329261380,1329261380,0,0,0,W,0,0,0,510078,0,0,0,0
bridge,1,1,4,2426331,2426336,1331687750,1331687750,1331687750,0,0,0,W,0,0,0,510078,0,0,0,0
bridge,1,1,4,2427886,2427884,1334115676,1334115674,1334115676,0,0,0,W,0,0,0,510078,0,0,0,0
bridge,1,1,4,2019898,2019900,1336135622,1336135622,1336135622,0,0,0,W,0,0,0,510078,0,0,0,0
bridge,1,1,4,1861558,1861556,1337997226,1337997224,1337997224,0,0,0,W,0,0,0,510078,0,0,0,0
bridge,1,1,4,1860499,1860501,1339857756,1339857756,1339857756,0,0,0,W,0,0,0,510078,0,0,0,0
bridge,1,1,4,1861487,1861487,1341719281,1341719281,1341719281,0,0,0,W,0,0,0,510078,0,0,0,0
bridge,1,1,4,1861267,1861267,1343580605,1343580605,1343580605,0,0,0,W,0,0,0,510078,0,0,0,0
bridge,1,1,4,1860449,1860450,1345441095,1345441095,1345441095,0,0,0,W,0,0,0,510078,0,0,0,0
bridge,1,1,4,1860306,1860306,1347301506,1347301506,1347301506,0,0,0,W,0,0,0,510078,0,0,0,0
bridge,1,1,4,1860527,1860527,1349162078,1349162078,1349162078,0,0,0,W,0,0,0,510078,0,0,0,0
bridge,1,1,4,1860049,1860048,1351022176,1351022171,1351022171,0,0,0,W,0,0,0,510078,0,0,0,0
bridge,1,1,4,1860457,1860457,1352882672,1352882672,1352882672,0,0,0,W,0,0,0,510078,0,0,0,0
bridge,1,1,4,1594035,1594034,1354476747,1354476746,1354476746,0,0,0,W,0,0,0,510078,0,0,0,0
bridge,1,1,4,1486975,1486975,1355963743,1355963743,1355963743,0,0,0,W,0,0,0,510078,0,0,0,0
bridge,1,1,4,1487412,1487411,1357451182,1357451179,1357451179,0,0,0,W,0,0,0,510078,0,0,0,0
bridge,1,1,4,1487399,1487399,1358938621,1358938621,1358938621,0,0,0,W,0,0,0,510078,0,0,0,0
bridge,1,1,4,1486810,1486810,1360425465,1360425465,1360425465,0,0,0,W,0,0,0,510078,0,0,0,0
bridge,1,1,4,1485353,1485366,1361910873,1361910870,1361910870,0,0,0,W,0,0,0,510078,0,0,0,0
bridge,1,1,4,1487891,1487893,1363398799,1363398799,1363398799,0,0,0,W,0,0,0,510078,0,0,0,0
bridge,1,1,4,1486161,1486165,1364884996,1364884996,1364884996,0,0,0,W,0,0,0,510078,0,0,0,0
bridge,1,1,4,1486363,1486362,1366371378,1366371377,1366371377,0,0,0,W,0,0,0,510078,0,0,0,0
bridge,1,1,4,1486273,1486273,1367857693,1367857693,1367857693,0,0,0,W,0,0,0,510078,0,0,0,0
bridge,1,1,4,1945081,1945079,1369802811,1369802808,1369802808,0,0,0,W,0,0,0,510078,0,0,0,0
bridge,1,1,4,2124257,2124257,1371927097,1371927097,1371927097,0,0,0,W,0,0,0,510078,0,0,0,0
bridge,1,1,4,2124262,2124269,1374051396,1374051396,1374051396,0,0,0,W,0,0,0,510078,0,0,0,0
bridge,1,1,4,2127443,2127441,1376178869,1376178867,1376178867,0,0,0,W,0,0,0,510078,0,0,0,0
bridge,1,1,4,2124744,2124747,1378303642,1378303642,1378303642,0,0,0,W,0,0,0,510078,0,0,0,0
bridge,1,1,4,2126380,2126380,1380430070,1380430070,1380430070,0,0,0,W,0,0,0,510078,0,0,0,0
bridge,1,1,4,2121677,2121674,1382551835,1382551832,1382551832,0,0,0,W,0,0,0,510078,0,0,0,0
bridge,1,1,4,2123817,2123817,1384675757,1384675757,1384675757,0,0,0,W,0,0,0,510078,0,0,0,0
bridge,1,1,4,2121936,2121934,1386797727,1386797724,1386797724,0,0,0,W,0,0,0,510078,0,0,0,0
bridge,1,1,4,2125344,2125340,1388923112,1388923108,1388923108,0,0,0,W,0,0,0,510078,0,0,0,0
bridge,1,1,4,1386990,1386990,1390310150,1390310150,1390310150,0,0,0,W,0,0,0,510078,0,0,0,0
bridge,1,1,4,1103119,1103119,1391413281,1391413281,1391413281,0,0,0,W,0,0,0,510078,0,0,0,0
bridge,1,1,4,1101765,1101765,1392515082,1392515082,1392515082,0,0,0,W,0,0,0,510078,0,0,0,0
bridge,1,1,4,1100516,1100516,1393615620,1393615620,1393615620,0,0,0,W,0,0,0,510078,0,0,0,0
bridge,1,1,4,1103687,1103680,1394719321,1394719314,1394719314,0,0,0,W,0,0,0,510078,0,0,0,0
bridge,1,1,4,1101341,1101341,1395820691,1395820691,1395820691,0,0,0,W,0,0,0,510078,0,0,0,0
bridge,1,1,4,1102557,1102557,1396923267,1396923267,1396923267,0,0,0,W,0,0,0,510078,0,0,0,0
bridge,1,1,4,1104173,1104172,1398027465,1398027464,1398027464,0,0,0,W,0,0,0,510078,0,0,0,0
bridge,1,1,4,1103284,1103284,1399130791,1399130791,1399130791,0,0,0,W,0,0,0,510078,0,0,0,0
bridge,1,1,4,1101706,1101706,1400232514,1400232514,1400232514,0,0,0,W,0,0,0,510078,0,0,0,0
bridge,1,1,4,1686357,1686352,1401918999,1401918994,1401918999,0,0,0,W,0,0,0,510078,0,0,0,0
bridge,1,1,4,1911653,1911655,1403830695,1403830694,1403830694,0,0,0,W,0,0,0,510078,0,0,0,0
bridge,1,1,4,1900805,1900805,1405731530,1405731530,1405731530,0,0,0,W,0,0,0,510078,0,0,0,0
bridge,1,1,4,1907895,1907893,1407639501,1407639499,1407639499,0,0,0,W,0,0,0,510078,0,0,0,0
bridge,1,1,4,1909858,1909856,1409549394,1409549392,1409549394,0,0,0,W,0,0,0,510078,0,0,0,0
bridge,1,1,4,1907394,1907396,1411456817,1411456816,1411456816,0,0,0,W,0,0,0,510078,0,0,0,0
bridge,1,1,4,1905568,1905575,1413362425,1413362425,1413362425,0,0,0,W,0,0,0,510078,0,0,0,0
bridge,1,1,4,1910486,1910486,1415272968,1415272968,1415272968,0,0,0,W,0,0,0,510078,0,0,0,0
bridge,1,1,4,1908104,1908115,1417181134,1417181134,1417181134,0,0,0,W,0,0,0,510078,0,0,0,0
bridge,1,1,4,1910336,1910336,1419091516,1419091516,1419091516,0,0,0,W,0,0,0,510078,0,0,0,0
bridge,1,1,4,1261191,1261193,1420352762,1420352762,1420352762,0,0,0,W,0,0,0,510078,0,0,0,0
bridge,1,1,4,1020983,1020983,1421373757,1421373757,1421373757,0,0,0,W,0,0,0,510078,0,0,0,0
bridge,1,1,4,1018094,1018094,1422391879,1422391879,1422391879,0,0,0,W,0,0,0,510078,0,0,0,0
bridge,1,1,4,1020219,1020220,1423412123,1423412123,1423412123,0,0,0,W,0,0,0,510078,0,0,0,0
bridge,1,1,4,1018561,1018561,1424430720,1424430720,1424430720,0,0,0,W,0,0,0,510078,0,0,0,0
bridge,1,1,4,1021111,1021109,1425451867,1425451865,1425451865,0,0,0,W,0,0,0,510078,0,0,0,0
bridge,1,1,4,1020287,1020287,1426472170,1426472170,1426472170,0,0,0,W,0,0,0,510078,0,0,0,0
bridge,1,1,4,1017892,1017893,1427490086,1427490083,1427490083,0,0,0,W,0,0,0,510078,0,0,0,0
bridge,1,1,4,1020405,1020405,1428510513,1428510513,1428510513,0,0,0,W,0,0,0,510078,0,0,0,0
bridge,1,1,4,1020347,1020345,1429530881,1429530879,1429530879,0,0,0,W,0,0,0,510078,0,0,0,0
bridge,1,1,4,337326,337326,1429868223,1429868223,1429868223,0,0,0,W,0,0,0,510078,0,0,0,0
bridge,1,1,4,84457,84457,1429952684,1429952684,1429952684,0,0,0,W,0,0,0,510078,0,0,0,0
bridge,1,1,4,83798,83798,1430036484,1430036484,1430036484,0,0,0,W,0,0,0,510078,0,0,0,0
bridge,1,1,4,84808,84808,1430121292,1430121292,1430121292,0,0,0,W,0,0,0,510078,0,0,0,0
bridge,1,1,4,84326,84326,1430205620,1430205620,1430205620,0,0,0,W,0,0,0,510078,0,0,0,0
bridge,1,1,4,84069,84069,1430289691,1430289691,1430289691,0,0,0,W,0,0,0,510078,0,0,0,0
bridge,1,1,4,84815,84815,1430374508,1430374508,1430374508,0,0,0,W,0,0,0,510078,0,0,0,0
bridge,1,1,4,84545,84545,1430459053,1430459053,1430459053,0,0,0,W,0,0,0,510078,0,0,0,0
bridge,1,1,4,84621,84621,1430543676,1430543676,1430543676,0,0,0,W,0,0,0,510078,0,0,0,0
bridge,1,1,4,84531,84531,1430628207,1430628207,1430628207,0,0,0,W,0,0,0,510078,0,0,0,0
bridge,1,1,4,480844,480844,1431109053,1431109053,1431109053,0,0,0,W,0,0,0,510078,0,0,0,0
bridge,1,1,4,627323,627323,1431736383,1431736383,1431736383,0,0,0,W,0,0,0,510078,0,0,0,0
bridge,1,1,4,627525,627525,1432363916,1432363916,1432363916,0,0,0,W,0,0,0,510078,0,0,0,0
bridge,1,1,4,627969,627969,1432991896,1432991896,1432991896,0,0,0,W,0,0,0,510078,0,0,0,0
bridge,1,1,4,626309,626310,1433618213,1433618213,1433618213,0,0,0,W,0,0,0,510078,0,0,0,0
bridge,1,1,4,627158,627158,1434245384,1434245384,1434245384,0,0,0,W,0,0,0,510078,0,0,0,0
bridge,1,1,4,627922,627922,1434873317,1434873317,1434873317,0,0,0,W,0,0,0,510078,0,0,0,0
bridge,1,1,4,626969,626969,1435500307,1435500307,1435500307,0,0,0,W,0,0,0,510078,0,0,0,0
bridge,1,1,4,627702,627702,1436128022,1436128022,1436128022,0,0,0,W,0,0,0,510078,0,0,0,0
bridge,1,1,4,626142,626142,1436754184,1436754184,1436754184,0,0,0,W,0,0,0,510078,0,0,0,0
bridge,1,1,4,1499152,1499152,1438253346,1438253346,1438253346,0,0,0,W,0,0,0,510078,0,0,0,0
bridge,1,1,4,1816389,1816391,1440069780,1440069780,1440069780,0,0,0,W,0,0,0,510078,0,0,0,0
bridge,1,1,4,1821249,1821249,1441891058,1441891058,1441891058,0,0,0,W,0,0,0,510078,0,0,0,0
bridge,1,1,4,1816776,1816774,1443707868,1443707866,1443707866,0,0,0,W,0,0,0,510078,0,0,0,0
bridge,1,1,4,1817357,1817356,1445525257,1445525256,1445525256,0,0,0,W,0,0,0,510078,0,0,0,0
bridge,1,1,4,1816906,1816906,1447342183,1447342183,1447342183,0,0,0,W,0,0,0,510078,0,0,0,0
bridge,1,1,4,1816211,1816223,1449158593,1449158593,1449158593,0,0,0,W,0,0,0,510078,0,0,0,0
bridge,1,1,4,1817789,1817787,1450976413,1450976411,1450976411,0,0,0,W,0,0,0,510078,0,0,0,0
bridge,1,1,4,1819011,1819011,1452795507,1452795507,1452795507,0,0,0,W,0,0,0,510078,0,0,0,0
bridge,1,1,4,1821355,1821358,1454616923,1454616921,1454616921,0,0,0,W,0,0,0,510078,0,0,0,0
bridge,1,1,4,957835,957835,1455574809,1455574809,1455574809,0,0,0,W,0,0,0,510078,0,0,0,0
bridge,1,1,4,645293,645293,1456220110,1456220110,1456220110,0,0,0,W,0,0,0,510078,0,0,0,0
bridge,1,1,4,645224,645224,1456865342,1456865342,1456865342,0,0,0,W,0,0,0,510078,0,0,0,0
bridge,1,1,4,644978,644976,1457510332,1457510330,1457510332,0,0,0,W,0,0,0,510078,0,0,0,0
bridge,1,1,4,643304,643305,1458153650,1458153650,1458153650,0,0,0,W,0,0,0,510078,0,0,0,0
bridge,1,1,4,644186,644186,1458797848,1458797848,1458797848,0,0,0,W,0,0,0,510078,0,0,0,0
bridge,1,1,4,644800,644800,1459442654,1459442654,1459442654,0,0,0,W,0,0,0,510078,0,0,0,0
bridge,1,1,4,642621,642621,1460085287,1460085287,1460085287,0,0,0,W,0,0,0,510078,0,0,0,0
bridge,1,1,4,645023,645021,1460730325,1460730323,1460730323,0,0,0,W,0,0,0,510078,0,0,0,0
bridge,1,1,4,645051,645051,1461375392,1461375392,1461375392,0,0,0,W,0,0,0,510078,0,0,0,0
bridge,1,1,4,1390181,1390181,1462765590,1462765590,1462765590,0,0,0,W,0,0,0,510078,0,0,0,0
bridge,1,1,4,1661913,1661916,1464427531,1464427531,1464427531,0,0,0,W,0,0,0,510078,0,0,0,0
bridge,1,1,4,1659928,1659928,1466087486,1466087486,1466087486,0,0,0,W,0,0,0,510078,0,0,0,0
bridge,1,1,4,1659521,1659521,1467747042,1467747042,1467747042,0,0,0,W,0,0,0,510078,0,0,0,0
bridge,1,1,4,1659931,1659931,1469407014,1469407012,1469407012,0,0,0,W,0,0,0,510078,0,0,0,0
bridge,1,1,4,1659679,1659679,1471066725,1471066725,1471066725,0,0,0,W,0,0,0,510078,0,0,0,0
bridge,1,1,4,1657780,1657780,1472724535,1472724535,1472724535,0,0,0,W,0,0,0,510078,0,0,0,0
bridge,1,1,4,1658746,1658746,1474383313,1474383313,1474383313,0,0,0,W,0,0,0,510078,0,0,0,0
bridge,1,1,4,1658107,1658098,1476041488,1476041479,1476041479,0,0,0,W,0,0,0,510078,0,0,0,0
bridge,1,1,4,1657385,1657385,1477698914,1477698914,1477698914,0,0,0,W,0,0,0,510078,0,0,0,0
bridge,1,1,4,2041653,2041653,1479740595,1479740595,1479740595,0,0,0,W,0,0,0,510078,0,0,0,0
bridge,1,1,4,2177589,2177586,1481918244,1481918241,1481918241,0,0,0,W,0,0,0,510078,0,0,0,0
bridge,1,1,4,2175517,2175512,1484093789,1484093784,1484093784,0,0,0,W,0,0,0,510078,0,0,0,0
bridge,1,1,4,2174977,2174974,1486268814,1486268811,1486268814,0,0,0,W,0,0,0,510078,0,0,0,0
bridge,1,1,4,2172751,2172750,1488441585,1488441584,1488441585,0,0,0,W,0,0,0,510078,0,0,0,0
bridge,1,1,4,2172047,2172047,1490613675,1490613675,1490613675,0,0,0,W,0,0,0,510078,0,0,0,0
bridge,1,1,4,2176266,2176269,1492789988,1492789988,1492789988,0,0,0,W,0,0,0,510078,0,0,0,0
bridge,1,1,4,2176834,2176836,1494966862,1494966862,1494966862,0,0,0,W,0,0,0,510078,0,0,0,0
bridge,1,1,4,2164918,2164915,1497131822,1497131819,1497131819,0,0,0,W,0,0,0,510078,0,0,0,0
bridge,1,1,4,2170302,2170302,1499302176,1499302176,1499302176,0,0,0,W,0,0,0,510078,0,0,0,0
bridge,1,1,4,2001037,2001037,1501303269,1501303269,1501303269,0,0,0,W,0,0,0,510078,0,0,0,0
bridge,1,1,4,1939434,1939433,1503242746,1503242745,1503242746,0,0,0,W,0,0,0,510078,0,0,0,0
bridge,1,1,4,1937538,1937543,1505180316,1505180316,1505180316,0,0,0,W,0,0,0,510078,0,0,0,0
bridge,1,1,4,1940243,1940243,1507120587,1507120587,1507120587,0,0,0,W,0,0,0,510078,0,0,0,0
bridge,1,1,4,1940228,1940231,1509060862,1509060862,1509060862,0,0,0,W,0,0,0,510078,0,0,0,0
bridge,1,1,4,1941010,1941010,1511001922,1511001922,1511001922,0,0,0,W,0,0,0,510078,0,0,0,0
bridge,1,1,4,1943290,1943285,1512945254,1512945249,1512945254,0,0,0,W,0,0,0,510078,0,0,0,0
bridge,1,1,4,1937740,1937735,1514883055,1514883050,1514883050,0,0,0,W,0,0,0,510078,0,0,0,0
bridge,1,1,4,1935273,1935273,1516818357,1516818357,1516818357,0,0,0,W,0,0,0,510078,0,0,0,0
bridge,1,1,4,1940494,1940492,1518758952,1518758950,1518758950,0,0,0,W,0,0,0,510078,0,0,0,0
bridge,1,1,4,1505072,1505072,1520264058,1520264058,1520264058,0,0,0,W,0,0,0,510078,0,0,0,0
bridge,1,1,4,1351207,1351207,1521615455,1521615455,1521615455,0,0,0,W,0,0,0,510078,0,0,0,0
bridge,1,1,4,1352977,1352978,1522968458,1522968457,1522968457,0,0,0,W,0,0,0,510078,0,0,0,0
bridge,1,1,4,1349965,1349965,1524318466,1524318466,1524318466,0,0,0,W,0,0,0,510078,0,0,0,0
bridge,1,1,4,1351777,1351777,1525670262,1525670262,1525670262,0,0,0,W,0,0,0,510078,0,0,0,0
bridge,1,1,4,1354628,1354628,1527024923,1527024923,1527024923,0,0,0,W,0,0,0,510078,0,0,0,0
bridge,1,1,4,1352959,1352960,1528377902,1528377901,1528377902,0,0,0,W,0,0,0,510078,0,0,0,0
bridge,1,1,4,1352852,1352852,1529730790,1529730790,1529730790,0,0,0,W,0,0,0,510078,0,0,0,0
bridge,1,1,4,1348836,1348836,1531079672,1531079672,1531079672,0,0,0,W,0,0,0,510078,0,0,0,0
bridge,1,1,4,1351836,1351833,1532431547,1532431544,1532431544,0,0,0,W,0,0,0,510078,0,0,0,0
bridge,1,1,4,1965835,1965845,1534397424,1534397424,1534397424,0,0,0,W,0,0,0,510078,0,0,0,0
bridge,1,1,4,2175587,2175587,1536573048,1536573048,1536573048,0,0,0,W,0,0,0,510078,0,0,0,0
bridge,1,1,4,2173113,2173113,1538746191,1538746191,1538746191,0,0,0,W,0,0,0,510078,0,0,0,0
bridge,1,1,4,2175552,2175547,1540921776,1540921771,1540921771,0,0,0,W,0,0,0,510078,0,0,0,0
bridge,1,1,4,2175144,2175141,1543096961,1543096958,1543096958,0,0,0,W,0,0,0,510078,0,0,0,0
bridge,1,1,4,2173544,2173543,1545270528,1545270527,1545270527,0,0,0,W,0,0,0,510078,0,0,0,0
bridge,1,1,4,2173183,2173185,1547443743,1547443743,1547443743,0,0,0,W,0,0,0,510078,0,0,0,0
bridge,1,1,4,2173607,2173605,1549617370,1549617368,1549617368,0,0,0,W,0,0,0,510078,0,0,0,0
bridge,1,1,4,2164875,2164875,1551782261,1551782261,1551782261,0,0,0,W,0,0,0,510078,0,0,0,0
bridge,1,1,4,2169533,2169529,1553951913,1553951909,1553951909,0,0,0,W,0,0,0,510078,0,0,0,0
bridge,1,1,4,2172073,2172071,1556124070,1556124064,1556124064,0,0,0,W,0,0,0,510078,0,0,0,0
bridge,1,1,4,2173993,2173997,1558298130,1558298130,1558298130,0,0,0,W,0,0,0,510078,0,0,0,0
bridge,1,1,4,2173215,2173213,1560471378,1560471376,1560471376,0,0,0,W,0,0,0,510078,0,0,0,0
bridge,1,1,4,2178935,2178936,1562650354,1562650354,1562650354,0,0,0,W,0,0,0,510078,0,0,0,0
bridge,1,1,4,2173091,2173091,1564823473,1564823473,1564823473,0,0,0,W,0,0,0,510078,0,0,0,0
bridge,1,1,4,2174015,2174017,1566997520,1566997519,1566997519,0,0,0,W,0,0,0,510078,0,0,0,0
bridge,1,1,4,2174835,2174838,1569172398,1569172398,1569172398,0,0,0,W,0,0,0,510078,0,0,0,0
bridge,1,1,4,2174466,2174466,1571346950,1571346950,1571346950,0,0,0,W,0,0,0,510078,0,0,0,0
bridge,1,1,4,2172638,2172638,1573519635,1573519635,1573519635,0,0,0,W,0,0,0,510078,0,0,0,0
bridge,1,1,4,2154312,2154312,1575673982,1575673982,1575673982,0,0,0,W,0,0,0,510078,0,0,0,0
bridge,1,1,4,2320630,2320630,1577994733,1577994733,1577994733,0,0,0,W,0,0,0,510078,0,0,0,0
bridge,1,1,4,2372973,2372976,1580367761,1580367761,1580367761,0,0,0,W,0,0,0,510078,0,0,0,0
bridge,1,1,4,2370412,2370412,1582738218,1582738218,1582738218,0,0,0,W,0,0,0,510078,0,0,0,0
bridge,1,1,4,2376875,2376878,1585115174,1585115174,1585115174,0,0,0,W,0,0,0,510078,0,0,0,0
bridge,1,1,4,2371957,2371957,1587487161,1587487161,1587487161,0,0,0,W,0,0,0,510078,0,0,0,0
bridge,1,1,4,2372579,2372577,1589859816,1589859813,1589859816,0,0,0,W,0,0,0,510078,0,0,0,0
bridge,1,1,4,2373431,2373438,1592233293,1592233293,1592233293,0,0,0,W,0,0,0,510078,0,0,0,0
bridge,1,1,4,2375953,2375953,1594609303,1594609303,1594609303,0,0,0,W,0,0,0,510078,0,0,0,0
bridge,1,1,4,2371772,2371772,1596981094,1596981094,1596981094,0,0,0,W,0,0,0,510078,0,0,0,0
bridge,1,1,4,2359732,2359732,1599340891,1599340891,1599340891,0,0,0,W,0,0,0,510078,0,0,0,0
bridge,1,1,4,1470961,1470961,1600811902,1600811902,1600811902,0,0,0,W,0,0,0,510078,0,0,0,0
bridge,1,1,4,1165730,1165730,1601977671,1601977671,1601977671,0,0,0,W,0,0,0,510078,0,0,0,0
bridge,1,1,4,1167877,1167877,1603145575,1603145575,1603145575,0,0,0,W,0,0,0,510078,0,0,0,0
bridge,1,1,4,1167626,1167626,1604313228,1604313228,1604313228,0,0,0,W,0,0,0,510078,0,0,0,0
bridge,1,1,4,1164863,1164863,1605478116,1605478116,1605478116,0,0,0,W,0,0,0,510078,0,0,0,0
bridge,1,1,4,1168674,1168674,1606646817,1606646817,1606646817,0,0,0,W,0,0,0,510078,0,0,0,0
bridge,1,1,4,1167552,1167554,1607814512,1607814511,1607814511,0,0,0,W,0,0,0,510078,0,0,0,0
bridge,1,1,4,1166419,1166419,1608980945,1608980945,1608980945,0,0,0,W,0,0,0,510078,0,0,0,0
bridge,1,1,4,1166846,1166844,1610147813,1610147811,1610147813,0,0,0,W,0,0,0,510078,0,0,0,0
bridge,1,1,4,1166875,1166875,1611314714,1611314714,1611314714,0,0,0,W,0,0,0,510078,0,0,0,0
bridge,1,1,4,1403322,1403325,1612718068,1612718068,1612718068,0,0,0,W,0,0,0,510078,0,0,0,0
bridge,1,1,4,1482706,1482706,1614200791,1614200791,1614200791,0,0,0,W,0,0,0,510078,0,0,0,0
bridge,1,1,4,1482934,1482934,1615683763,1615683763,1615683763,0,0,0,W,0,0,0,510078,0,0,0,0
bridge,1,1,4,1483349,1483349,1617167142,1617167142,1617167142,0,0,0,W,0,0,0,510078,0,0,0,0
bridge,1,1,4,1482378,1482375,1618649565,1618649560,1618649560,0,0,0,W,0,0,0,510078,0,0,0,0
bridge,1,1,4,1478219,1478219,1620127812,1620127812,1620127812,0,0,0,W,0,0,0,510078,0,0,0,0
bridge,1,1,4,1482796,1482796,1621610654,1621610654,1621610654,0,0,0,W,0,0,0,510078,0,0,0,0
bridge,1,1,4,1481753,1481753,1623092465,1623092465,1623092465,0,0,0,W,0,0,0,510078,0,0,0,0
bridge,1,1,4,1482281,1482281,1624574794,1624574794,1624574794,0,0,0,W,0,0,0,510078,0,0,0,0
bridge,1,1,4,1486806,1486808,1626061629,1626061629,1626061629,0,0,0,W,0,0,0,510078,0,0,0,0
bridge,1,1,4,1146383,1146415,1627208492,1627208492,1627208492,0,0,0,W,0,0,0,510078,0,0,0,0
bridge,1,1,4,1044448,1044447,1628252962,1628252959,1628252962,0,0,0,W,0,0,0,510078,0,0,0,0
bridge,1,1,4,1043192,1043192,1629296170,1629296170,1629296170,0,0,0,W,0,0,0,510078,0,0,0,0
bridge,1,1,4,1045285,1045285,1630341468,1630341468,1630341468,0,0,0,W,0,0,0,510078,0,0,0,0
bridge,1,1,4,1043673,1043673,1631385154,1631385154,1631385154,0,0,0,W,0,0,0,510078,0,0,0,0
bridge,1,1,4,1044278,1044279,1632429450,1632429450,1632429450,0,0,0,W,0,0,0,510078,0,0,0,0
bridge,1,1,4,1042548,1042548,1633472012,1633472012,1633472012,0,0,0,W,0,0,0,510078,0,0,0,0
bridge,1,1,4,1043860,1043860,1634515910,1634515910,1634515910,0,0,0,W,0,0,0,510078,0,0,0,0
bridge,1,1,4,1044776,1044775,1635560697,1635560695,1635560695,0,0,0,W,0,0,0,510078,0,0,0,0
bridge,1,1,4,1044145,1044146,1636604865,1636604865,1636604865,0,0,0,W,0,0,0,510078,0,0,0,0
bridge,1,1,4,1002862,1002861,1637607741,1637607740,1637607740,0,0,0,W,0,0,0,510078,0,0,0,0
bridge,1,1,4,988882,988882,1638596656,1638596656,1638596656,0,0,0,W,0,0,0,510078,0,0,0,0
bridge,1,1,4,989405,989407,1639586089,1639586089,1639586089,0,0,0,W,0,0,0,510078,0,0,0,0
bridge,1,1,4,991007,991007,1640577108,1640577108,1640577108,0,0,0,W,0,0,0,510078,0,0,0,0
bridge,1,1,4,988988,988988,1641566118,1641566118,1641566118,0,0,0,W,0,0,0,510078,0,0,0,0
bridge,1,1,4,987115,987113,1642553258,1642553256,1642553256,0,0,0,W,0,0,0,510078,0,0,0,0
bridge,1,1,4,992006,992006,1643545296,1643545296,1643545296,0,0,0,W,0,0,0,510078,0,0,0,0
bridge,1,1,4,987503,987503,1644532823,1644532823,1644532823,0,0,0,W,0,0,0,510078,0,0,0,0
bridge,1,1,4,987425,987427,1645520268,1645520268,1645520268,0,0,0,W,0,0,0,510078,0,0,0,0
bridge,1,1,4,989669,989669,1646509975,1646509975,1646509975,0,0,0,W,0,0,0,510078,0,0,0,0
bridge,1,1,4,1226975,1226977,1647736970,1647736970,1647736970,0,0,0,W,0,0,0,510078,0,0,0,0
bridge,1,1,4,1302527,1302527,1649039592,1649039592,1649039592,0,0,0,W,0,0,0,510078,0,0,0,0
bridge,1,1,4,1302099,1302097,1650341719,1650341717,1650341719,0,0,0,W,0,0,0,510078,0,0,0,0
bridge,1,1,4,1302399,1302399,1651644160,1651644160,1651644160,0,0,0,W,0,0,0,510078,0,0,0,0
bridge,1,1,4,1304885,1304887,1652949068,1652949068,1652949068,0,0,0,W,0,0,0,510078,0,0,0,0
bridge,1,1,4,1304676,1304676,1654253759,1654253759,1654253759,0,0,0,W,0,0,0,510078,0,0,0,0
bridge,1,1,4,1303589,1303589,1655557380,1655557380,1655557380,0,0,0,W,0,0,0,510078,0,0,0,0
bridge,1,1,4,1303263,1303264,1656860682,1656860682,1656860682,0,0,0,W,0,0,0,510078,0,0,0,0
bridge,1,1,4,1303752,1303748,1658164454,1658164450,1658164450,0,0,0,W,0,0,0,510078,0,0,0,0
bridge,1,1,4,1302279,1302281,1659466768,1659466768,1659466768,0,0,0,W,0,0,0,510078,0,0,0,0
bridge,1,1,4,1701859,1701859,1661168649,1661168649,1661168649,0,0,0,W,0,0,0,510078,0,