ndpi_stat,1,2,4,0,0,0,0,0,0,0,0,W,0,0,0,0,0,0,0,0
bridge,3,5,6,0,0,0,0,0,0,0,0,W,0,0,0,0,0,0,0,0
router,4,3,7,0,0,0,0,0,0,0,0,W,0,0,0,0,0,0,0,0
payload_scan,5,4,8,0,0,0,0,0,0,0,0,W,0,0,0,0,0,0,0,0
ndpi_stat,1,2,4,0,0,0,0,0,0,0,0,W,0,0,0,0,0,0,0,0
firewall,2,1,5,242,0,242,0,0,0,0,0,W,0,0,0,0,0,0,0,0
bridge,3,5,6,0,0,0,0,0,0,0,0,W,0,0,0,0,0,0,0,0
router,4,3,7,0,0,0,0,0,0,0,0,W,0,0,0,0,0,0,0,0
payload_scan,5,4,8,0,0,0,0,0,0,0,0,W,0,0,0,0,0,0,0,0
ndpi_stat,1,2,4,965206,965206,965206,965206,0,965206,0,0,W,0,0,0,0,0,0,0,0
firewall,2,1,5,966248,966478,966586,966478,0,966478,0,0,W,0,420916,0,420916,0,0,0,0
bridge,3,5,6,966478,966478,966478,966478,966478,0,0,0,W,0,0,0,0,0,0,0,0
router,4,3,7,966830,966830,966830,966830,0,966830,0,0,W,0,0,0,0,0,0,0,0
payload_scan,5,4,8,967022,966990,967022,966990,0,966990,0,0,W,0,0,0,0,0,0,0,0
ndpi_stat,1,2,4,1635336,1635652,2601814,2601810,0,2601814,0,0,W,0,0,0,0,0,0,0,0
firewall,2,1,5,1634788,1635184,2602078,2602078,0,2602078,0,0,W,0,0,0,420916,0,0,0,0
bridge,3,5,6,1635404,1635396,2602202,2602194,2602194,0,0,0,W,0,0,0,0,0,0,0,0
router,4,3,7,1635300,1635296,2602322,2602318,0,2602318,0,0,W,0,0,0,0,0,0,0,0
payload_scan,5,4,8,1635180,1635196,2602426,2602410,0,2602418,0,0,W,0,0,0,0,0,0,0,0
ndpi_stat,1,2,4,1636944,1636948,4239022,4239018,0,4239018,0,0,W,0,0,0,0,0,0,0,0
firewall,2,1,5,1637184,1637188,4239398,4239398,0,4239398,0,0,W,0,0,0,420916,0,0,0,0
bridge,3,5,6,1637144,1637144,4239462,4239462,4239462,0,0,0,W,0,0,0,0,0,0,0,0
router,4,3,7,1637220,1637220,4239646,4239642,0,4239646,0,0,W,0,0,0,0,0,0,0,0
payload_scan,5,4,8,1637120,1637136,4239710,4239706,0,4239710,0,0,W,0,0,0,0,0,0,0,0
ndpi_stat,1,2,4,1610008,1610000,5849406,5849398,0,5849398,0,0,W,0,0,0,0,0,0,0,0
firewall,2,1,5,1610176,1610172,5849642,5849638,0,5849638,0,0,W,0,0,0,420916,0,0,0,0
bridge,3,5,6,1610112,1610108,5849754,5849742,5849742,0,0,0,W,0,0,0,0,0,0,0,0
router,4,3,7,1610084,1610084,5849794,5849794,0,5849794,0,0,W,0,0,0,0,0,0,0,0
payload_scan,5,4,8,1610108,1610108,5849878,5849878,0,5849878,0,0,W,0,0,0,0,0,0,0,0
ndpi_stat,1,2,4,1255687,1253775,7105325,7103409,0,7103409,0,0,W,0,45293,0,45293,0,0,0,0
firewall,2,1,5,1301036,1255743,7150794,7105501,0,7150794,0,0,W,0,0,45293,420916,45293,0,0,0
bridge,3,5,6,1254419,1254419,7104209,7104209,7104209,0,0,0,W,0,0,0,0,0,0,0,0
router,4,3,7,1254651,1254523,7104529,7104401,0,7104401,0,0,W,0,0,0,0,0,0,0,0
payload_scan,5,4,8,1254599,1254607,7104561,7104561,0,7104561,0,0,W,0,0,0,0,0,0,0,0
ndpi_stat,1,2,4,1457556,1458752,8563057,8562897,0,8562902,0,0,W,0,0,0,45293,0,0,0,0
firewall,2,1,5,1459076,1459076,8609914,8564621,0,8609914,0,0,W,0,0,0,420916,45293,0,0,0
bridge,3,5,6,1460352,1460320,8564721,8564689,8564689,0,0,0,W,0,0,0,0,0,0,0,0
router,4,3,7,1460544,1460608,8565201,8565169,0,8565169,0,0,W,0,0,0,0,0,0,0,0
payload_scan,5,4,8,1460768,1460736,8565393,8565361,0,8565361,0,0,W,0,0,0,0,0,0,0,0
ndpi_stat,1,2,4,1687242,1687424,10251863,10251857,0,10251857,0,0,W,0,0,0,45293,0,0,0,0
firewall,2,1,5,1687521,1687553,10297755,10252462,0,10297755,0,0,W,0,0,0,420916,45293,0,0,0
bridge,3,5,6,1687325,1687325,10252494,10252462,10252462,0,0,0,W,0,0,0,0,0,0,0,0
router,4,3,7,1687357,1687357,10252750,10252750,0,10252750,0,0,W,0,0,0,0,0,0,0,0
payload_scan,5,4,8,1687389,1687421,10252974,10252974,0,10252974,0,0,W,0,0,0,0,0,0,0,0
ndpi_stat,1,2,4,1683299,1683427,11935761,11935761,0,11935761,0,0,W,0,0,0,45293,0,0,0,0
firewall,2,1,5,1683293,1683290,11981240,11935944,0,11981240,0,0,W,0,0,0,420916,45293,0,0,0
bridge,3,5,6,1683280,1683280,11935998,11935998,11935998,0,0,0,W,0,0,0,0,0,0,0,0
router,4,3,7,1683043,1683075,11936049,11936049,0,11936049,0,0,W,0,0,0,0,0,0,0,0
payload_scan,5,4,8,1682939,1682939,11936105,11936105,0,11936105,0,0,W,0,0,0,0,0,0,0,0
ndpi_stat,1,2,4,1655953,1655792,13591897,13591733,0,13591765,0,0,W,0,0,0,45293,0,0,0,0
firewall,2,1,5,1656652,1656656,13637950,13592657,0,13637982,0,0,W,0,0,0,420916,45293,0,0,0
bridge,3,5,6,1657188,1657156,13593233,13593201,13593201,0,0,0,W,0,0,0,0,0,0,0,0
router,4,3,7,1657340,1657352,13593457,13593457,0,13593457,0,0,W,0,0,0,0,0,0,0,0
payload_scan,5,4,8,1657452,1657424,13593677,13593645,0,13593645,0,0,W,0,0,0,0,0,0,0,0
ndpi_stat,1,2,4,1642704,1642864,15235361,15235361,0,15235361,0,0,W,0,0,0,45293,0,0,0,0
firewall,2,1,5,1642170,1642169,15280824,15235530,0,15280823,0,0,W,0,0,0,420916,45293,0,0,0
bridge,3,5,6,1642180,1642180,15235605,15235605,15235605,0,0,0,W,0,0,0,0,0,0,0,0
router,4,3,7,1642023,1642023,15235700,15235700,0,15235700,0,0,W,0,0,0,0,0,0,0,0
payload_scan,5,4,8,1637525,1637513,15235778,15235766,0,15235766,0,0,W,0,0,0,0,0,0,0,0
ndpi_stat,1,2,4,1666147,1665802,16901677,16901325,0,16901325,0,0,W,0,0,0,45293,0,0,0,0
firewall,2,1,5,1666534,1666529,16947444,16902146,0,16947439,0,0,W,0,0,0,420916,45293,0,0,0
bridge,3,5,6,1666300,1666268,16901997,16901965,16901974,0,0,0,W,0,0,0,0,0,0,0,0
router,4,3,7,1666411,1666411,16902189,16902189,0,16902189,0,0,W,0,0,0,0,0,0,0,0
payload_scan,5,4,8,1666503,1666503,16902336,16902336,0,16902336,0,0,W,0,0,0,0,0,0,0,0
ndpi_stat,1,2,4,1188482,1188780,18090628,18090617,0,18090617,0,0,W,0,0,0,45293,0,0,0,0
firewall,2,1,5,1188571,1188572,18136088,18090794,0,18136087,0,0,W,0,0,0,420916,45293,0,0,0
bridge,3,5,6,1188725,1188716,18090882,18090873,18090873,0,0,0,W,0,0,0,0,0,0,0,0
router,4,3,7,1188620,1188626,18090962,18090962,0,18090962,0,0,W,0,0,0,0,0,0,0,0
payload_scan,5,4,8,1188620,1188610,18091052,18091040,0,18091040,0,0,W,0,0,0,0,0,0,0,0
ndpi_stat,1,2,4,998254,998254,19089048,19089048,0,19089048,0,0,W,0,0,0,45293,0,0,0,0
firewall,2,1,5,998153,998162,19134341,19089048,0,19134341,0,0,W,0,0,0,420916,45293,0,0,0
bridge,3,5,6,998090,998090,19089048,19089048,19089048,0,0,0,W,0,0,0,0,0,0,0,0
router,4,3,7,997988,997996,19089048,19089048,0,19089048,0,0,W,0,0,0,0,0,0,0,0
payload_scan,5,4,8,997944,997944,19089048,19089048,0,19089048,0,0,W,0,0,0,0,0,0,0,0
ndpi_stat,1,2,4,999405,999405,20088453,20088453,0,20088453,0,0,W,0,0,0,45293,0,0,0,0
firewall,2,1,5,999405,999405,20133746,20088453,0,20133746,0,0,W,0,0,0,420916,45293,0,0,0
bridge,3,5,6,999405,999405,20088453,20088453,20088453,0,0,0,W,0,0,0,0,0,0,0,0
router,4,3,7,999405,999405,20088453,20088453,0,20088453,0,0,W,0,0,0,0,0,0,0,0
payload_scan,5,4,8,999405,999405,20088453,20088453,0,20088453,0,0,W,0,0,0,0,0,0,0,0
ndpi_stat,1,2,4,1020320,1020320,21108773,21108773,0,21108773,0,0,W,0,0,0,45293,0,0,0,0
firewall,2,1,5,1020320,1020320,21154066,21108773,0,21154066,0,0,W,0,0,0,420916,45293,0,0,0
bridge,3,5,6,1020320,1020320,21108773,21108773,21108773,0,0,0,W,0,0,0,0,0,0,0,0
router,4,3,7,1020320,1020320,21108773,21108773,0,21108773,0,0,W,0,0,0,0,0,0,0,0
payload_scan,5,4,8,1020320,1020320,21108773,21108773,0,21108773,0,0,W,0,0,0,0,0,0,0,0
ndpi_stat,1,2,4,567372,567180,21676145,21675953,0,21675953,0,0,W,0,0,0,45293,0,0,0,0
firewall,2,1,5,567980,567948,21722046,21676721,0,21722014,0,0,W,0,0,0,420916,45293,0,0,0
bridge,3,5,6,567756,567756,21676529,21676529,21676529,0,0,0,W,0,0,0,0,0,0,0,0
router,4,3,7,567980,567980,21676753,21676753,0,21676753,0,0,W,0,0,0,0,0,0,0,0
payload_scan,5,4,8,568108,568076,21676881,21676849,0,21676881,0,0,W,0,0,0,0,0,0,0,0
ndpi_stat,1,2,4,976606,976958,22653327,22653327,0,22653327,0,0,W,0,0,0,45293,0,0,0,0
firewall,2,1,5,976338,976338,22698620,22653327,0,22698620,0,0,W,0,0,0,420916,45293,0,0,0
bridge,3,5,6,976606,976638,22653327,22653327,22653327,0,0,0,W,0,0,0,0,0,0,0,0
router,4,3,7,976414,976446,22653327,22653327,0,22653327,0,0,W,0,0,0,0,0,0,0,0
payload_scan,5,4,8,976254,976254,22653327,22653327,0,22653327,0,0,W,0,0,0,0,0,0,0,0
ndpi_stat,1,2,4,969077,969077,23622404,23622404,0,23622404,0,0,W,0,0,0,45293,0,0,0,0
firewall,2,1,5,969077,969077,23667697,23622404,0,23667697,0,0,W,0,0,0,420916,45293,0,0,0
bridge,3,5,6,969077,969077,23622404,23622404,23622404,0,0,0,W,0,0,0,0,0,0,0,0
router,4,3,7,969077,969077,23622404,23622404,0,23622404,0,0,W,0,0,0,0,0,0,0,0
payload_scan,5,4,8,969077,969077,23622404,23622404,0,23622404,0,0,W,0,0,0,0,0,0,0,0
ndpi_stat,1,2,4,1008109,1008101,24630513,24630505,0,24630505,0,0,W,0,0,0,45293,0,0,0,0
firewall,2,1,5,1008325,1008322,24676022,24630726,0,24676019,0,0,W,0,0,0,420916,45293,0,0,0
bridge,3,5,6,1008387,1008386,24630791,24630790,24630790,0,0,0,W,0,0,0,0,0,0,0,0
router,4,3,7,1008465,1008461,24630869,24630865,0,24630865,0,0,W,0,0,0,0,0,0,0,0
payload_scan,5,4,8,1009650,1009650,24632054,24632054,0,24632054,0,0,W,0,0,0,0,0,0,0,0
ndpi_stat,1,2,4,961016,961021,25591742,25591742,0,25591742,0,0,W,0,0,0,45293,0,0,0,0
firewall,2,1,5,960944,960945,25637035,25591742,0,25637035,0,0,W,0,0,0,420916,45293,0,0,0
bridge,3,5,6,960889,960889,25591742,25591742,25591742,0,0,0,W,0,0,0,0,0,0,0,0
router,4,3,7,959688,959688,25591742,25591742,0,25591742,0,0,W,0,0,0,0,0,0,0,0
payload_scan,5,4,8,959688,959688,25591742,25591742,0,25591742,0,0,W,0,0,0,0,0,0,0,0
ndpi_stat,1,2,4,986959,986955,26578701,26578697,0,26578697,0,0,W,0,0,0,45293,0,0,0,0
firewall,2,1,5,987343,987339,26624378,26579081,0,26624374,0,0,W,0,0,0,420916,45293,0,0,0
bridge,3,5,6,987511,987495,26579253,26579237,26579237,0,0,0,W,0,0,0,0,0,0,0,0
router,4,3,7,987634,987627,26579376,26579369,0,26579376,0,0,W,0,0,0,0,0,0,0,0
payload_scan,5,4,8,987709,987709,26579451,26579451,0,26579451,0,0,W,0,0,0,0,0,0,0,0
ndpi_stat,1,2,4,972884,972888,27551965,27551965,0,27551965,0,0,W,0,0,0,45293,0,0,0,0
firewall,2,1,5,973456,973424,27598010,27552685,0,27597978,0,0,W,0,0,0,420916,45293,0,0,0
bridge,3,5,6,973428,973396,27552781,27552749,27552749,0,0,0,W,0,0,0,0,0,0,0,0
router,4,3,7,973522,973522,27552973,27552973,0,27552973,0,0,W,0,0,0,0,0,0,0,0
payload_scan,5,4,8,973603,973571,27553133,27553101,0,27553101,0,0,W,0,0,0,0,0,0,0,0
ndpi_stat,1,2,4,976396,976428,28529081,28528921,0,28528921,0,0,W,0,0,0,45293,0,0,0,0
firewall,2,1,5,976844,976812,28575238,28529913,0,28575206,0,0,W,0,0,0,420916,45293,0,0,0
bridge,3,5,6,976876,976844,28529817,28529785,28529785,0,0,0,W,0,0,0,0,0,0,0,0
router,4,3,7,976940,976908,28530073,28530041,0,28530041,0,0,W,0,0,0,0,0,0,0,0
payload_scan,5,4,8,977004,976972,28530265,28530233,0,28530233,0,0,W,0,0,0,0,0,0,0,0
ndpi_stat,1,2,4,983807,984095,29513720,29513720,0,29513720,0,0,W,0,0,0,45293,0,0,0,0
firewall,2,1,5,983519,983551,29559013,29513720,0,29559013,0,0,W,0,0,0,420916,45293,0,0,0
bridge,3,5,6,983679,983711,29513720,29513720,29513720,0,0,0,W,0,0,0,0,0,0,0,0
router,4,3,7,983423,983455,29513720,29513720,0,29513720,0,0,W,0,0,0,0,0,0,0,0
payload_scan,5,4,8,983199,983199,29513720,29513720,0,29513720,0,0,W,0,0,0,0,0,0,0,0
ndpi_stat,1,2,4,988645,988633,30502365,30502353,0,30502353,0,0,W,0,0,0,45293,0,0,0,0
firewall,2,1,5,988917,988913,30547930,30502633,0,30547926,0,0,W,0,0,0,420916,45293,0,0,0
bridge,3,5,6,988981,988981,30502701,30502701,30502701,0,0,0,W,0,0,0,0,0,0,0,0
router,4,3,7,989057,989057,30502777,30502777,0,30502777,0,0,W,0,0,0,0,0,0,0,0
payload_scan,5,4,8,989155,989154,30502875,30502874,0,30502874,0,0,W,0,0,0,0,0,0,0,0
ndpi_stat,1,2,4,777060,777084,31279693,31279693,0,31279693,0,0,W,0,0,0,45293,0,0,0,0
firewall,2,1,5,776972,776979,31324986,31279693,0,31324986,0,0,W,0,0,0,420916,45293,0,0,0
bridge,3,5,6,776918,776918,31279693,31279693,31279693,0,0,0,W,0,0,0,0,0,0,0,0
router,4,3,7,776816,776818,31279693,31279693,0,31279693,0,0,W,0,0,0,0,0,0,0,0
payload_scan,5,4,8,776746,776748,31279693,31279693,0,31279693,0,0,W,0,0,0,0,0,0,0,0
ndpi_stat,1,2,4,704685,704685,31984378,31984378,0,31984378,0,0,W,0,0,0,45293,0,0,0,0
firewall,2,1,5,704685,704685,32029671,31984378,0,32029671,0,0,W,0,0,0,420916,45293,0,0,0
bridge,3,5,6,704685,704685,31984378,31984378,31984378,0,0,0,W,0,0,0,0,0,0,0,0
router,4,3,7,704685,704685,31984378,31984378,0,31984378,0,0,W,0,0,0,0,0,0,0,0
payload_scan,5,4,8,704685,704685,31984378,31984378,0,31984378,0,0,W,0,0,0,0,0,0,0,0
ndpi_stat,1,2,4,1007641,1007641,32992019,32992019,0,32992019,0,0,W,0,0,0,45293,0,0,0,0
firewall,2,1,5,1007641,1007641,33037312,32992019,0,33037312,0,0,W,0,0,0,420916,45293,0,0,0
bridge,3,5,6,1007641,1007641,32992019,32992019,32992019,0,0,0,W,0,0,0,0,0,0,0,0
router,4,3,7,1007641,1007641,32992019,32992019,0,32992019,0,0,W,0,0,0,0,0,0,0,0
payload_scan,5,4,8,1007641,1007641,32992019,32992019,0,32992019,0,0,W,0,0,0,0,0,0,0,0
ndpi_stat,1,2,4,1024795,1024788,34016814,34016807,0,34016807,0,0,W,0,0,0,45293,0,0,0,0
firewall,2,1,5,1024849,1024849,34062161,34016868,0,34062161,0,0,W,0,0,0,420916,45293,0,0,0
bridge,3,5,6,1024849,1024849,34016868,34016868,34016868,0,0,0,W,0,0,0,0,0,0,0,0
router,4,3,7,1024849,1024849,34016868,34016868,0,34016868,0,0,W,0,0,0,0,0,0,0,0
payload_scan,5,4,8,1024849,1024849,34016868,34016868,0,34016868,0,0,W,0,0,0,0,0,0,0,0
ndpi_stat,1,2,4,1012013,1012013,35028881,35028881,0,35028889,0,0,W,0,0,0,45293,0,0,0,0
firewall,2,1,5,1012945,1012913,35075106,35029781,0,35075074,0,0,W,0,0,0,420916,45293,0,0,0
bridge,3,5,6,1013233,1013201,35030101,35030069,35030069,0,0,0,W,0,0,0,0,0,0,0,0
router,4,3,7,1013841,1013809,35030709,35030677,0,35030677,0,0,W,0,0,0,0,0,0,0,0
payload_scan,5,4,8,1013969,1013937,35030837,35030805,0,35030805,0,0,W,0,0,0,0,0,0,0,0
ndpi_stat,1,2,4,966582,966934,35996363,35996363,0,35996363,0,0,W,0,0,0,45293,0,0,0,0
firewall,2,1,5,965814,965846,36041656,35996363,0,36041656,0,0,W,0,0,0,420916,45293,0,0,0
bridge,3,5,6,965910,965942,35996587,35996587,35996587,0,0,0,W,0,0,0,0,0,0,0,0
router,4,3,7,966166,966134,35997003,35996971,0,35996971,0,0,W,0,0,0,0,0,0,0,0
payload_scan,5,4,8,966102,966102,35997259,35997227,0,35997227,0,0,W,0,0,0,0,0,0,0,0
ndpi_stat,1,2,4,973122,972308,36969485,36968671,0,36968671,0,0,W,0,0,0,45293,0,0,0,0
firewall,2,1,5,972674,972738,37015066,36969773,0,37015066,0,0,W,0,0,0,420916,45293,0,0,0
bridge,3,5,6,972340,972340,36969311,36969279,36969279,0,0,0,W,0,0,0,0,0,0,0,0
router,4,3,7,972308,972308,36969567,36969567,0,36969567,0,0,W,0,0,0,0,0,0,0,0
payload_scan,5,4,8,972308,972308,36969823,36969791,0,36969823,0,0,W,0,0,0,0,0,0,0,0
ndpi_stat,1,2,4,978411,978862,37948184,37948013,0,37948013,0,0,W,0,0,0,45293,0,0,0,0
firewall,2,1,5,979252,979248,37994462,37949165,0,37994458,0,0,W,0,0,0,420916,45293,0,0,0
bridge,3,5,6,979406,979374,37948941,37948909,37948909,0,0,0,W,0,0,0,0,0,0,0,0
router,4,3,7,979342,979342,37949197,37949165,0,37949165,0,0,W,0,0,0,0,0,0,0,0
payload_scan,5,4,8,979310,979342,37949357,37949357,0,37949357,0,0,W,0,0,0,0,0,0,0,0
ndpi_stat,1,2,4,969756,970165,38918921,38918914,0,38918914,0,0,W,0,0,0,45293,0,0,0,0
firewall,2,1,5,969792,969792,38964374,38919081,0,38964374,0,0,W,0,0,0,420916,45293,0,0,0
bridge,3,5,6,969993,970021,38919158,38919154,38919154,0,0,0,W,0,0,0,0,0,0,0,0
router,4,3,7,969829,969861,38919218,38919218,0,38919218,0,0,W,0,0,0,0,0,0,0,0
payload_scan,5,4,8,969713,969701,38919294,38919282,0,38919289,0,0,W,0,0,0,0,0,0,0,0
ndpi_stat,1,2,4,974916,974928,39893997,39893997,0,39893997,0,0,W,0,0,0,45293,0,0,0,0
firewall,2,1,5,975027,975015,39939486,39894181,0,39939474,0,0,W,0,0,0,420916,45293,0,0,0
bridge,3,5,6,975044,975044,39894262,39894262,39894262,0,0,0,W,0,0,0,0,0,0,0,0
router,4,3,7,975031,975033,39894329,39894327,0,39894327,0,0,W,0,0,0,0,0,0,0,0
payload_scan,5,4,8,975060,975052,39894421,39894413,0,39894413,0,0,W,0,0,0,0,0,0,0,0
ndpi_stat,1,2,4,967880,967880,40862061,40862061,0,40862061,0,0,W,0,0,0,45293,0,0,0,0
firewall,2,1,5,967793,967793,40907354,40862061,0,40907354,0,0,W,0,0,0,420916,45293,0,0,0
bridge,3,5,6,967740,967740,40862061,40862061,40862061,0,0,0,W,0,0,0,0,0,0,0,0
router,4,3,7,967640,967642,40862061,40862061,0,40862061,0,0,W,0,0,0,0,0,0,0,0
payload_scan,5,4,8,967587,967587,40862061,40862061,0,40862061,0,0,W,0,0,0,0,0,0,0,0
ndpi_stat,1,2,4,697792,697792,41559853,41559853,0,41559853,0,0,W,0,0,0,45293,0,0,0,0
firewall,2,1,5,697792,697792,41605146,41559853,0,41605146,0,0,W,0,0,0,420916,45293,0,0,0
bridge,3,5,6,697792,697792,41559853,41559853,41559853,0,0,0,W,0,0,0,0,0,0,0,0
router,4,3,7,697792,697792,41559853,41559853,0,41559853,0,0,W,0,0,0,0,0,0,0,0
payload_scan,5,4,8,697792,697792,41559853,41559853,0,41559853,0,0,W,0,0,0,0,0,0,0,0
ndpi_stat,1,2,4,908764,908732,42468617,42468585,0,42468585,0,0,W,0,0,0,45293,0,0,0,0
firewall,2,1,5,909852,909820,42514998,42469673,0,42514998,0,0,W,0,0,0,420916,45293,0,0,0
bridge,3,5,6,909788,909788,42469641,42469641,42469641,0,0,0,W,0,0,0,0,0,0,0,0
router,4,3,7,910073,910070,42469926,42469923,0,42469923,0,0,W,0,0,0,0,0,0,0,0
payload_scan,5,4,8,910133,910133,42469986,42469986,0,42469986,0,0,W,0,0,0,0,0,0,0,0
ndpi_stat,1,2,4,1018632,1018848,43488305,43488297,0,43488305,0,0,W,0,0,0,45293,0,0,0,0
firewall,2,1,5,1018540,1018539,43533711,43488416,0,43533709,0,0,W,0,0,0,420916,45293,0,0,0
bridge,3,5,6,1019396,1019428,43489293,43489293,43489293,0,0,0,W,0,0,0,0,0,0,0,0
router,4,3,7,1019385,1019384,43489371,43489370,0,43489370,0,0,W,0,0,0,0,0,0,0,0
payload_scan,5,4,8,1019399,1019396,43489424,43489421,0,43489421,0,0,W,0,0,0,0,0,0,0,0
ndpi_stat,1,2,4,994378,994374,44482794,44482790,0,44482790,0,0,W,0,0,0,45293,0,0,0,0
firewall,2,1,5,993602,993599,44528190,44482894,0,44528187,0,0,W,0,0,0,420916,45293,0,0,0
bridge,3,5,6,993560,993563,44482930,44482928,44482930,0,0,0,W,0,0,0,0,0,0,0,0
router,4,3,7,993566,993568,44482992,44482992,0,44482992,0,0,W,0,0,0,0,0,0,0,0
payload_scan,5,4,8,993574,993571,44483043,44483040,0,44483040,0,0,W,0,0,0,0,0,0,0,0
ndpi_stat,1,2,4,1017094,1017100,45499988,45499988,0,45499988,0,0,W,0,0,0,45293,0,0,0,0
firewall,2,1,5,1017053,1017054,45545281,45499988,0,45545281,0,0,W,0,0,0,420916,45293,0,0,0
bridge,3,5,6,1017003,1017012,45499988,45499988,45499988,0,0,0,W,0,0,0,0,0,0,0,0
router,4,3,7,1016945,1016945,45499988,45499988,0,45499988,0,0,W,0,0,0,0,0,0,0,0
payload_scan,5,4,8,1016904,1016904,45499988,45499988,0,45499988,0,0,W,0,0,0,0,0,0,0,0
ndpi_stat,1,2,4,1041992,1041992,46541980,46541980,0,46541980,0,0,W,0,0,0,45293,0,0,0,0
firewall,2,1,5,1041992,1041992,46587273,46541980,0,46587273,0,0,W,0,0,0,420916,45293,0,0,0
bridge,3,5,6,1041992,1041992,46541980,46541980,46541980,0,0,0,W,0,0,0,0,0,0,0,0
router,4,3,7,1041992,1041992,46541980,46541980,0,46541980,0,0,W,0,0,0,0,0,0,0,0
payload_scan,5,4,8,1041992,1041992,46541980,46541980,0,46541980,0,0,W,0,0,0,0,0,0,0,0
ndpi_stat,1,2,4,1017408,1017408,47559388,47559388,0,47559388,0,0,W,0,0,0,45293,0,0,0,0
firewall,2,1,5,1017408,1017408,47604681,47559388,0,47604681,0,0,W,0,0,0,420916,45293,0,0,0
bridge,3,5,6,1017408,1017408,47559388,47559388,47559388,0,0,0,W,0,0,0,0,0,0,0,0
router,4,3,7,1017408,1017408,47559388,47559388,0,47559388,0,0,W,0,0,0,0,0,0,0,0
payload_scan,5,4,8,1017408,1017408,47559388,47559388,0,47559388,0,0,W,0,0,0,0,0,0,0,0
ndpi_stat,1,2,4,975192,975192,48534580,48534580,0,48534580,0,0,W,0,0,0,45293,0,0,0,0
firewall,2,1,5,975192,975192,48579873,48534580,0,48579873,0,0,W,0,0,0,420916,45293,0,0,0
bridge,3,5,6,975192,975192,48534580,48534580,48534580,0,0,0,W,0,0,0,0,0,0,0,0
router,4,3,7,975192,975192,48534580,48534580,0,48534580,0,0,W,0,0,0,0,0,0,0,0
payload_scan,5,4,8,975192,975192,48534580,48534580,0,48534580,0,0,W,0,0,0,0,0,0,0,0
ndpi_stat,1,2,4,983612,983612,49518192,49518192,0,49518192,0,0,W,0,0,0,45293,0,0,0,0
firewall,2,1,5,983612,983612,49563485,49518192,0,49563485,0,0,W,0,0,0,420916,45293,0,0,0
bridge,3,5,6,983612,983612,49518192,49518192,49518192,0,0,0,W,0,0,0,0,0,0,0,0
router,4,3,7,983612,983612,49518192,49518192,0,49518192,0,0,W,0,0,0,0,0,0,0,0
payload_scan,5,4,8,983612,983612,49518192,49518192,0,49518192,0,0,W,0,0,0,0,0,0,0,0
ndpi_stat,1,2,4,990578,990578,50508770,50508770,0,50508770,0,0,W,0,0,0,45293,0,0,0,0
firewall,2,1,5,990578,990578,50554063,50508770,0,50554063,0,0,W,0,0,0,420916,45293,0,0,0
bridge,3,5,6,990578,990578,50508770,50508770,50508770,0,0,0,W,0,0,0,0,0,0,0,0
router,4,3,7,990578,990578,50508770,50508770,0,50508770,0,0,W,0,0,0,0,0,0,0,0
payload_scan,5,4,8,990578,990578,50508770,50508770,0,50508770,0,0,W,0,0,0,0,0,0,0,0
ndpi_stat,1,2,4,1000095,1000094,51508865,51508864,0,51508865,0,0,W,0,0,0,45293,0,0,0,0
firewall,2,1,5,1000292,1000288,51554355,51509058,0,51554351,0,0,W,0,0,0,420916,45293,0,0,0
bridge,3,5,6,1000342,1000324,51509112,51509094,51509101,0,0,0,W,0,0,0,0,0,0,0,0
router,4,3,7,1000422,1000422,51509192,51509192,0,51509192,0,0,W,0,0,0,0,0,0,0,0
payload_scan,5,4,8,1000479,1000479,51509249,51509249,0,51509249,0,0,W,0,0,0,0,0,0,0,0
ndpi_stat,1,2,4,625463,625462,52134521,52134517,0,52134521,0,0,W,0,0,0,45293,0,0,0,0
firewall,2,1,5,626537,626283,52180961,52135405,0,52180723,0,0,W,0,0,0,420916,45293,0,0,0
bridge,3,5,6,625992,625964,52135181,52135149,52135149,0,0,0,W,0,0,0,0,0,0,0,0
router,4,3,7,626086,626060,52135341,52135309,0,52135341,0,0,W,0,0,0,0,0,0,0,0
payload_scan,5,4,8,626171,626146,52135501,52135469,0,52135469,0,0,W,0,0,0,0,0,0,0,0
ndpi_stat,1,2,4,1017020,1017404,53152425,53152425,0,53152425,0,0,W,0,0,0,45293,0,0,0,0
firewall,2,1,5,1016601,1016668,53197718,53152425,0,53197718,0,0,W,0,0,0,420916,45293,0,0,0
bridge,3,5,6,1017116,1017116,53152425,53152425,53152425,0,0,0,W,0,0,0,0,0,0,0,0
router,4,3,7,1016924,1016924,53152425,53152425,0,53152425,0,0,W,0,0,0,0,0,0,0,0
payload_scan,5,4,8,1016700,1016732,53152425,53152425,0,53152425,0,0,W,0,0,0,0,0,0,0,0
ndpi_stat,1,2,4,1006895,1006895,54159320,54159320,0,54159320,0,0,W,0,0,0,45293,0,0,0,0
firewall,2,1,5,1007054,1007051,54204772,54159476,0,54204772,0,0,W,0,0,0,420916,45293,0,0,0
bridge,3,5,6,1007096,1007093,54159521,54159518,54159518,0,0,0,W,0,0,0,0,0,0,0,0
router,4,3,7,1007154,1007154,54159579,54159579,0,54159579,0,0,W,0,0,0,0,0,0,0,0
payload_scan,5,4,8,1007194,1007190,54159619,54159615,0,54159615,0,0,W,0,0,0,0,0,0,0,0
ndpi_stat,1,2,4,1002435,1002435,55161911,55161911,0,55161911,0,0,W,0,0,0,45293,0,0,0,0
firewall,2,1,5,1002413,1002385,55207236,55161911,0,55207236,0,0,W,0,0,0,420916,45293,0,0,0
bridge,3,5,6,1002531,1002499,55162103,55162071,55162071,0,0,0,W,0,0,0,0,0,0,0,0
router,4,3,7,1002931,1002904,55162551,55162519,0,55162519,0,0,W,0,0,0,0,0,0,0,0
payload_scan,5,4,8,1003133,1003101,55162807,55162775,0,55162775,0,0,W,0,0,0,0,0,0,0,0
ndpi_stat,1,2,4,987334,987014,56149245,56148925,0,56148925,0,0,W,0,0,0,45293,0,0,0,0
firewall,2,1,5,987398,987398,56194922,56149597,0,56194913,0,0,W,0,0,0,420916,45293,0,0,0
bridge,3,5,6,986790,986822,56149309,56149309,56149309,0,0,0,W,0,0,0,0,0,0,0,0
router,4,3,7,986662,986630,56149469,56149437,0,56149437,0,0,W,0,0,0,0,0,0,0,0
payload_scan,5,4,8,986598,986566,56149565,56149533,0,56149533,0,0,W,0,0,0,0,0,0,0,0
ndpi_stat,1,2,4,967200,967616,57116797,57116797,0,57116797,0,0,W,0,0,0,45293,0,0,0,0
firewall,2,1,5,967168,967170,57162242,57116949,0,57162242,0,0,W,0,0,0,420916,45293,0,0,0
bridge,3,5,6,967566,967598,57117003,57117003,57117003,0,0,0,W,0,0,0,0,0,0,0,0
router,4,3,7,967517,967517,57117082,57117082,0,57117082,0,0,W,0,0,0,0,0,0,0,0
payload_scan,5,4,8,967491,967523,57117152,57117152,0,57117152,0,0,W,0,0,0,0,0,0,0,0
ndpi_stat,1,2,4,984652,984372,58101601,58101308,0,58101308,0,0,W,0,0,0,45293,0,0,0,0
firewall,2,1,5,984734,984739,58147046,58101745,0,58147038,0,0,W,0,0,0,420916,45293,0,0,0
bridge,3,5,6,984723,984715,58101805,58101797,58101797,0,0,0,W,0,0,0,0,0,0,0,0
router,4,3,7,984741,984737,58101893,58101889,0,58101893,0,0,W,0,0,0,0,0,0,0,0
payload_scan,5,4,8,984765,984755,58101965,58101945,0,58101945,0,0,W,0,0,0,0,0,0,0,0
ndpi_stat,1,2,4,976649,976734,59078394,59078394,0,59078394,0,0,W,0,0,0,45293,0,0,0,0
firewall,2,1,5,976577,976577,59123687,59078394,0,59123687,0,0,W,0,0,0,420916,45293,0,0,0
bridge,3,5,6,976517,976517,59078394,59078394,59078394,0,0,0,W,0,0,0,0,0,0,0,0
router,4,3,7,976413,976429,59078394,59078394,0,59078394,0,0,W,0,0,0,0,0,0,0,0
payload_scan,5,4,8,976341,976341,59078394,59078394,0,59078394,0,0,W,0,0,0,0,0,0,0,0
ndpi_stat,1,2,4,978045,978039,60056439,60056433,0,60056433,0,0,W,0,0,0,45293,0,0,0,0
firewall,2,1,5,978159,978154,60101846,60056548,0,60101846,0,0,W,0,0,0,420916,45293,0,0,0
bridge,3,5,6,978224,978224,60056618,60056618,60056618,0,0,0,W,0,0,0,0,0,0,0,0
router,4,3,7,978288,978285,60056682,60056679,0,60056679,0,0,W,0,0,0,0,0,0,0,0
payload_scan,5,4,8,978340,978340,60056734,60056734,0,60056734,0,0,W,0,0,0,0,0,0,0,0
ndpi_stat,1,2,4,991180,991183,61047728,61047728,0,61047728,0,0,W,0,0,0,45293,0,0,0,0
firewall,2,1,5,991107,991108,61093021,61047728,0,61093021,0,0,W,0,0,0,420916,45293,0,0,0
bridge,3,5,6,991055,991055,61047728,61047728,61047728,0,0,0,W,0,0,0,0,0,0,0,0
router,4,3,7,990984,990994,61047728,61047728,0,61047728,0,0,W,0,0,0,0,0,0,0,0
payload_scan,5,4,8,990926,990926,61047728,61047728,0,61047728,0,0,W,0,0,0,0,0,0,0,0
ndpi_stat,1,2,4,842301,842301,61890029,61890029,0,61890029,0,0,W,0,0,0,45293,0,0,0,0
firewall,2,1,5,842301,842301,61935322,61890029,0,61935322,0,0,W,0,0,0,420916,45293,0,0,0
bridge,3,5,6,842301,842301,61890029,61890029,61890029,0,0,0,W,0,0,0,0,0,0,0,0
router,4,3,7,842301,842301,61890029,61890029,0,61890029,0,0,W,0,0,0,0,0,0,0,0
payload_scan,5,4,8,842301,842301,61890029,61890029,0,61890029,0,0,W,0,0,0,0,0,0,0,0
ndpi_stat,1,2,4,655718,655718,62545747,62545747,0,62545747,0,0,W,0,0,0,45293,0,0,0,0
firewall,2,1,5,657243,657243,62592565,62547272,0,62592565,0,0,W,0,0,0,420916,45293,0,0,0
bridge,3,5,6,657313,657312,62547342,62547341,62547342,0,0,0,W,0,0,0,0,0,0,0,0
router,4,3,7,657357,657357,62547386,62547386,0,62547386,0,0,W,0,0,0,0,0,0,0,0
payload_scan,5,4,8,657429,657429,62547458,62547458,0,62547458,0,0,W,0,0,0,0,0,0,0,0
ndpi_stat,1,2,4,944541,944543,63491813,63491813,0,63491813,0,0,W,0,0,0,45293,0,0,0,0
firewall,2,1,5,944710,944707,63537351,63492049,0,63537342,0,0,W,0,0,0,420916,45293,0,0,0
bridge,3,5,6,944749,944741,63492135,63492127,63492127,0,0,0,W,0,0,0,0,0,0,0,0
router,4,3,7,944737,944742,63492202,63492200,0,63492202,0,0,W,0,0,0,0,0,0,0,0
payload_scan,5,4,8,944742,944751,63492276,63492276,0,63492276,0,0,W,0,0,0,0,0,0,0,0
ndpi_stat,1,2,4,983304,983304,64475353,64475353,0,64475353,0,0,W,0,0,0,45293,0,0,0,0
firewall,2,1,5,983410,983410,64520841,64475548,0,64520841,0,0,W,0,0,0,420916,45293,0,0,0
bridge,3,5,6,983421,983422,64475621,64475620,64475620,0,0,0,W,0,0,0,0,0,0,0,0
router,4,3,7,983413,983420,64475696,64475696,0,64475696,0,0,W,0,0,0,0,0,0,0,0
payload_scan,5,4,8,983435,983436,64475786,64475781,0,64475781,0,0,W,0,0,0,0,0,0,0,0
ndpi_stat,1,2,4,984082,984089,65459630,65459630,0,65459630,0,0,W,0,0,0,45293,0,0,0,0
firewall,2,1,5,984001,984003,65504923,65459630,0,65504923,0,0,W,0,0,0,420916,45293,0,0,0
bridge,3,5,6,983934,983947,65459630,65459630,65459630,0,0,0,W,0,0,0,0,0,0,0,0
router,4,3,7,983844,983844,65459630,65459630,0,65459630,0,0,W,0,0,0,0,0,0,0,0
payload_scan,5,4,8,983780,983787,65459630,65459630,0,65459630,0,0,W,0,0,0,0,0,0,0,0
ndpi_stat,1,2,4,982499,982154,66442129,66441784,0,66441795,0,0,W,0,0,0,45293,0,0,0,0
firewall,2,1,5,982791,982791,66487714,66442421,0,66487714,0,0,W,0,0,0,420916,45293,0,0,0
bridge,3,5,6,982855,982843,66442485,66442473,66442473,0,0,0,W,0,0,0,0,0,0,0,0
router,4,3,7,982971,982963,66442601,66442593,0,66442601,0,0,W,0,0,0,0,0,0,0,0
payload_scan,5,4,8,983107,983103,66442737,66442733,0,66442733,0,0,W,0,0,0,0,0,0,0,0
ndpi_stat,1,2,4,976836,976844,67419257,67419257,0,67419257,0,0,W,0,0,0,45293,0,0,0,0
firewall,2,1,5,976970,976956,67464780,67419473,0,67464766,0,0,W,0,0,0,420916,45293,0,0,0
bridge,3,5,6,976965,976971,67419558,67419556,67419556,0,0,0,W,0,0,0,0,0,0,0,0
router,4,3,7,976903,976903,67419640,67419640,0,67419640,0,0,W,0,0,0,0,0,0,0,0
payload_scan,5,4,8,976900,976896,67419697,67419693,0,67419693,0,0,W,0,0,0,0,0,0,0,0
ndpi_stat,1,2,4,986180,986204,68405653,68405641,0,68405641,0,0,W,0,0,0,45293,0,0,0,0
firewall,2,1,5,986306,986306,68451162,68405869,0,68451162,0,0,W,0,0,0,420916,45293,0,0,0
bridge,3,5,6,986295,986295,68405935,68405935,68405935,0,0,0,W,0,0,0,0,0,0,0,0
router,4,3,7,986296,986296,68405993,68405993,0,68405993,0,0,W,0,0,0,0,0,0,0,0
payload_scan,5,4,8,986276,986276,68406039,68406039,0,68406039,0,0,W,0,0,0,0,0,0,0,0
ndpi_stat,1,2,4,975204,975220,69381073,69381073,0,69381073,0,0,W,0,0,0,45293,0,0,0,0
firewall,2,1,5,975269,975271,69426506,69381213,0,69426506,0,0,W,0,0,0,420916,45293,0,0,0
bridge,3,5,6,975225,975225,69381213,69381213,69381213,0,0,0,W,0,0,0,0,0,0,0,0
router,4,3,7,975174,975174,69381213,69381213,0,69381213,0,0,W,0,0,0,0,0,0,0,0
payload_scan,5,4,8,975110,975117,69381213,69381213,0,69381213,0,0,W,0,0,0,0,0,0,0,0
ndpi_stat,1,2,4,977000,976824,70358213,70358037,0,70358037,0,0,W,0,0,0,45293,0,0,0,0
firewall,2,1,5,977736,977704,70404242,70358917,0,70404242,0,0,W,0,0,0,420916,45293,0,0,0
bridge,3,5,6,977592,977592,70358805,70358805,70358805,0,0,0,W,0,0,0,0,0,0,0,0
router,4,3,7,977848,977816,70359061,70359029,0,70359029,0,0,W,0,0,0,0,0,0,0,0
payload_scan,5,4,8,978040,978008,70359253,70359221,0,70359242,0,0,W,0,0,0,0,0,0,0,0
ndpi_stat,1,2,4,979156,979428,71338073,71338041,0,71338041,0,0,W,0,0,0,45293,0,0,0,0
firewall,2,1,5,979316,979316,71383846,71338521,0,71383814,0,0,W,0,0,0,420916,45293,0,0,0
bridge,3,5,6,979588,979620,71338617,71338617,71338617,0,0,0,W,0,0,0,0,0,0,0,0
router,4,3,7,979460,979460,71338745,71338713,0,71338713,0,0,W,0,0,0,0,0,0,0,0
payload_scan,5,4,8,979364,979364,71338841,71338809,0,71338832,0,0,W,0,0,0,0,0,0,0,0
ndpi_stat,1,2,4,759520,759552,72098041,72098041,0,72098041,0,0,W,0,0,0,45293,0,0,0,0
firewall,2,1,5,759360,759360,72143334,72098041,0,72143334,0,0,W,0,0,0,420916,45293,0,0,0
bridge,3,5,6,759328,759360,72098041,72098041,72098041,0,0,0,W,0,0,0,0,0,0,0,0
router,4,3,7,759200,759200,72098041,72098041,0,72098041,0,0,W,0,0,0,0,0,0,0,0
payload_scan,5,4,8,757616,757616,72098041,72098041,0,72098041,0,0,W,0,0,0,0,0,0,0,0
ndpi_stat,1,2,4,846022,846022,72944063,72944063,0,72944063,0,0,W,0,0,0,45293,0,0,0,0
firewall,2,1,5,846168,846168,72989502,72944209,0,72989502,0,0,W,0,0,0,420916,45293,0,0,0
bridge,3,5,6,846205,846203,72944246,72944244,72944244,0,0,0,W,0,0,0,0,0,0,0,0
router,4,3,7,846276,846276,72944317,72944317,0,72944317,0,0,W,0,0,0,0,0,0,0,0
payload_scan,5,4,8,846300,846300,72944341,72944341,0,72944341,0,0,W,0,0,0,0,0,0,0,0
ndpi_stat,1,2,4,1002393,1002391,73946602,73946599,0,73946602,0,0,W,0,0,0,45293,0,0,0,0
firewall,2,1,5,1002562,1002565,73992104,73946811,0,73992104,0,0,W,0,0,0,420916,45293,0,0,0
bridge,3,5,6,1002560,1002558,73946877,73946873,73946873,0,0,0,W,0,0,0,0,0,0,0,0
router,4,3,7,1002689,1002692,73947033,73947033,0,73947033,0,0,W,0,0,0,0,0,0,0,0
payload_scan,5,4,8,1002709,1002710,73947117,73947116,0,73947117,0,0,W,0,0,0,0,0,0,0,0
ndpi_stat,1,2,4,1496430,1496431,75443241,75443241,0,75443241,0,0,W,0,0,0,45293,0,0,0,0
firewall,2,1,5,1496500,1496500,75488674,75443381,0,75488674,0,0,W,0,0,0,420916,45293,0,0,0
bridge,3,5,6,1496393,1496387,75443426,75443420,75443420,0,0,0,W,0,0,0,0,0,0,0,0
router,4,3,7,1496354,1496357,75443474,75443474,0,75443474,0,0,W,0,0,0,0,0,0,0,0
payload_scan,5,4,8,1496314,1496319,75443523,75443523,0,75443523,0,0,W,0,0,0,0,0,0,0,0
ndpi_stat,1,2,4,1644120,1644120,77087501,77087501,0,77087501,0,0,W,0,0,0,45293,0,0,0,0
firewall,2,1,5,1644299,1644288,77133026,77087722,0,77133026,0,0,W,0,0,0,420916,45293,0,0,0
bridge,3,5,6,1644335,1644337,77087809,77087809,77087809,0,0,0,W,0,0,0,0,0,0,0,0
router,4,3,7,1644363,1644363,77087886,77087886,0,77087886,0,0,W,0,0,0,0,0,0,0,0
payload_scan,5,4,8,1644381,1644370,77087957,77087946,0,77087946,0,0,W,0,0,0,0,0,0,0,0
ndpi_stat,1,2,4,1632348,1632359,78720081,78720081,0,78720081,0,0,W,0,0,0,45293,0,0,0,0
firewall,2,1,5,1632467,1632463,78765582,78720285,0,78765582,0,0,W,0,0,0,420916,45293,0,0,0
bridge,3,5,6,1632550,1632555,78720433,78720433,78720433,0,0,0,W,0,0,0,0,0,0,0,0
router,4,3,7,1632668,1632668,78720625,78720625,0,78720625,0,0,W,0,0,0,0,0,0,0,0
payload_scan,5,4,8,1632812,1632780,78720849,78720817,0,78720817,0,0,W,0,0,0,0,0,0,0,0
ndpi_stat,1,2,4,1654078,1654078,80374363,80374363,0,80374363,0,0,W,0,0,0,45293,0,0,0,0
firewall,2,1,5,1653856,1653881,80419806,80374506,0,80419799,0,0,W,0,0,0,420916,45293,0,0,0
bridge,3,5,6,1653996,1653989,80374589,80374582,80374582,0,0,0,W,0,0,0,0,0,0,0,0
router,4,3,7,1653806,1653806,80374655,80374655,0,80374655,0,0,W,0,0,0,0,0,0,0,0
payload_scan,5,4,8,1653653,1653685,80374726,80374726,0,80374726,0,0,W,0,0,0,0,0,0,0,0
ndpi_stat,1,2,4,1637309,1637309,82011815,82011815,0,82011815,0,0,W,0,0,0,45293,0,0,0,0
firewall,2,1,5,1637481,1637479,82057368,82012073,0,82057366,0,0,W,0,0,0,420916,45293,0,0,0
bridge,3,5,6,1637491,1637487,82012145,82012141,82012141,0,0,0,W,0,0,0,0,0,0,0,0
router,4,3,7,1637512,1637512,82012238,82012238,0,82012238,0,0,W,0,0,0,0,0,0,0,0
payload_scan,5,4,8,1637524,1637524,82012297,82012297,0,82012297,0,0,W,0,0,0,0,0,0,0,0
ndpi_stat,1,2,4,1678435,1678428,83690508,83690501,0,83690501,0,0,W,0,0,0,45293,0,0,0,0
firewall,2,1,5,1678531,1678531,83735973,83690680,0,83735973,0,0,W,0,0,0,420916,45293,0,0,0
bridge,3,5,6,1678520,1678520,83690758,83690758,83690758,0,0,0,W,0,0,0,0,0,0,0,0
router,4,3,7,1678530,1678521,83690827,83690818,0,83690825,0,0,W,0,0,0,0,0,0,0,0
payload_scan,5,4,8,1678511,1678510,83690889,83690888,0,83690888,0,0,W,0,0,0,0,0,0,0,0
ndpi_stat,1,2,4,1643326,1643326,85334006,85334006,0,85334006,0,0,W,0,0,0,45293,0,0,0,0
firewall,2,1,5,1643366,1643367,85379425,85334130,0,85379423,0,0,W,0,0,0,420916,45293,0,0,0
bridge,3,5,6,1643367,1643367,85334185,85334185,85334185,0,0,0,W,0,0,0,0,0,0,0,0
router,4,3,7,1645352,1645352,85336241,85336241,0,85336241,0,0,W,0,0,0,0,0,0,0,0
payload_scan,5,4,8,1645602,1645599,85336547,85336544,0,85336544,0,0,W,0,0,0,0,0,0,0,0
ndpi_stat,1,2,4,1630647,1630520,86964777,86964649,0,86964649,0,0,W,0,0,0,45293,0,0,0,0
firewall,2,1,5,1631138,1631108,87010618,86965293,0,87010613,0,0,W,0,0,0,420916,45293,0,0,0
bridge,3,5,6,1629176,1629176,86965385,86965353,86965353,0,0,0,W,0,0,0,0,0,0,0,0
router,4,3,7,1628996,1628966,86965545,86965513,0,86965513,0,0,W,0,0,0,0,0,0,0,0
payload_scan,5,4,8,1629022,1629035,86965641,86965641,0,86965641,0,0,W,0,0,0,0,0,0,0,0
ndpi_stat,1,2,4,1213628,1213728,88178921,88178921,0,88178921,0,0,W,0,0,0,45293,0,0,0,0
firewall,2,1,5,1213540,1213532,88224414,88179113,0,88224406,0,0,W,0,0,0,420916,45293,0,0,0
bridge,3,5,6,1214064,1214064,88179545,88179545,88179545,0,0,0,W,0,0,0,0,0,0,0,0
router,4,3,7,1214320,1214320,88179993,88179961,0,88179961,0,0,W,0,0,0,0,0,0,0,0
payload_scan,5,4,8,1214416,1214416,88180185,88180185,0,88180185,0,0,W,0,0,0,0,0,0,0,0
ndpi_stat,1,2,4,1560297,1560297,89739410,89739410,0,89739410,0,0,W,0,0,0,45293,0,0,0,0
firewall,2,1,5,1559665,1559665,89784991,89739698,0,89784991,0,0,W,0,0,0,420916,45293,0,0,0
bridge,3,5,6,1559835,1559825,89739764,89739754,89739754,0,0,0,W,0,0,0,0,0,0,0,0
router,4,3,7,1559634,1559666,89739851,89739851,0,89739851,0,0,W,0,0,0,0,0,0,0,0
payload_scan,5,4,8,1559425,1559425,89739930,89739930,0,89739930,0,0,W,0,0,0,0,0,0,0,0
ndpi_stat,1,2,4,1690084,1690078,91429782,91429773,0,91429778,0,0,W,0,0,0,45293,0,0,0,0
firewall,2,1,5,1690158,1690156,91475232,91429937,0,91475230,0,0,W,0,0,0,420916,45293,0,0,0
bridge,3,5,6,1690155,1690155,91430006,91430006,91430006,0,0,0,W,0,0,0,0,0,0,0,0
router,4,3,7,1690142,1690142,91430072,91430072,0,91430072,0,0,W,0,0,0,0,0,0,0,0
payload_scan,5,4,8,1690145,1690153,91430144,91430144,0,91430144,0,0,W,0,0,0,0,0,0,0,0
ndpi_stat,1,2,4,1691915,1691916,93121852,93121852,0,93121852,0,0,W,0,0,0,45293,0,0,0,0
firewall,2,1,5,1692684,1692664,93167999,93122674,0,93167967,0,0,W,0,0,0,420916,45293,0,0,0
bridge,3,5,6,1692346,1692314,93122418,93122386,93122386,0,0,0,W,0,0,0,0,0,0,0,0
router,4,3,7,1692401,1692402,93122546,93122546,0,93122546,0,0,W,0,0,0,0,0,0,0,0
payload_scan,5,4,8,1692497,1692500,93122706,93122706,0,93122706,0,0,W,0,0,0,0,0,0,0,0
ndpi_stat,1,2,4,1672899,1673251,94795573,94795573,0,94795573,0,0,W,0,0,0,45293,0,0,0,0
firewall,2,1,5,1673019,1673019,94841210,94795885,0,94841202,0,0,W,0,0,0,420916,45293,0,0,0
bridge,3,5,6,1673444,1673476,94795990,94795990,94795990,0,0,0,W,0,0,0,0,0,0,0,0
router,4,3,7,1673400,1673400,94796106,94796106,0,94796106,0,0,W,0,0,0,0,0,0,0,0
payload_scan,5,4,8,1673563,1673531,94796397,94796365,0,94796365,0,0,W,0,0,0,0,0,0,0,0
ndpi_stat,1,2,4,1662364,1662360,96458249,96458245,0,96458245,0,0,W,0,0,0,45293,0,0,0,0
firewall,2,1,5,1662487,1662496,96503779,96458486,0,96503779,0,0,W,0,0,0,420916,45293,0,0,0
bridge,3,5,6,1662455,1662455,96458561,96458561,96458561,0,0,0,W,0,0,0,0,0,0,0,0
router,4,3,7,1662711,1662679,96459108,96459076,0,96459076,0,0,W,0,0,0,0,0,0,0,0
payload_scan,5,4,8,1662647,1662679,96459236,96459236,0,96459236,0,0,W,0,0,0,0,0,0,0,0
ndpi_stat,1,2,4,1689364,1689371,98147850,98147848,0,98147848,0,0,W,0,0,0,45293,0,0,0,0
firewall,2,1,5,1689447,1689441,98193329,98148030,0,98193329,0,0,W,0,0,0,420916,45293,0,0,0
bridge,3,5,6,1689038,1689070,98148114,98148114,98148114,0,0,0,W,0,0,0,0,0,0,0,0
router,4,3,7,1688946,1688978,98148214,98148214,0,98148214,0,0,W,0,0,0,0,0,0,0,0
payload_scan,5,4,8,1688918,1688916,98148282,98148280,0,98148280,0,0,W,0,0,0,0,0,0,0,0
ndpi_stat,1,2,4,1660371,1660371,99808401,99808401,0,99808401,0,0,W,0,0,0,45293,0,0,0,0
firewall,2,1,5,1660498,1660498,99853923,99808630,0,99853923,0,0,W,0,0,0,420916,45293,0,0,0
bridge,3,5,6,1660470,1660466,99808681,99808677,99808677,0,0,0,W,0,0,0,0,0,0,0,0
router,4,3,7,1661315,1661284,99809597,99809565,0,99809597,0,0,W,0,0,0,0,0,0,0,0
payload_scan,5,4,8,1661647,1661647,99809981,99809981,0,99809981,0,0,W,0,0,0,0,0,0,0,0
ndpi_stat,1,2,4,1644527,1644530,101453157,101453157,0,101453157,0,0,W,0,0,0,45293,0,0,0,0
firewall,2,1,5,1644809,1644803,101498800,101453501,0,101498794,0,0,W,0,0,0,420916,45293,0,0,0
bridge,3,5,6,1645078,1645108,101454643,101454641,101454643,0,0,0,W,0,0,0,0,0,0,0,0
router,4,3,7,1644713,1644741,101454726,101454722,0,101454722,0,0,W,0,0,0,0,0,0,0,0
payload_scan,5,4,8,1644532,1644564,101454769,101454769,0,101454769,0,0,W,0,0,0,0,0,0,0,0
ndpi_stat,1,2,4,1683025,1683033,103136526,103136526,0,103136526,0,0,W,0,0,0,45293,0,0,0,0
firewall,2,1,5,1682174,1682180,103182122,103136829,0,103182122,0,0,W,0,0,0,420916,45293,0,0,0
bridge,3,5,6,1682231,1682224,103136949,103136942,103136942,0,0,0,W,0,0,0,0,0,0,0,0
router,4,3,7,1682253,1682251,103137022,103137020,0,103137020,0,0,W,0,0,0,0,0,0,0,0
payload_scan,5,4,8,1682263,1682263,103137093,103137093,0,103137093,0,0,W,0,0,0,0,0,0,0,0
ndpi_stat,1,2,4,1699390,1699390,104836219,104836219,0,104836219,0,0,W,0,0,0,45293,0,0,0,0
firewall,2,1,5,1699371,1699386,104881632,104836337,0,104881630,0,0,W,0,0,0,420916,45293,0,0,0
bridge,3,5,6,1699384,1699383,104836398,104836394,104836394,0,0,0,W,0,0,0,0,0,0,0,0
router,4,3,7,1699362,1699366,104836459,104836459,0,104836459,0,0,W,0,0,0,0,0,0,0,0
payload_scan,5,4,8,1699369,1699372,104836527,104836527,0,104836527,0,0,W,0,0,0,0,0,0,0,0
ndpi_stat,1,2,4,1110229,1109493,105946566,105945830,0,105945830,0,0,W,0,3527,0,48820,0,0,0,0
firewall,2,1,5,1114455,1110896,105996154,105947302,0,105996154,0,0,W,0,0,3527,420916,48820,0,0,0
bridge,3,5,6,1109983,1109983,105946438,105946438,105946438,0,0,0,W,0,0,0,0,0,0,0,0
router,4,3,7,1110549,1110519,105947078,105947046,0,105947061,0,0,W,0,0,0,0,0,0,0,0
payload_scan,5,4,8,1110807,1110681,105947398,105947270,0,105947270,0,0,W,0,0,0,0,0,0,0,0
ndpi_stat,1,2,4,1652367,1653101,107599669,107599667,0,107599667,0,0,W,0,0,0,48820,0,0,0,0
firewall,2,1,5,1652357,1652356,107648735,107599914,0,107648734,0,0,W,0,0,0,420916,48820,0,0,0
bridge,3,5,6,1653120,1653152,107599974,107599974,107599974,0,0,0,W,0,0,0,0,0,0,0,0
router,4,3,7,1652636,1652663,107600066,107600061,0,107600061,0,0,W,0,0,0,0,0,0,0,0
payload_scan,5,4,8,1652473,1652569,107600127,107600127,0,107600127,0,0,W,0,0,0,0,0,0,0,0
ndpi_stat,1,2,4,1679637,1679626,109279551,109279539,0,109279542,0,0,W,0,0,0,48820,0,0,0,0
firewall,2,1,5,1679809,1679808,109328612,109279791,0,109328611,0,0,W,0,0,0,420916,48820,0,0,0
bridge,3,5,6,1679799,1679804,109279860,109279860,109279860,0,0,0,W,0,0,0,0,0,0,0,0
router,4,3,7,1679824,1679824,109279951,109279951,0,109279951,0,0,W,0,0,0,0,0,0,0,0
payload_scan,5,4,8,1679813,1679811,109280007,109280005,0,109280005,0,0,W,0,0,0,0,0,0,0,0
ndpi_stat,1,2,4,1705911,1705325,110985702,110985116,0,110985116,0,0,W,0,0,0,48820,0,0,0,0
firewall,2,1,5,1706313,1706313,111035002,110986182,0,111035002,0,0,W,0,0,0,420916,48820,0,0,0
bridge,3,5,6,1705549,1705550,110985500,110985500,110985500,0,0,0,W,0,0,0,0,0,0,0,0
router,4,3,7,1705685,1705685,110985692,110985692,0,110985692,0,0,W,0,0,0,0,0,0,0,0
payload_scan,5,4,8,1705716,1705718,110985788,110985788,0,110985788,0,0,W,0,0,0,0,0,0,0,0
ndpi_stat,1,2,4,1699917,1700255,112686099,112685659,0,112685659,0,0,W,0,0,0,48820,0,0,0,0
firewall,2,1,5,1700191,1700191,112735417,112686565,0,112735385,0,0,W,0,0,0,420916,48820,0,0,0
bridge,3,5,6,1700607,1700575,112686267,112686235,112686235,0,0,0,W,0,0,0,0,0,0,0,0
router,4,3,7,1700575,1700607,112686395,112686395,0,112686395,0,0,W,0,0,0,0,0,0,0,0
payload_scan,5,4,8,1700607,1700607,112686523,112686491,0,112686491,0,0,W,0,0,0,0,0,0,0,0
ndpi_stat,1,2,4,1636769,1637091,114323334,114323102,0,114323102,0,0,W,0,0,0,48820,0,0,0,0
firewall,2,1,5,1637573,1637573,114373310,114324458,0,114373278,0,0,W,0,0,0,420916,48820,0,0,0
bridge,3,5,6,1638147,1638147,114324510,114324510,114324510,0,0,0,W,0,0,0,0,0,0,0,0
router,4,3,7,1638179,1638147,114324702,114324670,0,114324670,0,0,W,0,0,0,0,0,0,0,0
payload_scan,5,4,8,1638179,1638179,114324798,114324766,0,114324766,0,0,W,0,0,0,0,0,0,0,0
ndpi_stat,1,2,4,1625152,1625288,115949610,115949606,0,115949606,0,0,W,0,0,0,48820,0,0,0,0
firewall,2,1,5,1625008,1625040,115998638,115949818,0,115998638,0,0,W,0,0,0,420916,48820,0,0,0
bridge,3,5,6,1625266,1625266,115949904,115949904,115949904,0,0,0,W,0