Skt,PCIRdCur,RFO,CRd,DRd,ItoM,PRd,WiL
0,11641882,3404884,355838,37769144,9944718,168,515270
1,22138200,348894,3132360,29205260,0,70882,384510
Skt,PCIRdCur,RFO,CRd,DRd,ItoM,PRd,WiL
0,11978736,3585008,426440,34132364,8196762,140,533834
1,22240526,327152,3347358,32188534,0,70532,383586
Skt,PCIRdCur,RFO,CRd,DRd,ItoM,PRd,WiL
0,12302682,3608612,376474,39481288,10591420,168,552818
1,22199548,348712,3365348,27689018,0,70826,383404
Skt,PCIRdCur,RFO,CRd,DRd,ItoM,PRd,WiL
0,13043184,3714788,250068,41427358,10847564,168,566328
1,22529906,348642,3176964,28506618,0,70840,384300
Skt,PCIRdCur,RFO,CRd,DRd,ItoM,PRd,WiL
0,13469792,3813810,265846,42692790,11012470,756,583912
1,22527960,348530,3111024,27366164,0,70840,392476
Skt,PCIRdCur,RFO,CRd,DRd,ItoM,PRd,WiL
0,13770554,3879680,222376,44111522,11222764,168,571620
1,22525342,348754,3137946,26277146,0,70854,387114
Skt,PCIRdCur,RFO,CRd,DRd,ItoM,PRd,WiL
0,14169092,3971870,218148,44572738,11353692,182,605304
1,22522724,348698,3187436,27341832,0,70812,392308
Skt,PCIRdCur,RFO,CRd,DRd,ItoM,PRd,WiL
0,14287210,3997140,303674,45210228,11532626,168,619248
1,22522374,348558,3290994,26708136,0,70770,396424
Skt,PCIRdCur,RFO,CRd,DRd,ItoM,PRd,WiL
0,14720622,4066818,311920,45684772,11654076,168,603554
1,22522472,348404,3340862,26291552,0,70882,386428
Skt,PCIRdCur,RFO,CRd,DRd,ItoM,PRd,WiL
0,14888664,4121796,285418,46546024,11821390,1316,628138
1,22521688,348586,3327212,27500648,0,70812,392266
Skt,PCIRdCur,RFO,CRd,DRd,ItoM,PRd,WiL
0,15111852,4140024,371602,47044018,11839072,0,636986
1,22523928,348446,3119228,27328252,0,72310,389802
Skt,PCIRdCur,RFO,CRd,DRd,ItoM,PRd,WiL
0,15359904,4169858,315154,47249314,11929190,0,492212
1,22525762,345114,3260656,26678106,0,72282,356580
Skt,PCIRdCur,RFO,CRd,DRd,ItoM,PRd,WiL
0,15522948,4198348,315336,47594372,11294052,0,654836
1,22524418,344372,3202220,26512108,0,72758,395892
Skt,PCIRdCur,RFO,CRd,DRd,ItoM,PRd,WiL
0,15705648,4270028,283654,46617844,11858728,182,650650
1,22521254,345394,3360490,26223848,0,71960,393120
Skt,PCIRdCur,RFO,CRd,DRd,ItoM,PRd,WiL
0,15989834,4239186,369936,48639430,12003082,0,662466
1,22534470,344288,3119354,27289402,0,72758,399840
Skt,PCIRdCur,RFO,CRd,DRd,ItoM,PRd,WiL
0,16046030,4318692,351456,48752382,12187112,0,663278
1,22251992,344876,3146094,27495062,0,72758,399630
Skt,PCIRdCur,RFO,CRd,DRd,ItoM,PRd,WiL
0,18170544,4353426,326088,49438998,12170158,0,667100
1,20969382,344624,3238928,27264496,0,72352,400232
Skt,PCIRdCur,RFO,CRd,DRd,ItoM,PRd,WiL
0,16301964,4399948,321552,49452942,12431986,14,671314
1,22253154,345128,3072566,26897472,0,72296,402780
Skt,PCIRdCur,RFO,CRd,DRd,ItoM,PRd,WiL
0,16475438,4421550,360640,50323686,12648202,0,663740
1,22263766,344918,3012660,26675292,0,72338,399000
Skt,PCIRdCur,RFO,CRd,DRd,ItoM,PRd,WiL
0,16715216,4479034,300804,50651328,13175848,0,671664
1,22239112,345058,3198748,26586812,0,72352,393456
Skt,PCIRdCur,RFO,CRd,DRd,ItoM,PRd,WiL
0,16775038,4494434,293230,50920478,13081012,0,677586
1,22263402,345254,3152198,27451676,0,72282,394604
Skt,PCIRdCur,RFO,CRd,DRd,ItoM,PRd,WiL
0,16961742,4519368,294000,51158016,13234466,0,448812
1,22247988,344624,3136602,27590542,0,72324,374626
Skt,PCIRdCur,RFO,CRd,DRd,ItoM,PRd,WiL
0,14195188,4506684,290850,51650438,13311004,168,811986
1,21791364,344120,3121636,27252904,0,71554,396354
Skt,PCIRdCur,RFO,CRd,DRd,ItoM,PRd,WiL
0,17044580,4541614,208698,50885408,13284040,980,673470
1,22265250,344498,3267264,27404552,0,71540,397712
Skt,PCIRdCur,RFO,CRd,DRd,ItoM,PRd,WiL
0,17185280,4590558,271306,52210480,13495594,196,685790
1,22260644,345114,3047674,27234298,0,71512,399336
Skt,PCIRdCur,RFO,CRd,DRd,ItoM,PRd,WiL
0,17531990,4645130,210854,52195430,13471360,140,689080
1,22245818,344736,3095918,26403062,0,71330,394646
Skt,PCIRdCur,RFO,CRd,DRd,ItoM,PRd,WiL
0,17551632,4649036,252672,52374952,13530384,616,689192
1,22230726,345254,3217844,27240612,0,70952,394044
Skt,PCIRdCur,RFO,CRd,DRd,ItoM,PRd,WiL
0,17530408,4708578,249634,52682378,13511456,812,688632
1,22261064,348544,3227714,27386506,0,70938,394702
Skt,PCIRdCur,RFO,CRd,DRd,ItoM,PRd,WiL
0,17468472,4748240,323652,53239368,13662138,1064,693686
1,22243326,348698,3320296,26760188,0,70826,398454
Skt,PCIRdCur,RFO,CRd,DRd,ItoM,PRd,WiL
0,17859142,4755044,328216,53381342,13646248,196,695744
1,22243774,348726,3155474,26432980,0,70924,398804
Skt,PCIRdCur,RFO,CRd,DRd,ItoM,PRd,WiL
0,17959704,4813438,308238,53519536,13769210,196,697060
1,22258922,348488,3147998,26257420,0,70910,394548
Skt,PCIRdCur,RFO,CRd,DRd,ItoM,PRd,WiL
0,18226488,4848928,252056,53183172,13869562,168,701442
1,22526224,348628,2983330,26660410,0,70980,395206
Skt,PCIRdCur,RFO,CRd,DRd,ItoM,PRd,WiL
0,17423098,3672564,5147688,48750478,13714764,154,695240
1,22517236,346542,3813908,27390342,0,69552,394506
Skt,PCIRdCur,RFO,CRd,DRd,ItoM,PRd,WiL
0,18103190,4797842,205324,53588430,13870934,210,698166
1,22346478,348670,3058496,27140092,0,70000,395374
Skt,PCIRdCur,RFO,CRd,DRd,ItoM,PRd,WiL
0,18425442,4849782,307720,53793824,13894034,140,706888
1,22522780,348446,3105200,26945618,0,70154,399616
Skt,PCIRdCur,RFO,CRd,DRd,ItoM,PRd,WiL
0,17674230,4860408,278922,53992344,13964524,588,707938
1,22520470,348530,2984954,26441912,0,70196,402108
Skt,PCIRdCur,RFO,CRd,DRd,ItoM,PRd,WiL
0,18453904,4857986,335622,53934944,14020342,280,701918
1,22520372,348432,3196172,26216162,0,70182,402360
Skt,PCIRdCur,RFO,CRd,DRd,ItoM,PRd,WiL
0,18650744,4899566,283626,54539898,14087360,1008,708820
1,22525090,348600,3043306,26081468,0,70140,398958
Skt,PCIRdCur,RFO,CRd,DRd,ItoM,PRd,WiL
0,18637010,4934412,294532,54589318,14130424,896,709828
1,22515920,348642,3049592,26288626,0,70154,397264
Skt,PCIRdCur,RFO,CRd,DRd,ItoM,PRd,WiL
0,18752202,4959318,572572,55083462,14236026,0,703220
1,22519700,347872,2980684,27183072,0,70924,396564
Skt,PCIRdCur,RFO,CRd,DRd,ItoM,PRd,WiL
0,18845288,4902030,332276,55051850,14264376,0,693280
1,22511580,344750,2991030,27244840,0,70910,396746
Skt,PCIRdCur,RFO,CRd,DRd,ItoM,PRd,WiL
0,19078780,4987682,750876,55208370,14303492,0,694512
1,22523494,345030,2977296,26775308,0,70882,401380
Skt,PCIRdCur,RFO,CRd,DRd,ItoM,PRd,WiL
0,19139820,4967214,330484,55487446,10758538,0,513898
1,22520582,345142,3038560,26488476,0,67368,379148
Skt,PCIRdCur,RFO,CRd,DRd,ItoM,PRd,WiL
0,18858168,4918606,988470,55094172,14352716,0,783902
1,22585486,345142,3134418,26265036,42,70042,401954
Skt,PCIRdCur,RFO,CRd,DRd,ItoM,PRd,WiL
0,18789974,4948188,336770,55112778,14432390,0,693602
1,22208466,344386,3243016,26423334,42,70854,399714
Skt,PCIRdCur,RFO,CRd,DRd,ItoM,PRd,WiL
0,18945794,4961334,864724,55454672,14450800,0,712152
1,22231244,345030,3108644,26193216,42,70770,398454
Skt,PCIRdCur,RFO,CRd,DRd,ItoM,PRd,WiL
0,18926292,4987416,287084,55467580,14534926,0,728644
1,22314208,345044,3080504,27322736,42,70938,399644
Skt,PCIRdCur,RFO,CRd,DRd,ItoM,PRd,WiL
0,18964008,4962076,826896,55891388,14543592,0,714714
1,22256360,345058,3084704,27917428,42,70896,395010
Skt,PCIRdCur,RFO,CRd,DRd,ItoM,PRd,WiL
0,19024096,4992890,297150,56273490,14654864,0,723198
1,22281980,346444,3171266,27514942,42,71008,398202
Skt,PCIRdCur,RFO,CRd,DRd,ItoM,PRd,WiL
0,19155206,5020596,869666,56470666,14643118,0,721294
1,22251054,345254,3022110,26582416,42,70910,399560
Skt,PCIRdCur,RFO,CRd,DRd,ItoM,PRd,WiL
0,19257966,5054252,359940,56643342,14793674,0,720440
1,22268092,345324,3085040,26390098,42,71680,397138
Skt,PCIRdCur,RFO,CRd,DRd,ItoM,PRd,WiL
0,19222630,5075070,899850,56943614,14825650,14,880516
1,22256178,345058,3115448,26288136,0,71708,395486
Skt,PCIRdCur,RFO,CRd,DRd,ItoM,PRd,WiL
0,19221286,5067706,212268,57216656,14855162,196,723030
1,22230418,344764,3018190,27272182,42,70994,394310
Skt,PCIRdCur,RFO,CRd,DRd,ItoM,PRd,WiL
0,12922126,3537044,3955406,56316316,14652386,140,871794
1,21788270,339332,8258684,27196974,42,71078,395626
Skt,PCIRdCur,RFO,CRd,DRd,ItoM,PRd,WiL
0,17123330,5018300,298900,56651826,14760214,140,723436
1,22196664,341180,2960972,27336344,0,71022,396116
Skt,PCIRdCur,RFO,CRd,DRd,ItoM,PRd,WiL
0,18390162,5099248,864878,57261442,14837228,140,726824
1,22253742,343140,2918580,26995444,42,70938,395864
Skt,PCIRdCur,RFO,CRd,DRd,ItoM,PRd,WiL
0,18596158,5106262,251664,57209264,14783146,210,730688
1,22225658,349006,3119284,26740658,42,70896,399630
Skt,PCIRdCur,RFO,CRd,DRd,ItoM,PRd,WiL
0,18727548,5164348,365204,57672020,14847322,224,883722
1,22228430,348278,2905014,26260276,42,71120,399784
Skt,PCIRdCur,RFO,CRd,DRd,ItoM,PRd,WiL
0,20230770,5145196,227738,57669080,14855176,140,732662
1,22256052,348558,3001236,26219704,42,70980,395024
Skt,PCIRdCur,RFO,CRd,DRd,ItoM,PRd,WiL
0,18885888,5208532,314370,57505322,14983710,448,731668
1,22253910,348558,2973306,26709900,42,71008,394912
Skt,PCIRdCur,RFO,CRd,DRd,ItoM,PRd,WiL
0,19339978,5217926,242144,57727026,14990654,196,733138
1,22521674,348642,2969736,27113870,0,70756,394548
Skt,PCIRdCur,RFO,CRd,DRd,ItoM,PRd,WiL
0,20045200,5219102,260568,57994118,15056538,168,885752
1,22520092,348460,2867130,26735450,0,71036,396060
Skt,PCIRdCur,RFO,CRd,DRd,ItoM,PRd,WiL
0,22103830,5235496,281876,60597404,14284256,210,886774
1,22521030,348642,2934876,26748946,0,71022,399938
Skt,PCIRdCur,RFO,CRd,DRd,ItoM,PRd,WiL
0,22071126,5255068,274176,44152962,9423834,126,858676
1,22519308,348390,2925342,32839632,0,70574,401968
Skt,PCIRdCur,RFO,CRd,DRd,ItoM,PRd,WiL
0,21352464,5187182,402416,60714696,14280182,378,898506
1,22517964,348488,3000564,26604662,0,71498,404418
Skt,PCIRdCur,RFO,CRd,DRd,ItoM,PRd,WiL
0,22034418,5197444,309218,57415848,14715750,182,742420
1,22525132,348586,2940938,26401270,0,71386,405328
Skt,PCIRdCur,RFO,CRd,DRd,ItoM,PRd,WiL
0,19999238,5173154,377342,59771978,14323666,140,903084
1,22509900,348208,2975896,26423656,0,71554,400960
Skt,PCIRdCur,RFO,CRd,DRd,ItoM,PRd,WiL
0,22118600,5189786,331156,59884832,14199710,0,879032
1,22522682,348572,2932846,26573750,0,72198,399994
Skt,PCIRdCur,RFO,CRd,DRd,ItoM,PRd,WiL
0,22084804,5093200,364630,58735516,14313502,0,903938
1,22517320,345268,3096212,27388018,0,71694,399980
Skt,PCIRdCur,RFO,CRd,DRd,ItoM,PRd,WiL
0,22100680,5061308,358274,60292834,14181216,0,904666
1,22522024,344456,3017602,27505240,0,71666,400512
Skt,PCIRdCur,RFO,CRd,DRd,ItoM,PRd,WiL
0,22133496,5231100,408212,58014852,14963326,42,899486
1,22518538,345072,3105508,26873126,0,71694,401758
Skt,PCIRdCur,RFO,CRd,DRd,ItoM,PRd,WiL
0,22169420,5618326,334810,60399654,14129682,14,904778
1,22518356,344764,3006668,26857432,0,71582,404992
Skt,PCIRdCur,RFO,CRd,DRd,ItoM,PRd,WiL
0,22212372,5612670,359618,60360986,14214956,14,912842
1,22545614,345030,3134082,27147078,0,71652,405482
Skt,PCIRdCur,RFO,CRd,DRd,ItoM,PRd,WiL
0,21881552,5754742,437570,60329794,14209860,14,638120
1,22309154,345842,3114314,26499830,0,71680,404348
Skt,PCIRdCur,RFO,CRd,DRd,ItoM,PRd,WiL
0,15629068,4830420,392014,60031804,14074886,14,907060
1,21925946,343868,3041696,26760804,0,71666,400456
Skt,PCIRdCur,RFO,CRd,DRd,ItoM,PRd,WiL
0,21907396,5927782,381472,61059152,14760970,0,809312
1,22305164,345324,3154130,27315190,0,71666,395780
Skt,PCIRdCur,RFO,CRd,DRd,ItoM,PRd,WiL
0,21945070,6504120,425250,61096154,14200284,0,897582
1,22288448,346458,3104696,27329680,0,71666,396242
Skt,PCIRdCur,RFO,CRd,DRd,ItoM,PRd,WiL
0,22025696,6417684,351190,61130398,14185864,0,883624
1,22318310,345464,3078544,27022856,0,71694,398566
Skt,PCIRdCur,RFO,CRd,DRd,ItoM,PRd,WiL
0,22001504,6504652,508326,61161044,14187292,0,895762
1,22294678,345422,3056648,26743808,0,71624,400148
Skt,PCIRdCur,RFO,CRd,DRd,ItoM,PRd,WiL
0,22037204,6558020,522634,61229168,14167510,224,893158
1,22293586,345730,3073266,26248208,0,71302,401576
Skt,PCIRdCur,RFO,CRd,DRd,ItoM,PRd,WiL
0,22059758,6742820,652274,60696706,14171934,364,898086
1,22309224,345772,3026674,26251554,0,71036,395920
Skt,PCIRdCur,RFO,CRd,DRd,ItoM,PRd,WiL
0,22053850,6615630,477218,61270272,14161896,140,901642
1,22293698,345688,3222436,26660270,0,71036,395444
Skt,PCIRdCur,RFO,CRd,DRd,ItoM,PRd,WiL
0,22091398,6755042,1001378,61172874,14208516,140,894390
1,22300446,345842,3223892,27225156,0,71106,391468
Skt,PCIRdCur,RFO,CRd,DRd,ItoM,PRd,WiL
0,22105468,6630638,1230628,61113892,14252784,224,895244
1,22316252,345590,3257632,27324080,0,71064,395920
Skt,PCIRdCur,RFO,CRd,DRd,ItoM,PRd,WiL
0,22069586,3931620,4561074,51207268,14168588,168,897274
1,22289176,349006,5640740,30248162,0,70994,396550
Skt,PCIRdCur,RFO,CRd,DRd,ItoM,PRd,WiL
0,22016106,5079298,2318988,58326478,14707154,140,895692
1,22287678,348656,4051852,27133106,0,71134,396788
Skt,PCIRdCur,RFO,CRd,DRd,ItoM,PRd,WiL
0,21497154,6793724,1887284,59172358,14175588,168,889854
1,22329972,348544,5422480,26691238,0,71036,400400
Skt,PCIRdCur,RFO,CRd,DRd,ItoM,PRd,WiL
0,22216040,5266464,2109730,59765398,14181328,140,887628
1,22521422,348614,5400122,26355378,0,71176,401702
Skt,PCIRdCur,RFO,CRd,DRd,ItoM,PRd,WiL
0,22206058,6798218,2788506,60699702,14186018,140,894684
1,22516116,348586,4313554,26510064,0,71036,397684
Skt,PCIRdCur,RFO,CRd,DRd,ItoM,PRd,WiL
0,21861112,6533310,2247532,58638216,14174622,168,890246
1,22521506,348586,4782106,26932696,0,71022,395640
Skt,PCIRdCur,RFO,CRd,DRd,ItoM,PRd,WiL
0,22261582,6813184,1903916,59558954,14173278,140,906626
1,22523970,348838,4743802,27614356,0,71218,400624
Skt,PCIRdCur,RFO,CRd,DRd,ItoM,PRd,WiL
0,22265348,6535382,1049678,60241958,14169148,168,904386
1,22521422,348670,5409572,27585474,0,71176,400414
Skt,PCIRdCur,RFO,CRd,DRd,ItoM,PRd,WiL
0,22277192,6817230,1917076,59341562,14146650,196,909216
1,22519378,348516,4629534,27177892,0,71078,402052
Skt,PCIRdCur,RFO,CRd,DRd,ItoM,PRd,WiL
0,22271634,6823362,745808,59605560,14142800,140,907508
1,22518902,348642,3798172,26798982,0,70952,397782
Skt,PCIRdCur,RFO,CRd,DRd,ItoM,PRd,WiL
0,22301454,6829676,357224,59575726,11542706,11984,812952
1,22520428,348628,3036754,26516518,0,70686,404964
Skt,PCIRdCur,RFO,CRd,DRd,ItoM,PRd,WiL
0,21093898,5264084,372750,58212798,14232778,0,910266
1,22519182,345282,3084060,26883500,0,71666,402948
Skt,PCIRdCur,RFO,CRd,DRd,ItoM,PRd,WiL
0,22237446,6749610,333480,59071656,14172816,0,912058
1,22522948,345772,3069010,27452418,0,71680,399854
Skt,PCIRdCur,RFO,CRd,DRd,ItoM,PRd,WiL
0,22275218,6182974,306236,59523548,14148484,0,905730
1,22519966,345968,3019982,27656986,0,71666,400330
Skt,PCIRdCur,RFO,CRd,DRd,ItoM,PRd,WiL
0,22259874,6777050,288512,59089996,14185850,0,908320
1,22513988,345618,2992864,27607804,0,71680,400344
Skt,PCIRdCur,RFO,CRd,DRd,ItoM,PRd,WiL
0,22292312,6773214,295036,60168682,14278124,0,908642
1,22523060,345716,3185098,28373534,0,71666,399658
Skt,PCIRdCur,RFO,CRd,DRd,ItoM,PRd,WiL
0,21821548,6767628,290150,59369716,14279944,0,914410
1,22289554,345506,2979060,27379128,0,71652,403144
Skt,PCIRdCur,RFO,CRd,DRd,ItoM,PRd,WiL
0,22104586,6779206,355390,57979306,14278278,0,914424
1,22311968,345562,2951620,27748378,0,71680,404418
Skt,PCIRdCur,RFO,CRd,DRd,ItoM,PRd,WiL
0,22105846,6782902,292474,58176832,14262682,0,914564
1,22285368,345968,2942940,27990956,0,71666,402682
Skt,PCIRdCur,RFO,CRd,DRd,ItoM,PRd,WiL
0,22066590,6821122,288904,58929122,14339248,0,914102
1,22310834,346220,2899848,27617772,0,71666,399714
Skt,PCIRdCur,RFO,CRd,DRd,ItoM,PRd,WiL
0,22123528,6828164,287210,59256848,14284606,0,658560
1,22318100,345646,2895158,28999754,0,71428,385140
Skt,PCIRdCur,RFO,CRd,DRd,ItoM,PRd,WiL
0,20124496,6230574,381654,56603036,14942886,0,898688
1,22212400,345828,3012016,29015784,0,71680,396256
Skt,PCIRdCur,RFO,CRd,DRd,ItoM,PRd,WiL
0,22117564,6786822,342622,59290546,14368760,0,899024
1,22292732,345968,2975140,29207668,0,71652,396480
Skt,PCIRdCur,RFO,CRd,DRd,ItoM,PRd,WiL
0,21781886,6721386,384566,60009418,14432334,0,898912
1,22301916,345884,3034612,28254016,0,71652,397796
Skt,PCIRdCur,RFO,CRd,DRd,ItoM,PRd,WiL
0,22124396,6778702,271082,60843832,14505904,140,896196
1,22294426,345366,3040156,27455708,0,71008,400932
Skt,PCIRdCur,RFO,CRd,DRd,ItoM,PRd,WiL
0,21968464,6771576,526260,61237554,14524174,196,900914
1,22310750,345646,3200834,26599272,0,70994,400582
Skt,PCIRdCur,RFO,CRd,DRd,ItoM,PRd,WiL
0,22170806,6796636,211932,61072872,14524804,140,883722
1,22303820,346290,3064964,26378380,0,70952,395794
Skt,PCIRdCur,RFO,CRd,DRd,ItoM,PRd,WiL
0,21997878,6814262,201404,61247340,14808556,168,900844
1,22307726,346430,2927862,26727652,0,71050,396452
Skt,PCIRdCur,RFO,CRd,DRd,ItoM,PRd,WiL
0,22173634,6887426,210532,61294688,14809648,140,901138
1,22316448,349188,3019184,27626564,0,71064,395780
Skt,PCIRdCur,RFO,CRd,DRd,ItoM,PRd,WiL
0,22000958,6891206,488292,61268228,14802858,140,899024
1,22266776,348586,3185840,27613222,0,71106,395304
Skt,PCIRdCur,RFO,CRd,DRd,ItoM,PRd,WiL
0,22156036,6872530,197988,61180882,14935046,140,903280
1,22298234,348544,2949996,27110524,0,71064,398944
Skt,PCIRdCur,RFO,CRd,DRd,ItoM,PRd,WiL
0,15664796,4889192,211148,60475814,14949690,476,889406
1,22190476,347536,2965326,26465908,0,71050,400358
Skt,PCIRdCur,RFO,CRd,DRd,ItoM,PRd,WiL
0,22113378,6900418,209762,61068350,14552272,812,892822
1,22450134,348530,3012534,26610346,0,71078,399672
Skt,PCIRdCur,RFO,CRd,DRd,ItoM,PRd,WiL
0,20329428,6736660,462658,61074636,14476112,168,898226
1,22517726,348432,3270386,26194588,0,71554,395220
Skt,PCIRdCur,RFO,CRd,DRd,ItoM,PRd,WiL
0,22321950,6880034,223958,60979380,14512764,364,896196
1,22519294,348600,2969386,26832582,0,71540,396536
Skt,PCIRdCur,RFO,CRd,DRd,ItoM,PRd,WiL
0,21784364,6907376,287658,60927244,14326242,1344,899710
1,22518230,348572,2959978,27679974,0,71512,396522
Skt,PCIRdCur,RFO,CRd,DRd,ItoM,PRd,WiL
0,22405194,6892676,366954,61020064,14514192,168,915432
1,22517404,348418,3020752,27887986,0,71022,400862
Skt,PCIRdCur,RFO,CRd,DRd,ItoM,PRd,WiL
0,22325478,6883786,577206,61054056,14492618,140,907844
1,22517516,348684,3188304,26725846,0,70980,403760
Skt,PCIRdCur,RFO,CRd,DRd,ItoM,PRd,WiL
0,22392804,6901832,384482,61082560,14356454,168,909468
1,22518580,348572,3052084,26306980,0,71106,404516
Skt,PCIRdCur,RFO,CRd,DRd,ItoM,PRd,WiL
0,22388170,6901300,386022,61145182,14173446,168,918778
1,22518580,348446,3126284,26170998,0,71050,404040
Skt,PCIRdCur,RFO,CRd,DRd,ItoM,PRd,WiL
0,22419292,6910834,367178,60932760,14025116,0,904078
1,22518776,348544,3072874,25923394,0,71736,398986
Skt,PCIRdCur,RFO,CRd,DRd,ItoM,PRd,WiL
0,22411984,4045062,4394530,59919090,14067438,0,916034
1,22520806,344834,5204360,26107102,0,71680,400638
Skt,PCIRdCur,RFO,CRd,DRd,ItoM,PRd,WiL
0,22394246,6828962,422996,60949490,14117642,0,886592
1,22520694,345926,3172932,26940396,0,71666,400134
Skt,PCIRdCur,RFO,CRd,DRd,ItoM,PRd,WiL
0,21293902,6767432,374710,61037032,14149828,0,910434
1,22470434,345436,3056158,27061188,0,71680,400512
Skt,PCIRdCur,RFO,CRd,DRd,ItoM,PRd,WiL
0,22416744,6864984,391440,60985876,14124348,0,908278
1,22517838,345506,3070270,27057730,0,71708,400778
Skt,PCIRdCur,RFO,CRd,DRd,ItoM,PRd,WiL
0,22094506,6858180,376656,61017880,14240240,0,895972
1,22306774,345772,3056732,27073228,0,71652,400890
Skt,PCIRdCur,RFO,CRd,DRd,ItoM,PRd,WiL
0,22194718,6875876,424088,60922554,14225652,0,902118
1,22277136,345814,3011190,26835368,0,71694,400582
Skt,PCIRdCur,RFO,CRd,DRd,ItoM,PRd,WiL
0,22227478,6826442,441812,60917024,14228984,0,878080
1,22300264,345548,3100972,26653368,0,71694,401268
Skt,PCIRdCur,RFO,CRd,DRd,ItoM,PRd,WiL
0,22263402,6880202,429660,60903682,14215208,0,908600
1,22313410,345814,3072902,26473104,0,71708,402822
Skt,PCIRdCur,RFO,CRd,DRd,ItoM,PRd,WiL
0,22222522,6882428,497000,61409152,14205954,0,889490
1,22286726,346052,3078138,26475190,0,71680,400498
Skt,PCIRdCur,RFO,CRd,DRd,ItoM,PRd,WiL
0,22254960,6868400,474152,61397224,14208432,0,897778
1,22294538,345366,3092320,26267360,0,71708,400890
Skt,PCIRdCur,RFO,CRd,DRd,ItoM,PRd,WiL
0,22047298,6890226,1406552,51202116,11857006,0,895174
1,22060304,345912,3624502,40746272,0,71708,401296
Skt,PCIRdCur,RFO,CRd,DRd,ItoM,PRd,WiL
0,22216194,6820212,1544396,61413030,14218484,0,884492
1,22295994,345604,3715278,26405190,0,71708,401688
Skt,PCIRdCur,RFO,CRd,DRd,ItoM,PRd,WiL
0,21752500,6843214,835044,61416222,14290290,140,896224
1,22302686,345730,3602228,26437222,0,71064,399448
Skt,PCIRdCur,RFO,CRd,DRd,ItoM,PRd,WiL
0,22211966,6866748,851956,61402306,14232610,140,846244
1,22290366,342384,3641120,26351486,0,71008,396662
Skt,PCIRdCur,RFO,CRd,DRd,ItoM,PRd,WiL
0,22174880,6882638,841232,61459790,14213486,168,858900
1,22282120,345646,3640574,26194672,0,71134,396242
Skt,PCIRdCur,RFO,CRd,DRd,ItoM,PRd,WiL
0,22247876,6881812,767634,61377232,14216552,224,827904
1,22308034,345604,3553830,26483604,0,71106,396102
Skt,PCIRdCur,RFO,CRd,DRd,ItoM,PRd,WiL
0,22251810,6877066,735658,61442360,14104412,196,861322
1,22286236,345982,3552570,27050562,0,71064,396900
Skt,PCIRdCur,RFO,CRd,DRd,ItoM,PRd,WiL
0,22293264,6948620,775488,61482652,14116326,392,826714
1,22310848,348600,3594500,27245372,0,71078,396788
Skt,PCIRdCur,RFO,CRd,DRd,ItoM,PRd,WiL
0,22208620,6983690,783916,61498570,14078666,140,858158
1,22275036,348712,3574382,27692084,0,71092,395626
Skt,PCIRdCur,RFO,CRd,DRd,ItoM,PRd,WiL
0,22358574,6981772,796068,61392730,14073514,252,840014
1,22337560,348600,3606820,27897478,0,71106,395878
Skt,PCIRdCur,RFO,CRd,DRd,ItoM,PRd,WiL
0,22354584,6931148,872886,61455338,10473764,3724,834400
1,22316896,348838,3509002,27310570,0,69748,392882
Skt,PCIRdCur,RFO,CRd,DRd,ItoM,PRd,WiL
0,22452878,6928474,1001854,61060118,14086646,140,750260
1,22523928,348726,3604860,27104770,0,71064,393652
Skt,PCIRdCur,RFO,CRd,DRd,ItoM,PRd,WiL
0,22240736,6832462,862036,61072970,14247912,140,793800
1,22517922,348488,3705044,26913502,0,70994,393204
Skt,PCIRdCur,RFO,CRd,DRd,ItoM,PRd,WiL
0,22186444,6974282,807142,61085276,14073038,140,733810
1,22519798,348530,3468878,26718300,0,71064,392966
Skt,PCIRdCur,RFO,CRd,DRd,ItoM,PRd,WiL
0,22312864,6848744,768418,60952360,14089936,168,790454
1,22523564,348432,3514840,26468274,0,71036,396984
Skt,PCIRdCur,RFO,CRd,DRd,ItoM,PRd,WiL
0,22299900,6983914,831656,61088300,14076692,224,795564
1,22519112,348754,3561558,26368650,0,70980,401492
Skt,PCIRdCur,RFO,CRd,DRd,ItoM,PRd,WiL
0,22420020,6992510,878402,61065144,14084336,140,826546
1,22519126,348754,3483984,26196380,0,71050,401170
Skt,PCIRdCur,RFO,CRd,DRd,ItoM,PRd,WiL
0,22406678,7021910,331870,60939872,14079338,168,826588
1,22518608,348488,2960622,26072172,0,71162,402150
Skt,PCIRdCur,RFO,CRd,DRd,ItoM,PRd,WiL
0,22391040,6934564,296044,61066362,14082138,168,847476
1,22519350,348600,3088470,26171754,0,71120,403844
Skt,PCIRdCur,RFO,CRd,DRd,ItoM,PRd,WiL
0,22374310,7030632,296926,61137314,14047460,0,874062
1,22522178,348558,2909942,26131756,0,71652,400008
Skt,PCIRdCur,RFO,CRd,DRd,ItoM,PRd,WiL
0,22374030,6942054,295064,61014688,14056840,0,591290
1,22516914,345674,2893548,25925284,0,71750,411082
Skt,PCIRdCur,RFO,CRd,DRd,ItoM,PRd,WiL
0,19960542,6849080,316918,61126058,14234598,0,808906
1,22220576,345730,2922500,27032222,0,71694,399742
Skt,PCIRdCur,RFO,CRd,DRd,ItoM,PRd,WiL
0,22119286,6838342,290822,60848102,14218022,0,911316
1,22338274,345632,2932048,26884032,0,71708,400148
Skt,PCIRdCur,RFO,CRd,DRd,ItoM,PRd,WiL
0,21607432,6807388,342734,61102188,14198002,0,916328
1,22290254,345548,2968476,26594008,0,71722,400792
Skt,PCIRdCur,RFO,CRd,DRd,ItoM,PRd,WiL
0,21651140,6802404,333354,61019980,14198646,0,906472
1,22308748,345576,2955302,26734386,0,71680,397754
Skt,PCIRdCur,RFO,CRd,DRd,ItoM,PRd,WiL
0,21655284,6866300,345534,61511002,14202384,0,908908
1,22284234,345520,2911510,26720414,0,71680,400750
Skt,PCIRdCur,RFO,CRd,DRd,ItoM,PRd,WiL
0,21704074,6846420,384650,61479194,14192374,0,906892
1,22268596,345394,2929556,26486292,0,71708,400638
Skt,PCIRdCur,RFO,CRd,DRd,ItoM,PRd,WiL
0,21618030,6869268,325920,61482456,14189392,0,906388
1,22241100,345632,2905406,26369000,0,71708,402136
Skt,PCIRdCur,RFO,CRd,DRd,ItoM,PRd,WiL
0,21806106,6881560,330484,61581870,14204498,0,914424
1,22275358,345548,2966460,26391484,0,71694,401576
Skt,PCIRdCur,RFO,CRd,DRd,ItoM,PRd,WiL
0,21773094,6898920,275590,61554318,14187474,140,913206
1,22246196,345478,2945348,26297950,0,71064,398482
Skt,PCIRdCur,RFO,CRd,DRd,ItoM,PRd,WiL
0,21800212,6518946,330078,61482078,14192262,168,916832
1,22266160,346024,2961560,26150782,0,71148,395780
Skt,PCIRdCur,RFO,CRd,DRd,ItoM,PRd,WiL
0,13979266,4921588,231196,61504100,14296170,140,867132
1,21866348,338898,2948680,26233326,0,71134,396634
Skt,PCIRdCur,RFO,CRd,DRd,ItoM,PRd,WiL
0,19434898,6634894,226646,61327490,14349566,168,907606
1,22202642,343056,2966740,27273862,0,71106,396704
Skt,PCIRdCur,RFO,CRd,DRd,ItoM,PRd,WiL
0,20751654,6837096,219562,61530154,14078330,140,909636
1,22284066,346458,2909816,27670762,0,71162,396970
Skt,PCIRdCur,RFO,CRd,DRd,ItoM,PRd,WiL
0,21494382,6805372,232442,61533052,14095270,224,914928
1,22299774,346136,3060330,27178494,0,71554,397334
Skt,PCIRdCur,RFO,CRd,DRd,ItoM,PRd,WiL
0,21510090,6851404,217336,61459986,14075264,140,909398
1,22328012,346486,2941988,27046026,0,71484,397096
Skt,PCIRdCur,RFO,CRd,DRd,ItoM,PRd,WiL
0,21592508,6820786,261646,61465628,14057498,560,908446
1,22285564,346262,3029614,27067362,0,71540,397250
Skt,PCIRdCur,RFO,CRd,DRd,ItoM,PRd,WiL
0,22222914,6788278,255402,61520774,14050428,154,912338
1,22341620,346304,2916186,26921034,0,71456,396606
Skt,PCIRdCur,RFO,CRd,DRd,ItoM,PRd,WiL
0,22492820,6920732,314384,61057962,14054978,280,911106
1,22512042,345982,2876146,26598222,0,71134,397656
Skt,PCIRdCur,RFO,CRd,DRd,ItoM,PRd,WiL
0,22550234,6884892,234500,61184480,14054992,168,916230
1,22514674,346234,2888424,26473090,0,71092,400260
Skt,PCIRdCur,RFO,CRd,DRd,ItoM,PRd,WiL
0,22577072,6530790,181636,60767840,14101248,140,913528
1,22512728,345744,2871848,26270762,0,71050,401086
Skt,PCIRdCur,RFO,CRd,DRd,ItoM,PRd,WiL
0,22572396,4736984,6829144,46014500,14628810,182,916538
1,22514226,347298,6273666,27238946,0,71232,397950
Skt,PCIRdCur,RFO,CRd,DRd,ItoM,PRd,WiL
0,22269534,6450598,277928,61001738,14063714,140,875840
1,22506302,342020,2904468,26491738,0,71106,403564
Skt,PCIRdCur,RFO,CRd,DRd,ItoM,PRd,WiL
0,22386210,6381438,292642,60995144,14065072,308,926086
1,22517796,344344,2909676,26271714,0,71022,405118
Skt,PCIRdCur,RFO,CRd,DRd,ItoM,PRd,WiL
0,22531376,6232884,343700,61071528,14068950,168,924770
1,22516858,344722,2963436,26139750,0,71120,405146
Skt,PCIRdCur,RFO,CRd,DRd,ItoM,PRd,WiL
0,22526574,6131174,286916,61035604,14077910,462,928900
1,22507842,344610,3007368,26047238,0,71988,405818
Skt,PCIRdCur,RFO,CRd,DRd,ItoM,PRd,WiL
0,22437422,5739944,363664,61170438,14057526,14,922726
1,22526378,342776,2950276,26070366,0,71666,403802
Skt,PCIRdCur,RFO,CRd,DRd,ItoM,PRd,WiL
0,22538572,5796266,312648,61181148,14048930,14,914060
1,22514310,342902,2964178,25944380,0,71666,401702
Skt,PCIRdCur,RFO,CRd,DRd,ItoM,PRd,WiL
0,22517530,6013896,380072,61149494,14044016,14,927934
1,22519168,342874,2915514,25881912,0,71666,400638
Skt,PCIRdCur,RFO,CRd,DRd,ItoM,PRd,WiL
0,22561014,6267590,335370,61171768,14063238,14,925512
1,22520778,345170,2887640,26502910,0,71680,400778
Skt,PCIRdCur,RFO,CRd,DRd,ItoM,PRd,WiL
0,22472324,6318046,379596,61127640,14159460,0,927626
1,22515248,345184,2895312,27004782,0,71680,400848
Skt,PCIRdCur,RFO,CRd,DRd,ItoM,PRd,WiL
0,22423212,6348930,316666,61075812,13662838,0,659218
1,22326248,345688,2916592,27337492,0,71876,371392
Skt,PCIRdCur,RFO,CRd,DRd,ItoM,PRd,WiL
0,22296792,6379394,402920,60947124,14184506,0,915082
1,22285592,345940,3052336,27206956,0,71680,397166
Skt,PCIRdCur,RFO,CRd,DRd,ItoM,PRd,WiL
0,22132488,6977852,330162,60963252,14165326,0,913990
1,22296778,346150,3040884,27207656,0,71708,400960
Skt,PCIRdCur,RFO,CRd,DRd,ItoM,PRd,WiL
0,22284290,6992202,446978,61518758,14177072,0,917798
1,22322244,345450,3185602,27296836,0,71666,395906
Skt,PCIRdCur,RFO,CRd,DRd,ItoM,PRd,WiL
0,22356166,6940206,502292,61609310,14189532,14,914158
1,22297156,345744,3215324,27266568,0,71680,396816
Skt,PCIRdCur,RFO,CRd,DRd,ItoM,PRd,WiL
0,22338050,6971496,656390,61557174,14171598,0,913584
1,22302742,345968,3455956,27495888,0,71652,397278
Skt,PCIRdCur,RFO,CRd,DRd,ItoM,PRd,WiL
0,22092504,6944196,779772,61553730,14180866,0,915544
1,22286712,345814,3439478,27218240,0,71666,398972
Skt,PCIRdCur,RFO,CRd,DRd,ItoM,PRd,WiL
0,22336272,6959722,1024926,61395572,14178948,154,916510
1,22267616,345604,3329690,26658702,0,71596,401436
Skt,PCIRdCur,RFO,CRd,DRd,ItoM,PRd,WiL
0,22402814,6971118,908684,61591026,14168994,140,917350
1,22273286,346038,3563770,26261186,0,71078,401534
Skt,PCIRdCur,RFO,CRd,DRd,ItoM,PRd,WiL
0,22094128,6972294,851648,61339306,14158676,140,914410
1,22260770,345772,3893890,26209792,0,71078,401072
Skt,PCIRdCur,RFO,CRd,DRd,ItoM,PRd,WiL
0,22205176,7002772,2514246,61423838,14149590,196,579446
1,22329272,346276,4641490,26257714,0,71092,383026
Skt,PCIRdCur,RFO,CRd,DRd,ItoM,PRd,WiL
0,17994018,7071820,3808210,60567038,14127092,308,910980
1,23422378,348432,4016544,26010656,0,71092,395724
Skt,PCIRdCur,RFO,CRd,DRd,ItoM,PRd,WiL
0,22386000,6675816,2930466,61222896,14038248,308,912422
1,22280986,348558,4495582,26235104,0,70616,395094
Skt,PCIRdCur,RFO,CRd,DRd,ItoM,PRd,WiL
0,22332254,7046732,2017820,61308506,14038388,140,918358
1,22259496,348544,5393444,26565980,0,71078,396298
Skt,PCIRdCur,RFO,CRd,DRd,ItoM,PRd,WiL
0,22474662,7052948,2302566,61425112,14112714,546,913626
1,22272110,348404,4536882,27057352,0,71078,396802
Skt,PCIRdCur,RFO,CRd,DRd,ItoM,PRd,WiL
0,22500632,7042154,1994678,60940782,14025032,168,917630
1,22316098,348488,4885874,27054412,0,71120,396354
Skt,PCIRdCur,RFO,CRd,DRd,ItoM,PRd,WiL
0,22467816,7070434,1794492,60829944,14166278,140,912632
1,22307894,348474,4819808,27248284,0,71120,396844
Skt,PCIRdCur,RFO,CRd,DRd,ItoM,PRd,WiL
0,22483062,7052178,1330070,61091968,14029148,140,915572
1,22308104,348474,4959402,27194594,0,71120,396858
Skt,PCIRdCur,RFO,CRd,DRd,ItoM,PRd,WiL
0,22368290,7096082,756700,60037824,14072128,168,912128
1,22232378,348572,3353322,26990236,0,71050,395934
Skt,PCIRdCur,RFO,CRd,DRd,ItoM,PRd,WiL
0,22360002,7062790,194544,60221560,14064246,350,928802
1,22294020,348376,2863994,26650862,0,70518,402626
Skt,PCIRdCur,RFO,CRd,DRd,ItoM,PRd,WiL
0,22462426,7110614,330484,60375700,14105518,168,926492
1,22300964,348614,2935842,26476282,0,71064,404250
Skt,PCIRdCur,RFO,CRd,DRd,ItoM,PRd,WiL
0,18313778,3705282,4280696,60332944,14062650,0,926226
1,22708392,332150,5154968,26328666,0,71652,405874
Skt,PCIRdCur,RFO,CRd,DRd,ItoM,PRd,WiL
0,22060010,6636994,447692,60284938,14506898,0,905828
1,22069726,345254,2853634,26795692,0,71638,404544
Skt,PCIRdCur,RFO,CRd,DRd,ItoM,PRd,WiL
0,22286754,6957132,280224,60618544,14060018,0,920416
1,22282316,345492,2909438,26727918,0,71666,403410
Skt,PCIRdCur,RFO,CRd,DRd,ItoM,PRd,WiL
0,22191400,6966638,338198,60808062,14263186,0,924868
1,22183672,345842,2984380,26607140,0,71680,400414
Skt,PCIRdCur,RFO,CRd,DRd,ItoM,PRd,WiL
0,22070566,6967492,320922,60457446,14176358,0,924518
1,22104124,345702,2910236,27504834,0,71652,400848
Skt,PCIRdCur,RFO,CRd,DRd,ItoM,PRd,WiL
0,22104516,7001554,400554,60656456,14420294,0,913808
1,22122968,345814,3066812,27398238,0,71652,400358
Skt,PCIRdCur,RFO,CRd,DRd,ItoM,PRd,WiL
0,22095948,6960632,324268,59854788,14301588,0,928242
1,22104712,345618,2985304,28346808,0,71666,401422
Skt,PCIRdCur,RFO,CRd,DRd,ItoM,PRd,WiL
0,22112384,6958504,367066,60430580,14255122,0,916104
1,22120924,345464,3079916,29386798,0,71666,396816
Skt,PCIRdCur,RFO,CRd,DRd,ItoM,PRd,WiL
0,22237362,6982262,303128,60995312,14161350,42,916748
1,22313942,345898,2939594,29602328,0,71694,397068
Skt,PCIRdCur,RFO,CRd,DRd,ItoM,PRd,WiL
0,22224146,6986042,362754,61115880,14232820,0,908992
1,22283730,346164,3113782,28771554,0,71680,396102
Skt,PCIRdCur,RFO,CRd,DRd,ItoM,PRd,WiL
0,22288980,6970908,301938,56583170,12746132,140,904092
1,22328852,345772,2984646,31992338,0,70952,398678
Skt,PCIRdCur,RFO,CRd,DRd,ItoM,PRd,WiL
0,22270990,6996584,312004,57273174,14643930,140,912492
1,22296512,345772,3100132,27556816,0,71008,399854
Skt,PCIRdCur,RFO,CRd,DRd,ItoM,PRd,WiL
0,22256892,6968444,375872,60638900,14278530,168,915978
1,22287230,345912,2928324,27055518,0,71050,401240
Skt,PCIRdCur,RFO,CRd,DRd,ItoM,PRd,WiL
0,22274616,7003262,470274,61506984,14524580,168,910966
1,22282078,345646,3095960,26463346,0,71092,398412
Skt,PCIRdCur,RFO,CRd,DRd,ItoM,PRd,WiL
0,22289848,7074522,407876,61550510,14426748,140,912352
1,22252776,348516,2934764,26189086,0,71120,396340
Skt,PCIRdCur,RFO,CRd,DRd,ItoM,PRd,WiL
0,22357958,7073052,478604,61633516,14389508,140,909776
1,22322580,348586,3082226,26039118,0,71652,395444
Skt,PCIRdCur,RFO,CRd,DRd,ItoM,PRd,WiL
0,22357972,7092050,352884,61616758,14338548,196,910168
1,22288532,348558,3039512,26231702,0,71498,395276
Skt,PCIRdCur,RFO,CRd,DRd,ItoM,PRd,WiL
0,22399482,7105476,434840,61588954,14340340,140,887852
1,22314376,348516,3030412,26843824,0,71596,395122
Skt,PCIRdCur,RFO,CRd,DRd,ItoM,PRd,WiL
0,22677452,7087010,442442,61194000,14388570,196,903476
1,22524236,348432,2929934,27032810,0,71526,395094
Skt,PCIRdCur,RFO,CRd,DRd,ItoM,PRd,WiL
0,22647870,7089390,418068,61211346,14339654,140,915208
1,22518524,348488,2945684,27028974,0,71064,396158
Skt,PCIRdCur,RFO,CRd,DRd,ItoM,PRd,WiL
0,22653372,7003710,460096,61185194,14435512,896,666512
1,22519476,348740,2942352,27111798,0,70784,362572
Skt,PCIRdCur,RFO,CRd,DRd,ItoM,PRd,WiL
0,22613654,7051912,412426,60710594,14163604,826,928088
1,22521142,348530,2946496,27046040,0,71078,400246
Skt,PCIRdCur,RFO,CRd,DRd,ItoM,PRd,WiL
0,22633940,7069328,535570,60971330,14219842,168,919576
1,22518916,348418,2931180,26945772,0,71120,395094
Skt,PCIRdCur,RFO,CRd,DRd,ItoM,PRd,WiL
0,22614438,7079674,456008,61400472,14270452,168,916524
1,22519588,348418,3003434,26592062,0,71778,396970
Skt,PCIRdCur,RFO,CRd,DRd,ItoM,PRd,WiL
0,22630272,7098154,443002,61280716,14435400,140,918848
1,22517054,348754,2970982,26749114,0,71666,399462
Skt,PCIRdCur,RFO,CRd,DRd,ItoM,PRd,WiL
0,22654184,7100716,492198,61493124,14366086,168,919646
1,22518930,347410,2987838,26604004,0,71624,399896
Skt,PCIRdCur,RFO,CRd,DRd,ItoM,PRd,WiL
0,22613248,7084588,619430,61252688,14297528,0,917686
1,22517334,347760,2946174,26332222,0,72310,400106
Skt,PCIRdCur,RFO,CRd,DRd,ItoM,PRd,WiL
0,22660162,7010038,440076,61335512,14193270,0,915124
1,22521030,345548,3016216,26439028,0,72296,402248
Skt,PCIRdCur,RFO,CRd,DRd,ItoM,PRd,WiL
0,22646512,7038486,473424,61115600,14131054,0,925470
1,22519728,345954,3006374,26386668,0,72310,400400
Skt,PCIRdCur,RFO,CRd,DRd,ItoM,PRd,WiL
0,22479548,7025340,427644,61564958,14093660,0,927948
1,22300068,345338,3054870,26300008,0,72296,397460
Skt,PCIRdCur,RFO,CRd,DRd,ItoM,PRd,WiL
0,22694630,6952778,451248,61170816,14110236,0,653982
1,22519462,345702,3064866,26011328,0,72268,385448
Skt,PCIRdCur,RFO,CRd,DRd,ItoM,PRd,WiL
0,18138862,6491646,371406,59820404,14169470,0,917588
1,22159956,344792,2949856,28008274,0,72310,392028
Skt,PCIRdCur,RFO,CRd,DRd,ItoM,PRd,WiL
0,21402780,6603100,438662,61238170,14117250,0,927598
1,22304940,345520,3046190,27700316,0,72352,395248
Skt,PCIRdCur,RFO,CRd,DRd,ItoM,PRd,WiL
0,22485344,7040054,346934,61861310,14125874,0,917084
1,22295924,345814,2979928,27266400,0,72324,392280
Skt,PCIRdCur,RFO,CRd,DRd,ItoM,PRd,WiL
0,22435784,7045976,431158,61678484,14113694,0,917308
1,22304044,345996,3163552,27102950,0,72310,392658
Skt,PCIRdCur,RFO,CRd,DRd,ItoM,PRd,WiL
0,22498392,7043680,320516,61835200,14117824,42,912534
1,22301048,345618,3149300,26948194,0,72310,392056
Skt,PCIRdCur,RFO,CRd,DRd,ItoM,PRd,WiL
0,22503040,7008358,395388,61671358,14114408,0,915740
1,22299690,343868,3100230,26681284,0,72310,393568
Skt,PCIRdCur,RFO,CRd,DRd,ItoM,PRd,WiL
0,22442210,7030828,271936,61496624,14098378,364,913668
1,22327284,345898,2900520,26572882,0,71680,395584
Skt,PCIRdCur,RFO,CRd,DRd,ItoM,PRd,WiL
0,22522598,7097202,402220,61657582,14103152,308,935018
1,22342628,346080,3039652,26392520,0,70994,401674
Skt,PCIRdCur,RFO,CRd,DRd,ItoM,PRd,WiL
0,22510894,7050204,237846,61777114,14110278,168,926142
1,22292984,345562,2920960,26250756,0,71036,401212
Skt,PCIRdCur,RFO,CRd,DRd,ItoM,PRd,WiL
0,22513988,7046648,279454,61729052,14104104,896,924014
1,22301160,345450,3043754,26140520,0,71078,401394
Skt,PCIRdCur,RFO,CRd,DRd,ItoM,PRd,WiL
0,22531334,3952872,4534068,54193482,14005838,196,927024
1,22302098,344624,5140128,29731604,0,70644,401044
Skt,PCIRdCur,RFO,CRd,DRd,ItoM,PRd,WiL
0,22534974,7149898,259588,61641426,14003864,140,925456
1,22302322,348600,2924866,26304782,0,71078,401212
Skt,PCIRdCur,RFO,CRd,DRd,ItoM,PRd,WiL
0,22526154,7148036,279734,61300106,14017304,168,919422
1,22304674,348544,3029096,26146288,0,70966,400904
Skt,PCIRdCur,RFO,CRd,DRd,ItoM,PRd,WiL
0,22556198,7145964,252238,61622946,13994106,140,917560
1,22316994,348614,2913358,26231310,0,71036,401464
Skt,PCIRdCur,RFO,CRd,DRd,ItoM,PRd,WiL
0,22593634,7144228,295484,61697496,13995688,140,916454
1,22346268,348516,3031812,26136348,0,71232,397726
Skt,PCIRdCur,RFO,CRd,DRd,ItoM,PRd,WiL
0,22745170,7132286,270844,61251218,13995590,392,914676
1,22520218,348432,2941092,25925424,0,71176,397642
Skt,PCIRdCur,RFO,CRd,DRd,ItoM,PRd,WiL
0,22748292,7152278,248388,61176024,14013062,140,920136
1,22516312,348334,2942590,26074356,0,71190,399770
Skt,PCIRdCur,RFO,CRd,DRd,ItoM,PRd,WiL
0,22752674,7142870,213920,61322114,13998838,140,918190
1,22520484,348530,2930550,26403776,0,71134,401156
Skt,PCIRdCur,RFO,CRd,DRd,ItoM,PRd,WiL
0,22749496,7100870,280112,61197822,13994540,140,919660
1,22519714,348740,2965746,26386486,0,71078,400680
Skt,PCIRdCur,RFO,CRd,DRd,ItoM,PRd,WiL
0,22705746,7126546,290416,61197360,14001638,168,921494
1,22519490,348390,3100188,26354174,0,71190,404082
Skt,PCIRdCur,RFO,CRd,DRd,ItoM,PRd,WiL
0,22771854,7145194,295246,61166378,10922870,140,672910
1,22520512,348768,2927820,26391708,0,70378,392224
Skt,PCIRdCur,RFO,CRd,DRd,ItoM,PRd,WiL
0,22654436,6967856,500752,61148290,14022218,140,829500
1,22522598,348446,2957024,27407618,0,71036,398580
Skt,PCIRdCur,RFO,CRd,DRd,ItoM,PRd,WiL
0,22494878,7049364,486696,60423790,14058114,0,826994
1,22520190,348614,2987614,27338654,0,71974,397586
Skt,PCIRdCur,RFO,CRd,DRd,ItoM,PRd,WiL
0,22468236,7012012,331450,61070450,14032858,0,817250
1,22519196,346108,2952768,27567624,42,71666,394856
Skt,PCIRdCur,RFO,CRd,DRd,ItoM,PRd,WiL
0,22509354,6621090,828142,61183192,14020958,0,815864
1,22520036,345352,2982714,27911240,42,71666,396662
Skt,PCIRdCur,RFO,CRd,DRd,ItoM,PRd,WiL
0,22499050,7035938,306348,61156970,13985692,0,826126
1,22517390,345842,2903236,27876898,42,70910,392042
Skt,PCIRdCur,RFO,CRd,DRd,ItoM,PRd,WiL
0,22532300,7022050,812252,61276138,14028784,0,825860
1,22520330,345884,2918958,26978616,42,71148,398048
Skt,PCIRdCur,RFO,CRd,DRd,ItoM,PRd,WiL
0,22597820,7039130,336616,61177214,14132216,0,852054
1,22515388,345800,3039470,26599286,42,71162,397614
Skt,PCIRdCur,RFO,CRd,DRd,ItoM,PRd,WiL
0,22366064,7036246,859432,61191060,14126532,0,865326
1,22312906,345814,3031882,26333160,42,71092,398650
Skt,PCIRdCur,RFO,CRd,DRd,ItoM,PRd,WiL
0,21848512,6968850,325528,61178628,14113022,0,876134
1,22285732,346136,2973936,25888408,42,71260,396438
Skt,PCIRdCur,RFO,CRd,DRd,ItoM,PRd,WiL
0,22448132,7022344,808262,61234978,14130690,42,890778
1,22298416,345436,2941974,25904382,42,71134,400120
Skt,PCIRdCur,RFO,CRd,DRd,ItoM,PRd,WiL
0,14839468,3710980,4631830,61606636,14141960,140,821590
1,22180718,341376,7704774,27061650,42,69958,393120
Skt,PCIRdCur,RFO,CRd,DRd,ItoM,PRd,WiL
0,22061634,6949754,1007006,61446910,14128268,224,914844
1,22314432,345856,2880878,26510246,42,70364,393092
Skt,PCIRdCur,RFO,CRd,DRd,ItoM,PRd,WiL
0,22156274,6991096,238504,61494622,14124236,224,920276
1,22318534,345520,2875334,26075742,42,70532,396494
Skt,PCIRdCur,RFO,CRd,DRd,ItoM,PRd,WiL
0,22194550,7002380,679014,61669818,14193508,140,918484
1,22332912,345450,2897146,25952612,42,70462,397124
Skt,PCIRdCur,RFO,CRd,DRd,ItoM,PRd,WiL
0,22207808,6924260,286678,61695396,14140966,168,921508
1,22257998,346038,2873332,26109650,42,70462,399728
Skt,PCIRdCur,RFO,CRd,DRd,ItoM,PRd,WiL
0,22229928,7126518,318332,61693730,14028700,196,920192
1,22301314,348782,2936570,26146582,0,70532,400638
Skt,PCIRdCur,RFO,CRd,DRd,ItoM,PRd,WiL
0,22313858,7124278,203868,61712126,14015974,140,926226
1,22281224,348446,2904762,26209778,0,70938,401268
Skt,PCIRdCur,RFO,CRd,DRd,ItoM,PRd,WiL
0,22270150,7134862,313026,61306098,14049756,140,922082
1,22266986,348446,2926728,26092626,0,71050,401338
Skt,PCIRdCur,RFO,CRd,DRd,ItoM,PRd,WiL
0,22286320,7113428,265552,61758494,14020440,224,924378
1,22285886,348390,3085040,26221888,0,71512,401422
Skt,PCIRdCur,RFO,CRd,DRd,ItoM,PRd,WiL
0,22329356,6954122,280532,61712910,14004480,196,923622
1,22255464,348614,2906540,26463822,0,71442,401086
Skt,PCIRdCur,RFO,CRd,DRd,ItoM,PRd,WiL
0,21550284,7075936,250628,47888204,13507312,168,924770
1,22497146,348362,2928660,33170102,0,70896,397712
Skt,PCIRdCur,RFO,CRd,DRd,ItoM,PRd,WiL
0,19687444,6949572,277102,61091842,14023884,182,923454
1,22482530,348670,2854348,26775294,0,71064,396060
Skt,PCIRdCur,RFO,CRd,DRd,ItoM,PRd,WiL
0,21093310,6988044,280700,61311586,14000672,196,914760
1,22483062,348558,2872968,27032642,0,71162,390684
Skt,PCIRdCur,RFO,CRd,DRd,ItoM,PRd,WiL
0,21160552,7010472,237090,61310298,14023380,182,934192
1,22485358,348614,2922990,27232814,0,70994,401226
Skt,PCIRdCur,RFO,CRd,DRd,ItoM,PRd,WiL
0,21392028,7053802,263648,61322800,14018886,154,934542
1,22486590,348432,2990078,27367872,0,71078,399896
Skt,PCIRdCur,RFO,CRd,DRd,ItoM,PRd,WiL
0,21739144,7041216,314748,61211430,14128856,322,933772
1,22502452,348278,2979550,27307434,0,71092,400316
Skt,PCIRdCur,RFO,CRd,DRd,ItoM,PRd,WiL
0,21705880,7057008,343070,61212200,14095872,140,932792
1,22500170,348810,3001670,27621328,0,71204,399644
Skt,PCIRdCur,RFO,CRd,DRd,ItoM,PRd,WiL
0,21916524,7037506,283850,61254984,14006090,168,934080
1,22508836,348698,3003210,28030870,0,71050,400582
Skt,PCIRdCur,RFO,CRd,DRd,ItoM,PRd,WiL
0,22481858,6913676,356104,61022836,13974030,0,935340
1,22530984,348474,2904398,27681402,0,71750,399616
Skt,PCIRdCur,RFO,CRd,DRd,ItoM,PRd,WiL
0,22756846,6908300,300818,61324242,13991852,0,930510
1,22519798,345954,2946846,26884998,0,71680,399924
Skt,PCIRdCur,RFO,CRd,DRd,ItoM,PRd,WiL
0,22755586,6521046,312550,61283474,13989570,0,645428
1,22521520,345870,2989378,26507880,0,72842,373758
Skt,PCIRdCur,RFO,CRd,DRd,ItoM,PRd,WiL
0,22420314,6354586,336756,61251904,13987526,14,932428
1,22457190,345086,2906008,25804940,0,71652,401632
Skt,PCIRdCur,RFO,CRd,DRd,ItoM,PRd,WiL
0,22743084,6473110,379064,61386654,14109424,14,936894
1,22518048,345254,2871932,25994444,0,71666,402304
Skt,PCIRdCur,RFO,CRd,DRd,ItoM,PRd,WiL
0,22551382,6156164,355754,61319090,14114114,14,930874
1,22297282,345674,2862986,26115824,0,71652,402192
Skt,PCIRdCur,RFO,CRd,DRd,ItoM,PRd,WiL
0,22550794,6387388,353780,61269558,14108696,14,938462
1,22303554,345632,2997834,26099024,0,71666,405132
Skt,PCIRdCur,RFO,CRd,DRd,ItoM,PRd,WiL
0,22577436,6258602,349748,61339278,14204764,0,937482
1,22316266,345296,2917362,26167288,0,71652,404880
Skt,PCIRdCur,RFO,CRd,DRd,ItoM,PRd,WiL
0,22241968,6276942,318052,61335876,14023170,0,938196
1,22310106,345520,2916886,26106486,0,71680,404796
Skt,PCIRdCur,RFO,CRd,DRd,ItoM,PRd,WiL
0,22588832,6177220,332864,61841458,14017738,0,923426
1,22298598,345506,2907240,26403874,0,71666,400358
Skt,PCIRdCur,RFO,CRd,DRd,ItoM,PRd,WiL
0,22551550,6160182,345856,61765732,14015624,0,924154
1,22272418,345436,2899890,26337276,0,71652,400932
Skt,PCIRdCur,RFO,CRd,DRd,ItoM,PRd,WiL
0,22592416,6158586,306418,61514320,13999160,0,924700
1,22300012,345478,2876958,26541774,0,71638,399112
Skt,PCIRdCur,RFO,CRd,DRd,ItoM,PRd,WiL
0,22642172,6362986,338618,61752558,13982052,0,567434
1,22324204,345646,2860858,26648230,0,71652,379666
Skt,PCIRdCur,RFO,CRd,DRd,ItoM,PRd,WiL
0,17937584,5544056,339444,61631878,13841184,168,928508
1,22007286,344610,2871834,26768658,0,71050,398650
Skt,PCIRdCur,RFO,CRd,DRd,ItoM,PRd,WiL
0,22572984,6294204,267386,61781650,13985020,140,928760
1,22308762,345520,2899148,26591152,0,71078,396816
Skt,PCIRdCur,RFO,CRd,DRd,ItoM,PRd,WiL
0,22572620,6661452,270536,61797078,13979098,140,927696
1,22265516,346150,2857554,26920824,0,71134,395836
Skt,PCIRdCur,RFO,CRd,DRd,ItoM,PRd,WiL
0,22568560,7126686,355950,61801810,13984152,140,926366
1,22289904,345716,2860004,27203022,0,71092,396452
Skt,PCIRdCur,RFO,CRd,DRd,ItoM,PRd,WiL
0,22494234,7107464,347788,61731250,13841002,392,926954
1,22146530,348824,2977394,27545252,0,71176,396186
Skt,PCIRdCur,RFO,CRd,DRd,ItoM,PRd,WiL
0,22651146,7178850,355222,61875002,13859370,448,918862
1,22324680,348488,2968252,27463296,0,71092,396592
Skt,PCIRdCur,RFO,CRd,DRd,ItoM,PRd,WiL
0,22602132,7125510,538454,61813444,13857942,350,930426
1,22284108,348390,3335108,27453930,0,70518,396214
Skt,PCIRdCur,RFO,CRd,DRd,ItoM,PRd,WiL
0,22696254,7206206,661836,61735814,13879292,140,928326
1,22342404,348558,3135370,27383776,0,71064,396480
Skt,PCIRdCur,RFO,CRd,DRd,ItoM,PRd,WiL
0,22628200,7194614,412552,61655202,13877612,140,931742
1,22297324,348586,3358348,27466292,0,71120,395794
Skt,PCIRdCur,RFO,CRd,DRd,ItoM,PRd,WiL
0,22850142,7221494,768698,61296718,13824342,140,931742
1,22511258,348418,3339560,27518890,0,71134,396116
Skt,PCIRdCur,RFO,CRd,DRd,ItoM,PRd,WiL
0,20749596,4307366,5391806,61265050,13687464,140,884058
1,22521184,349104,6376230,27261122,0,71162,391370
Skt,PCIRdCur,RFO,CRd,DRd,ItoM,PRd,WiL
0,22692530,7217000,3091704,61167554,13820086,168,927836
1,22513736,348558,4202072,26166994,0,71078,396522
Skt,PCIRdCur,RFO,CRd,DRd,ItoM,PRd,WiL
0,22807260,6601854,2525390,61047714,13979532,504,941836
1,22515626,348586,5307470,25972254,0,71204,402402
Skt,PCIRdCur,RFO,CRd,DRd,ItoM,PRd,WiL
0,22787940,7175924,2958508,61217730,13962746,1148,943054
1,22512504,348642,4843118,26014534,0,71050,403942
Skt,PCIRdCur,RFO,CRd,DRd,ItoM,PRd,WiL
0,22806560,7213094,2433228,61416040,13935600,168,940674
1,22514044,348516,5172202,26207510,0,71064,405370
Skt,PCIRdCur,RFO,CRd,DRd,ItoM,PRd,WiL
0,22821778,7266714,2784418,61067090,13957454,392,944300
1,22469902,348334,4330368,26121326,0,71036,404964
Skt,PCIRdCur,RFO,CRd,DRd,ItoM,PRd,WiL
0,22617658,7227066,2485098,61191340,13970964,140,935802
1,22517306,348614,4571154,26054896,0,71078,404068
Skt,PCIRdCur,RFO,CRd,DRd,ItoM,PRd,WiL
0,22872290,7224574,2628598,60907994,13949026,0,941640
1,22518594,348418,4078732,26138700,0,71694,404950
Skt,PCIRdCur,RFO,CRd,DRd,ItoM,PRd,WiL
0,22867082,7170716,1552922,60990888,13943118,0,945630
1,22522584,346472,4869578,26410958,0,71624,403886
Skt,PCIRdCur,RFO,CRd,DRd,ItoM,PRd,WiL
0,22886850,7103306,610120,61021114,13956250,0,946582
1,22517250,343882,3637536,26661152,0,71638,402248
Skt,PCIRdCur,RFO,CRd,DRd,ItoM,PRd,WiL
0,22873312,7165956,7466984,58423680,13901482,0,944552
1,22523872,345940,13777932,27582072,0,71680,400036
Skt,PCIRdCur,RFO,CRd,DRd,ItoM,PRd,WiL
0,22854776,7152054,290262,61068448,14075978,0,905548
1,22520834,346220,2887780,26969208,0,71694,400134
Skt,PCIRdCur,RFO,CRd,DRd,ItoM,PRd,WiL
0,22604148,6687758,277872,61151440,14074900,0,946106
1,22296190,345128,2940238,27238078,0,71652,400274
Skt,PCIRdCur,RFO,CRd,DRd,ItoM,PRd,WiL
0,22674400,7161406,317786,61242482,14083342,0,947226
1,22304800,346150,2900996,27416298,0,71652,400400
Skt,PCIRdCur,RFO,CRd,DRd,ItoM,PRd,WiL
0,22571822,7145922,286916,61038782,14088998,0,943488
1,22304898,345842,2905448,27638352,0,71652,400232
Skt,PCIRdCur,RFO,CRd,DRd,ItoM,PRd,WiL
0,22695260,7147168,293244,60805556,14088592,0,910756
1,22326528,345716,2903488,28166474,0,71666,399868
Skt,PCIRdCur,RFO,CRd,DRd,ItoM,PRd,WiL
0,22526658,7117502,296058,61226634,14061236,0,930174
1,22310414,344722,2955540,28713188,0,71680,395682
Skt,PCIRdCur,RFO,CRd,DRd,ItoM,PRd,WiL
0,22677592,7080192,293412,61444376,14066458,0,928886
1,22307502,345884,2953090,28762314,0,72100,395318
Skt,PCIRdCur,RFO,CRd,DRd,ItoM,PRd,WiL
0,22581244,7123690,282954,61939724,14067480,0,928004
1,22314026,345912,2925776,28557620,0,72086,395332
Skt,PCIRdCur,RFO,CRd,DRd,ItoM,PRd,WiL
0,22707048,7151424,371252,61456906,14061698,0,928116
1,22306648,345744,3024588,28764302,0,72072,395150
Skt,PCIRdCur,RFO,CRd,DRd,ItoM,PRd,WiL
0,22588818,7159754,350434,55940402,13067418,168,915726
1,22288168,345394,3071012,31924284,0,71456,394170
Skt,PCIRdCur,RFO,CRd,DRd,ItoM,PRd,WiL
0,22567412,7146342,269066,57921514,14061810,336,926296
1,22251866,346108,3042718,28037912,0,71022,395570
Skt,PCIRdCur,RFO,CRd,DRd,ItoM,PRd,WiL
0,21756644,7027678,490868,60705666,14102340,196,929446
1,22314390,345646,3229156,27108508,0,70980,397320
Skt,PCIRdCur,RFO,CRd,DRd,ItoM,PRd,WiL
0,22652084,7140700,217616,61392478,14122360,210,927878
1,22293082,345534,2987292,31956848,0,71064,398874
Skt,PCIRdCur,RFO,CRd,DRd,ItoM,PRd,WiL
0,22498924,7230650,197470,61713876,14071568,196,930832
1,22279054,348810,2951004,27284138,0,71120,400498
Skt,PCIRdCur,RFO,CRd,DRd,ItoM,PRd,WiL
0,22695036,7243054,208460,61761266,14222292,140,930370
1,22308188,348390,2967706,26729598,0,71148,401016
Skt,PCIRdCur,RFO,CRd,DRd,ItoM,PRd,WiL
0,22456966,7225050,507850,61795678,14193634,140,934262
1,22314054,348600,3296076,26420226,0,71120,402444
Skt,PCIRdCur,RFO,CRd,DRd,ItoM,PRd,WiL
0,22665146,7227654,223048,61696880,14194726,140,927276
1,22297352,348362,3031714,26379850,0,70980,400960
Skt,PCIRdCur,RFO,CRd,DRd,ItoM,PRd,WiL
0,22591170,7175840,202958,61733966,14178528,168,928746
1,22315776,348474,2988482,26510246,0,71022,400904
Skt,PCIRdCur,RFO,CRd,DRd,ItoM,PRd,WiL
0,22905456,7250278,200928,61321106,14202636,140,931336
1,22517474,348558,2921912,26484836,0,71148,399728
Skt,PCIRdCur,RFO,CRd,DRd,ItoM,PRd,WiL
0,22801478,7267974,451794,61387900,14215656,1456,690942
1,22516130,348726,3177272,26692960,0,70742,381416
Skt,PCIRdCur,RFO,CRd,DRd,ItoM,PRd,WiL
0,22828358,7195776,217182,60787538,14135996,168,899290
1,22522724,348600,2944396,26445930,0,70994,397488
Skt,PCIRdCur,RFO,CRd,DRd,ItoM,PRd,WiL
0,21758366,7099848,238406,61282606,14264586,308,941906
1,22515864,348614,2870322,26688746,0,70812,400862
Skt,PCIRdCur,RFO,CRd,DRd,ItoM,PRd,WiL
0,22909880,7253820,350154,61163942,14175924,140,946428
1,22521268,348292,2962470,26881134,0,71120,400204
Skt,PCIRdCur,RFO,CRd,DRd,ItoM,PRd,WiL
0,22897882,7276738,643776,61455758,14309218,168,946302
1,22518300,348432,3205776,27144040,0,71036,400162
Skt,PCIRdCur,RFO,CRd,DRd,ItoM,PRd,WiL
0,22919568,7201558,413728,61157180,14261170,140,945966
1,22518650,348530,2918678,27304984,0,71008,400148
Skt,PCIRdCur,RFO,CRd,DRd,ItoM,PRd,WiL
0,22923894,7269136,288092,61330906,14277718,336,947016
1,22517712,348306,2927708,27389418,0,71036,400204
Skt,PCIRdCur,RFO,CRd,DRd,ItoM,PRd,WiL
0,22772484,7147378,286622,61423082,14177170,0,948192
1,22517936,342412,3035816,27343806,0,71680,400092
Skt,PCIRdCur,RFO,CRd,DRd,ItoM,PRd,WiL
0,22947358,7205828,316204,61761588,13972098,0,948878
1,22522976,345688,2982882,27248746,0,71652,400064
Skt,PCIRdCur,RFO,CRd,DRd,ItoM,PRd,WiL
0,22935640,7201236,315812,61592286,13992748,0,951580
1,22520400,345506,2866122,27183044,0,71708,400036
Skt,PCIRdCur,RFO,CRd,DRd,ItoM,PRd,WiL
0,22951502,7220234,332850,61584810,13926570,0,692412
1,22519308,345786,2962848,27173958,0,71708,394758
Skt,PCIRdCur,RFO,CRd,DRd,ItoM,PRd,WiL
0,17945788,6711502,292516,61483940,14035434,0,947086
1,22528660,344344,2924544,26039398,0,71708,399896
Skt,PCIRdCur,RFO,CRd,DRd,ItoM,PRd,WiL
0,22212666,7144298,401072,61585132,14031374,0,907970
1,22304646,345954,2962218,26130482,0,71708,401380
Skt,PCIRdCur,RFO,CRd,DRd,ItoM,PRd,WiL
0,22704822,7196546,415506,61664582,14032536,0,920164
1,22290030,345870,3077480,26307022,0,71680,400736
Skt,PCIRdCur,RFO,CRd,DRd,ItoM,PRd,WiL
0,22727978,7216678,895986,61563894,14031290,0,938840
1,22283856,345604,3197306,26350842,0,71694,405146
Skt,PCIRdCur,RFO,CRd,DRd,ItoM,PRd,WiL
0,22731212,7213486,445256,61554094,14031696,0,946862
1,22283954,345968,3203662,26357968,0,71708,405356
Skt,PCIRdCur,RFO,CRd,DRd,ItoM,PRd,WiL
0,22729490,7202832,523880,61948040,14028658,0,929740
1,22305052,345702,3278996,26388656,0,71708,400386
Skt,PCIRdCur,RFO,CRd,DRd,ItoM,PRd,WiL
0,22767318,7216608,616896,61950980,14030268,0,923650
1,22307460,345618,3260684,26898032,0,71694,401282
Skt,PCIRdCur,RFO,CRd,DRd,ItoM,PRd,WiL
0,22752310,7184086,457716,61940466,14018578,0,927262
1,22293656,345506,3196424,27135570,0,71680,400862
Skt,PCIRdCur,RFO,CRd,DRd,ItoM,PRd,WiL
0,22770398,7219114,419076,61985672,14028938,0,911372
1,22302028,345926,3259634,26802790,0,71694,399448
Skt,PCIRdCur,RFO,CRd,DRd,ItoM,PRd,WiL
0,22760038,7217112,444752,61995780,14029652,140,931084
1,22316266,345436,3245606,26582416,0,70896,398370
Skt,PCIRdCur,RFO,CRd,DRd,ItoM,PRd,WiL
0,22825936,4739070,4949448,61930974,14049378,140,832538
1,22347920,345352,6981114,26558168,0,71022,396662
Skt,PCIRdCur,RFO,CRd,DRd,ItoM,PRd,WiL
0,22512126,7173110,383698,61940788,14021532,504,934094
1,22273006,345702,3209528,26696166,0,71106,396242
Skt,PCIRdCur,RFO,CRd,DRd,ItoM,PRd,WiL
0,22752772,7247268,391818,61925892,14023436,140,879704
1,22297254,345898,3362422,26896982,0,71148,396172
Skt,PCIRdCur,RFO,CRd,DRd,ItoM,PRd,WiL
0,22766716,7253820,463512,61988864,13925576,140,906542
1,22278466,349118,3067960,27011390,0,71120,388948
Skt,PCIRdCur,RFO,CRd,DRd,ItoM,PRd,WiL
0,22775144,7320642,402780,61970972,13927606,140,892920
1,22316028,348586,3103198,27181504,0,71148,396144
Skt,PCIRdCur,RFO,CRd,DRd,ItoM,PRd,WiL
0,22832740,7330820,760928,61973604,13952316,168,916986
1,22316896,348530,3564288,27172432,0,71064,396046
Skt,PCIRdCur,RFO,CRd,DRd,ItoM,PRd,WiL
0,22828008,7317128,914102,61978770,13905178,196,894348
1,22296218,348586,3724098,27182974,0,71078,395318
Skt,PCIRdCur,RFO,CRd,DRd,ItoM,PRd,WiL
0,22832040,7240856,883092,61941656,13902084,168,910070
1,22298150,348614,3603950,27138426,0,71092,394436
Skt,PCIRdCur,RFO,CRd,DRd,ItoM,PRd,WiL
0,22989120,7304178,949046,61431188,13916980,168,891968
1,22523116,348684,3715936,27162282,0,71092,395444
Skt,PCIRdCur,RFO,CRd,DRd,ItoM,PRd,WiL
0,22969142,7317436,954058,61373396,13945204,140,905884
1,22517236,348754,3609886,26784674,0,71176,395136
Skt,PCIRdCur,RFO,CRd,DRd,ItoM,PRd,WiL
0,22987048,7318108,6095544,59323684,14036400,700,832622
1,22517642,348502,12061210,30126376,0,71148,399014
Skt,PCIRdCur,RFO,CRd,DRd,ItoM,PRd,WiL
0,22823934,7128772,967470,61578090,13920718,168,893018
1,22513582,348488,3534146,27098652,0,71148,398146
Skt,PCIRdCur,RFO,CRd,DRd,ItoM,PRd,WiL
0,22904854,7285334,886774,61580232,13926388,210,853258
1,22522654,348558,3518270,26694766,0,71064,397852
Skt,PCIRdCur,RFO,CRd,DRd,ItoM,PRd,WiL
0,22872696,7306754,871010,61622120,13911506,504,855960
1,22514282,348418,3621884,26412638,0,71204,397810
Skt,PCIRdCur,RFO,CRd,DRd,ItoM,PRd,WiL
0,22107582,7246526,869848,61611704,13910694,0,847686
1,22520232,348348,3453870,26007604,0,71764,392980
Skt,PCIRdCur,RFO,CRd,DRd,ItoM,PRd,WiL
0,22946182,7177170,882406,61648398,13916994,0,892304
1,22510586,345674,3479014,26166308,0,71694,397292
Skt,PCIRdCur,RFO,CRd,DRd,ItoM,PRd,WiL
0,22927282,7236208,853244,61595198,13896176,0,867748
1,22521730,345730,3539032,26265834,0,71708,399756
Skt,PCIRdCur,RFO,CRd,DRd,ItoM,PRd,WiL
0,22868972,7255864,842422,61630940,13912668,0,874860
1,22517642,346080,3628576,26441576,0,71708,403228
Skt,PCIRdCur,RFO,CRd,DRd,ItoM,PRd,WiL
0,22858850,7226842,838306,61678358,13920620,0,916888
1,22517530,345786,3628926,26303074,0,72142,403172
Skt,PCIRdCur,RFO,CRd,DRd,ItoM,PRd,WiL
0,23006536,6892648,841694,61590340,14021028,0,882868
1,22518720,345716,3871182,26572364,0,72156,402794
Skt,PCIRdCur,RFO,CRd,DRd,ItoM,PRd,WiL
0,22755180,7265818,938266,61389958,14277732,0,827022
1,22291052,346122,3622234,27280470,0,71918,402850
Skt,PCIRdCur,RFO,CRd,DRd,ItoM,PRd,WiL
0,22743434,7280392,455546,61609674,14019334,0,939596
1,22275274,346402,3053904,27158866,0,72114,403018
Skt,PCIRdCur,RFO,CRd,DRd,ItoM,PRd,WiL
0,22425830,7230104,394128,61530658,14006384,0,951230
1,22289610,345520,2935730,26635924,0,71694,401758
Skt,PCIRdCur,RFO,CRd,DRd,ItoM,PRd,WiL
0,22821750,7088158,344386,62067628,14016198,0,934444
1,22317428,345954,2974328,26689460,0,71708,396704
Skt,PCIRdCur,RFO,CRd,DRd,ItoM,PRd,WiL
0,22446466,7208628,293776,61967920,14010304,0,936306
1,22277850,345674,3053680,26907342,0,71722,396088
Skt,PCIRdCur,RFO,CRd,DRd,ItoM,PRd,WiL
0,22396864,7210504,299572,61963104,14061446,0,935802
1,22273062,345674,2969022,27033496,0,71638,396242
Skt,PCIRdCur,RFO,CRd,DRd,ItoM,PRd,WiL
0,22589070,7232204,281652,62052508,13919388,0,941556
1,22178212,346038,2957598,27196540,0,71652,395234
Skt,PCIRdCur,RFO,CRd,DRd,ItoM,PRd,WiL
0,22468460,7196868,287826,61755792,14020454,0,943964
1,22282568,345422,2932426,27342980,0,71666,395850
Skt,PCIRdCur,RFO,CRd,DRd,ItoM,PRd,WiL
0,22448818,7197582,240842,62023332,14027524,308,942704
1,22258194,345674,2883090,27133904,0,71176,395500
Skt,PCIRdCur,RFO,CRd,DRd,ItoM,PRd,WiL
0,22470504,7204400,191226,62093794,14015918,588,942690
1,22231664,345534,2979676,27148044,0,71078,396130
Skt,PCIRdCur,RFO,CRd,DRd,ItoM,PRd,WiL
0,22693118,7236362,222880,62100892,14053494,140,576520
1,22282694,345786,2847432,27126092,0,70812,376950
Skt,PCIRdCur,RFO,CRd,DRd,ItoM,PRd,WiL
0,17970414,7106134,245588,61907888,14024626,140,933730
1,22130724,344260,2849798,25971162,0,71106,396816
Skt,PCIRdCur,RFO,CRd,DRd,ItoM,PRd,WiL
0,20512436,7207480,255318,62013616,13922720,168,913962
1,22207234,348852,2845276,25998812,0,71106,396942
Skt,PCIRdCur,RFO,CRd,DRd,ItoM,PRd,WiL
0,21059360,6936482,253834,62007302,13914138,364,934962
1,22252090,348558,2872632,26112814,0,71064,399224
Skt,PCIRdCur,RFO,CRd,DRd,ItoM,PRd,WiL
0,21719236,7198646,245490,62018558,13934158,140,936894
1,22285200,348460,2869482,26221846,0,71064,400484
Skt,PCIRdCur,RFO,CRd,DRd,ItoM,PRd,WiL
0,21874986,7193228,260344,61901350,13937364,140,938098
1,22273944,348544,2881550,26435500,0,71050,401240
Skt,PCIRdCur,RFO,CRd,DRd,ItoM,PRd,WiL
0,21784546,7265762,247226,62042834,13914880,826,944454
1,22265516,348516,2851884,26228328,0,70560,401100
Skt,PCIRdCur,RFO,CRd,DRd,ItoM,PRd,WiL
0,22072120,7273042,232680,61490492,13922776,308,939204
1,22483720,348460,2840474,26604382,0,71064,400596
Skt,PCIRdCur,RFO,CRd,DRd,ItoM,PRd,WiL
0,22551690,7223006,211302,61720960,13907334,154,940016
1,22521618,348390,2886086,26599188,0,71064,400288
Skt,PCIRdCur,RFO,CRd,DRd,ItoM,PRd,WiL
0,22986026,7202846,232414,61658030,13926780,1960,939722
1,22518202,348670,2858408,26739160,0,70994,397670
Skt,PCIRdCur,RFO,CRd,DRd,ItoM,PRd,WiL
0,23030280,7159824,199528,61711454,13933500,154,944496
1,22517782,345100,2891770,26780040,0,71134,396676
Skt,PCIRdCur,RFO,CRd,DRd,ItoM,PRd,WiL
0,23012528,4642708,4842796,55270698,13988100,182,943362
1,22517810,326900,10835300,29587768,0,70994,400064
Skt,PCIRdCur,RFO,CRd,DRd,ItoM,PRd,WiL
0,22970304,6846812,293328,61623562,13897660,210,949410
1,22516578,340718,2981342,27300392,0,71064,400246
Skt,PCIRdCur,RFO,CRd,DRd,ItoM,PRd,WiL
0,22883504,6768986,287210,61574030,13942544,196,952350
1,22516284,345156,2985892,27074824,0,71092,399784
Skt,PCIRdCur,RFO,CRd,DRd,ItoM,PRd,WiL
0,22906730,6731088,303422,61675586,13936776,140,948024
1,22516382,345366,2938082,27215146,0,71162,399490
Skt,PCIRdCur,RFO,CRd,DRd,ItoM,PRd,WiL
0,23021628,6803328,334754,61455926,13921992,0,921760
1,22516620,344820,3097668,26682236,0,71750,400064
Skt,PCIRdCur,RFO,CRd,DRd,ItoM,PRd,WiL
0,22991192,6805876,326732,61586028,13916658,0,948976
1,22518552,342902,2927008,25838176,0,71708,401128
Skt,PCIRdCur,RFO,CRd,DRd,ItoM,PRd,WiL
0,22950018,6467552,351694,61609114,13906802,0,952126
1,22518328,342510,2996420,25946886,0,71666,401940
Skt,PCIRdCur,RFO,CRd,DRd,ItoM,PRd,WiL
0,23038722,6711152,343210,61585468,13901342,14,954044
1,22519532,341810,3003014,26079662,0,71652,404600
Skt,PCIRdCur,RFO,CRd,DRd,ItoM,PRd,WiL
0,23079420,6953394,338562,61668012,13904590,14,954254
1,22520848,343378,2972760,26135508,0,71652,405510
Skt,PCIRdCur,RFO,CRd,DRd,ItoM,PRd,WiL
0,23039478,6698734,279454,61616128,14015008,14,952350
1,22518720,341740,2922234,26020960,0,71652,404810
Skt,PCIRdCur,RFO,CRd,DRd,ItoM,PRd,WiL
0,22795234,6856150,282884,54551854,13246912,14,948836
1,22310204,342958,2895200,40401942,0,71638,405118
Skt,PCIRdCur,RFO,CRd,DRd,ItoM,PRd,WiL
0,22820280,5998804,295890,61628616,14042686,14,948696
1,22294258,337484,2911580,26259702,0,71624,403620
Skt,PCIRdCur,RFO,CRd,DRd,ItoM,PRd,WiL
0,22665734,6561422,347662,61713050,14017486,0,952168
1,22318800,342846,2937830,26518786,0,71624,402668
Skt,PCIRdCur,RFO,CRd,DRd,ItoM,PRd,WiL
0,22836338,6865866,324604,61619124,14012026,0,951594
1,22320858,343000,2910796,26484122,0,71666,400988
Skt,PCIRdCur,RFO,CRd,DRd,ItoM,PRd,WiL
0,22830486,7113876,332752,62040622,14024514,0,943278
1,22320816,343574,2911076,26619698,0,71680,397138
Skt,PCIRdCur,RFO,CRd,DRd,ItoM,PRd,WiL
0,22827210,7197078,309022,62096776,14068166,0,940058
1,22305360,343336,3087504,26850376,0,71652,396172
Skt,PCIRdCur,RFO,CRd,DRd,ItoM,PRd,WiL
0,22636278,7195538,414330,62137166,14010178,0,941318
1,22296428,343392,3060134,27108326,0,71638,396172
Skt,PCIRdCur,RFO,CRd,DRd,ItoM,PRd,WiL
0,22851710,7207466,504896,62161120,14002898,0,942326
1,22310106,342958,3136924,27108088,0,71652,395584
Skt,PCIRdCur,RFO,CRd,DRd,ItoM,PRd,WiL
0,22848280,7278824,622776,62103860,13998908,140,941010
1,22316826,345926,3104332,27164704,0,70854,396396
Skt,PCIRdCur,RFO,CRd,DRd,ItoM,PRd,WiL
0,22841154,7281442,906934,62134730,14005040,140,947562
1,22299242,345856,3172484,27270544,0,71036,395458
Skt,PCIRdCur,RFO,CRd,DRd,ItoM,PRd,WiL
0,22853012,7283766,861616,62058598,11398058,5432,888412
1,22308958,345492,3599106,27393688,0,70546,394450
Skt,PCIRdCur,RFO,CRd,DRd,ItoM,PRd,WiL
0,22661870,7258328,1093834,61880392,14038206,154,943040
1,22278424,346178,3456082,26991188,0,71120,396214
Skt,PCIRdCur,RFO,CRd,DRd,ItoM,PRd,WiL
0,22646190,7253960,1228010,61873798,14022106,112,944454
1,22299284,345562,5679604,26573442,0,71134,396970
Skt,PCIRdCur,RFO,CRd,DRd,ItoM,PRd,WiL
0,22805902,7341236,2433746,62004054,13905192,140,944132
1,22312514,349020,4953620,26342442,0,71106,396116
Skt,PCIRdCur,RFO,CRd,DRd,ItoM,PRd,WiL
0,22801688,7343966,2378320,61935286,13910512,140,944944
1,22312556,348628,5201448,26158076,0,71106,396172
Skt,PCIRdCur,RFO,CRd,DRd,ItoM,PRd,WiL
0,22794184,7364798,2297330,61975130,13949096,560,942830
1,22281014,348418,5235748,26264000,0,71092,399028
Skt,PCIRdCur,RFO,CRd,DRd,ItoM,PRd,WiL
0,22722322,7352954,1625218,62139322,13910274,140,945448
1,22091132,348530,5491164,26482708,0,71120,400162
Skt,PCIRdCur,RFO,CRd,DRd,ItoM,PRd,WiL
0,22812664,7355278,2170252,61270496,13940500,168,947142
1,22290856,348404,4934678,26794096,0,71092,401716
Skt,PCIRdCur,RFO,CRd,DRd,ItoM,PRd,WiL
0,23026038,7371770,1953812,61621294,13887468,140,941738
1,22514856,348502,5208518,26828746,0,71624,401744
Skt,PCIRdCur,RFO,CRd,DRd,ItoM,PRd,WiL
0,23050832,7360990,2098628,61567450,13920494,392,939568
1,22518356,348502,4350556,26171614,0,71428,400904
Skt,PCIRdCur,RFO,CRd,DRd,ItoM,PRd,WiL
0,23036524,7362446,2235954,61608638,13882330,168,600866
1,22514100,348698,4284546,26113948,0,71582,377818
Skt,PCIRdCur,RFO,CRd,DRd,ItoM,PRd,WiL
0,13706966,6591942,748020,60924234,14410620,140,946246
1,21106050,348362,3650206,26772200,0,71540,400414
Skt,PCIRdCur,RFO,CRd,DRd,ItoM,PRd,WiL
0,22918420,7304430,397558,60985372,13935936,140,953722
1,22507310,348530,3098144,26956370,0,71120,400624
Skt,PCIRdCur,RFO,CRd,DRd,ItoM,PRd,WiL
0,22583582,7315196,347200,61046734,13993700,196,944916
1,22464344,348712,2930410,27192634,0,71022,399728
Skt,PCIRdCur,RFO,CRd,DRd,ItoM,PRd,WiL
0,22960224,7319970,284592,61102944,13931120,168,952070
1,22513554,348726,3126760,27333600,0,71008,400358
Skt,PCIRdCur,RFO,CRd,DRd,ItoM,PRd,WiL
0,22991612,7324478,296380,61243322,13982290,0,955654
1,22519462,348726,2923620,27276816,0,71750,401072
Skt,PCIRdCur,RFO,CRd,DRd,ItoM,PRd,WiL
0,22818054,7166852,288218,61174848,13918968,56,953036
1,22281028,342846,2888676,27542970,0,71680,400694
Skt,PCIRdCur,RFO,CRd,DRd,ItoM,PRd,WiL
0,22850044,7251790,292082,61328344,13972616,0,945644
1,22303204,346248,2918510,27516006,0,71680,400358
Skt,PCIRdCur,RFO,CRd,DRd,ItoM,PRd,WiL
0,22825432,7271922,288862,61531834,13899200,0,957558
1,22301076,345954,2887192,27583962,0,71680,400834
Skt,PCIRdCur,RFO,CRd,DRd,ItoM,PRd,WiL
0,22829198,7244860,295890,61845756,13976046,0,951664
1,22337280,345744,2931110,28084994,0,71666,400484
Skt,PCIRdCur,RFO,CRd,DRd,ItoM,PRd,WiL
0,22646218,7273070,286510,62255396,14010920,0,952042
1,22197658,345856,3059504,27697600,0,71666,400330
Skt,PCIRdCur,RFO,CRd,DRd,ItoM,PRd,WiL
0,22577870,7235452,5986764,43079610,13064926,0,915054
1,22112832,345800,6710396,30129288,0,71652,394828
Skt,PCIRdCur,RFO,CRd,DRd,ItoM,PRd,WiL
0,22166354,7197694,302834,58585380,14073864,0,937482
1,21788984,345296,2920904,27494348,0,71680,395318
Skt,PCIRdCur,RFO,CRd,DRd,ItoM,PRd,WiL
0,22492162,7208194,285838,61359550,14081662,0,940086
1,22075942,345772,2893772,27511876,0,71680,395822
Skt,PCIRdCur,RFO,CRd,DRd,ItoM,PRd,WiL
0,22482558,7199822,325794,62165558,14073612,0,939890
1,22089844,345674,2878232,26915714,0,71666,397474
Skt,PCIRdCur,RFO,CRd,DRd,ItoM,PRd,WiL
0,22562848,7213346,318220,61846820,13955088,644,930986
1,22130808,346024,2918412,27307098,0,71092,392420
Skt,PCIRdCur,RFO,CRd,DRd,ItoM,PRd,WiL
0,22512924,7234458,242620,62014218,14043022,168,942368
1,22100470,345660,2929066,26555746,0,71106,401702
Skt,PCIRdCur,RFO,CRd,DRd,ItoM,PRd,WiL
0,22538586,7209916,314146,61869304,14089348,336,939008
1,22108198,345422,2960454,26486516,0,71036,401520
Skt,PCIRdCur,RFO,CRd,DRd,ItoM,PRd,WiL
0,22539916,7220374,209566,62027126,14126028,140,941220
1,22121904,346248,2941736,26493796,0,71092,401030
Skt,PCIRdCur,RFO,CRd,DRd,ItoM,PRd,WiL
0,22511006,7241066,199934,62062056,14289520,140,943068
1,22063734,346080,2983694,26466258,0,71092,401226
Skt,PCIRdCur,RFO,CRd,DRd,ItoM,PRd,WiL
0,22551004,7285180,204750,62046796,14093646,196,938140
1,22134756,349090,2964472,26774384,0,71120,401268
Skt,PCIRdCur,RFO,CRd,DRd,ItoM,PRd,WiL
0,22709120,7322910,209342,62084120,13928446,2912,810586
1,22335194,348474,3031350,27136060,0,70798,399000
Skt,PCIRdCur,RFO,CRd,DRd,ItoM,PRd,WiL
0,23004198,7271978,215684,60569096,14177520,140,936670
1,22523844,348586,2873878,26571496,0,71106,399756
Skt,PCIRdCur,RFO,CRd,DRd,ItoM,PRd,WiL
0,22986278,7315238,200928,61501272,14057708,168,931504
1,22517936,348446,2959642,26262978,0,71036,399826
Skt,PCIRdCur,RFO,CRd,DRd,ItoM,PRd,WiL
0,22974924,7297402,206388,61635994,14144396,168,938168
1,22520260,348502,2982112,26397616,0,71680,399154
Skt,PCIRdCur,RFO,CRd,DRd,ItoM,PRd,WiL
0,23010568,7320180,240996,61956958,14278726,476,938056
1,22516242,348446,3002440,26499466,0,71736,397726
Skt,PCIRdCur,RFO,CRd,DRd,ItoM,PRd,WiL
0,23002126,7309106,278586,61705840,14243222,420,951034
1,22521422,348628,2947308,26590312,0,71722,396046
Skt,PCIRdCur,RFO,CRd,DRd,ItoM,PRd,WiL
0,23006676,7330750,383306,61933886,14269542,168,950978
1,22517530,348530,3089996,26573092,0,71708,399854
Skt,PCIRdCur,RFO,CRd,DRd,ItoM,PRd,WiL
0,23030392,7319312,421848,61489484,14145208,140,954436
1,22526994,348670,3069752,26783638,0,71848,399364
Skt,PCIRdCur,RFO,CRd,DRd,ItoM,PRd,WiL
0,23040374,7345352,418404,62051598,14321468,420,956186
1,22524992,348684,3135552,26905298,0,71820,399448
Skt,PCIRdCur,RFO,CRd,DRd,ItoM,PRd,WiL
0,23054514,7369166,343378,61653746,14292670,0,952084
1,22524418,348516,2988314,27120842,0,72422,397530
Skt,PCIRdCur,RFO,CRd,DRd,ItoM,PRd,WiL
0,23066526,7297920,404712,62051738,14063280,0,736694
1,22518944,346360,3121132,27164186,0,72296,404810
Skt,PCIRdCur,RFO,CRd,DRd,ItoM,PRd,WiL
0,18015396,6739082,454440,61402628,13829256,0,936572
1,22375276,345114,2918594,27479340,0,72310,397600
Skt,PCIRdCur,RFO,CRd,DRd,ItoM,PRd,WiL
0,23012640,7274820,541590,60437790,13982066,0,958370
1,22523340,345814,3094448,27179824,0,72324,399378
Skt,PCIRdCur,RFO,CRd,DRd,ItoM,PRd,WiL
0,23053982,7230286,448602,61634244,14071064,0,959042
1,22519000,345660,2902004,27316170,0,72310,397432
Skt,PCIRdCur,RFO,CRd,DRd,ItoM,PRd,WiL
0,22844458,7272678,498022,61995766,14006650,0,949536
1,22316574,345660,3100244,27163052,0,72310,395178
Skt,PCIRdCur,RFO,CRd,DRd,ItoM,PRd,WiL
0,22895124,7280224,479850,61282172,13999370,0,947072
1,22329342,345800,2941652,27212472,0,72338,394786
Skt,PCIRdCur,RFO,CRd,DRd,ItoM,PRd,WiL
0,22854118,7282268,519750,62051738,14003486,0,948584
1,22301944,346052,3108392,27309184,0,72310,394044
Skt,PCIRdCur,RFO,CRd,DRd,ItoM,PRd,WiL
0,22853292,7311500,470484,62195266,14057596,0,929110
1,22292718,346122,2944228,27109180,0,72310,391384
Skt,PCIRdCur,RFO,CRd,DRd,ItoM,PRd,WiL
0,22874222,7283584,504098,62301372,13992930,0,929460
1,22304562,345548,3141208,26674074,0,72324,391454
Skt,PCIRdCur,RFO,CRd,DRd,ItoM,PRd,WiL
0,22878716,7286342,465458,62182484,14000000,0,933058
1,22311814,345814,3001754,26273968,0,71666,392784
Skt,PCIRdCur,RFO,CRd,DRd,ItoM,PRd,WiL
0,22895726,7310128,498624,62194174,13987638,0,929796
1,22312528,346234,3058230,26131406,0,71680,392798
Skt,PCIRdCur,RFO,CRd,DRd,ItoM,PRd,WiL
0,22874880,3997812,5401928,57969072,14042756,168,917224
1,22325324,341194,4472090,28515704,0,71050,385462
Skt,PCIRdCur,RFO,CRd,DRd,ItoM,PRd,WiL
0,22766702,7239568,405258,60943582,14059332,196,926898
1,22307754,345576,2927932,26349988,0,71078,390558
Skt,PCIRdCur,RFO,CRd,DRd,ItoM,PRd,WiL
0,22795864,7313838,420252,62051080,13894384,224,927794
1,22301244,349020,3117674,26740434,0,71078,392448
Skt,PCIRdCur,RFO,CRd,DRd,ItoM,PRd,WiL
0,22811880,7322308,398286,62074320,13917358,140,929698
1,22309714,348628,2969246,26937064,0,71050,394646
Skt,PCIRdCur,RFO,CRd,DRd,ItoM,PRd,WiL
0,22820112,7309008,230944,62048294,13900376,168,936012
1,22302980,348572,2937788,26333384,0,70896,396480
Skt,PCIRdCur,RFO,CRd,DRd,ItoM,PRd,WiL
0,22840818,7338856,237104,62071086,13911758,140,934570
1,22322188,348572,2954280,26208686,0,71036,398020
Skt,PCIRdCur,RFO,CRd,DRd,ItoM,PRd,WiL
0,22801604,7338408,260218,61689768,13909938,196,931448
1,22293068,348628,2985836,26114438,0,71148,397586
Skt,PCIRdCur,RFO,CRd,DRd,ItoM,PRd,WiL
0,23018660,7352590,283052,61772634,13891038,532,941752
1,22487304,348488,3060764,26100886,0,71078,401688
Skt,PCIRdCur,RFO,CRd,DRd,ItoM,PRd,WiL
0,23024848,7350294,328650,61648370,13916588,140,944496
1,22515990,348642,2985640,26180602,0,71106,401548
Skt,PCIRdCur,RFO,CRd,DRd,ItoM,PRd,WiL
0,23036986,7336196,229404,61685134,13890282,140,939022
1,22520932,348908,2847796,26244358,0,71036,400582
Skt,PCIRdCur,RFO,CRd,DRd,ItoM,PRd,WiL
0,23033010,7338212,383642,61696012,12603052,3360,950390
1,22522346,348544,2983638,26296172,0,70798,404376
Skt,PCIRdCur,RFO,CRd,DRd,ItoM,PRd,WiL
0,22996694,7300580,426594,61055288,14035476,252,953176
1,22524964,348586,2866878,26299350,0,71582,403508
Skt,PCIRdCur,RFO,CRd,DRd,ItoM,PRd,WiL
0,23011856,7322434,395416,61665702,13903526,140,949760
1,22518944,348488,3000942,26556376,42,71498,401814
Skt,PCIRdCur,RFO,CRd,DRd,ItoM,PRd,WiL
0,22996232,7319998,751562,61616268,13898360,224,953960
1,22504958,348516,3033282,26519374,42,71554,400694
Skt,PCIRdCur,RFO,CRd,DRd,ItoM,PRd,WiL
0,23010372,7341068,415100,61677490,13923294,0,949620
1,22519294,348516,3019100,26524750,42,71666,399686
Skt,PCIRdCur,RFO,CRd,DRd,ItoM,PRd,WiL
0,23024764,7256452,754306,61665744,13899410,0,942004
1,22519896,345814,2936948,26853988,42,71652,399504
Skt,PCIRdCur,RFO,CRd,DRd,ItoM,PRd,WiL
0,23031428,7255332,330750,61694136,13915958,0,892150
1,22518202,345926,2973530,26981094,42,71680,398678
Skt,PCIRdCur,RFO,CRd,DRd,ItoM,PRd,WiL
0,22912274,7110222,790678,61669230,13930126,0,900480
1,22518020,345618,2910110,27218422,42,71666,398580
Skt,PCIRdCur,RFO,CRd,DRd,ItoM,PRd,WiL
0,22957634,7245462,322504,61605810,14017598,0,918036
1,22479786,345380,2941848,27289822,42,71666,398524
Skt,PCIRdCur,RFO,CRd,DRd,ItoM,PRd,WiL
0,22844402,7267484,799778,61606888,14007294,0,899654
1,22291976,345800,2907338,27541710,42,71666,398440
Skt,PCIRdCur,RFO,CRd,DRd,ItoM,PRd,WiL
0,22843562,7272048,277788,61593630,14015386,0,668332
1,22302658,346108,2895914,27337772,42,72800,354676
Skt,PCIRdCur,RFO,CRd,DRd,ItoM,PRd,WiL
0,18832254,7157038,1008238,61672198,14074578,0,806610
1,22163680,345492,2914562,27318592,42,71694,391790
Skt,PCIRdCur,RFO,CRd,DRd,ItoM,PRd,WiL
0,22737190,7216286,298914,62194160,14010612,0,851326
1,22315398,345772,2973390,27233374,42,71666,392588
Skt,PCIRdCur,RFO,CRd,DRd,ItoM,PRd,WiL
0,22833174,7228480,819532,62094200,14017248,0,852684
1,22316812,345758,3003168,26888330,42,71078,393596
Skt,PCIRdCur,RFO,CRd,DRd,ItoM,PRd,WiL
0,22800050,7247198,324114,62089958,14015372,266,890008
1,22295532,345632,3041430,26510456,42,70658,394758
Skt,PCIRdCur,RFO,CRd,DRd,ItoM,PRd,WiL
0,22843870,7258650,853958,62122788,14048020,0,889616
1,22308412,345282,3027388,26329786,42,71190,394618
Skt,PCIRdCur,RFO,CRd,DRd,ItoM,PRd,WiL
0,22611428,7136654,299320,61914104,14010668,140,907200
1,22303554,345660,2933784,26859546,42,70476,395850
Skt,PCIRdCur,RFO,CRd,DRd,ItoM,PRd,WiL
0,22657782,7252910,586782,62069434,14008148,280,930986
1,22306508,345996,2875068,26639186,0,70546,399574
Skt,PCIRdCur,RFO,CRd,DRd,ItoM,PRd,WiL
0,22824466,7281526,285684,62105106,14001596,196,945364
1,22301062,345954,2896180,26250686,0,70602,401422
Skt,PCIRdCur,RFO,CRd,DRd,ItoM,PRd,WiL
0,22673994,7286230,408184,62133722,14030310,238,948346
1,22293572,345814,3019478,26228118,0,70560,402122
Skt,PCIRdCur,RFO,CRd,DRd,ItoM,PRd,WiL
0,22733900,7280154,199346,62147988,14063266,224,950012
1,22317568,345730,3006906,26228132,0,70644,401534
Skt,PCIRdCur,RFO,CRd,DRd,ItoM,PRd,WiL
0,17488310,5698336,274260,61848486,13928194,168,944202
1,21992012,347928,2921184,26145770,0,69636,400358
Skt,PCIRdCur,RFO,CRd,DRd,ItoM,PRd,WiL
0,22495774,7286902,207270,62140190,13912822,140,945350
1,22255296,348488,2910628,26289746,0,70084,401072
Skt,PCIRdCur,RFO,CRd,DRd,ItoM,PRd,WiL
0,22772974,7335958,251230,62095236,13948550,168,947142
1,22252650,348446,2854040,26399940,0,70434,399994
Skt,PCIRdCur,RFO,CRd,DRd,ItoM,PRd,WiL
0,22775900,7283388,182084,62062896,13919108,140,936852
1,22246154,348628,2886786,26645514,0,70630,395150
Skt,PCIRdCur,RFO,CRd,DRd,ItoM,PRd,WiL
0,22135932,7293958,243096,61713974,13902966,210,943726
1,22485246,348726,2901612,27215580,0,70588,396018
Skt,PCIRdCur,RFO,CRd,DRd,ItoM,PRd,WiL
0,21670642,7273364,207760,61744564,13943580,392,943306
1,22477840,348530,2854124,25840696,0,70406,400736
Skt,PCIRdCur,RFO,CRd,DRd,ItoM,PRd,WiL
0,21741734,7252560,204540,61698826,13921124,182,943418
1,22480276,348460,2854460,26121648,0,70602,400204
Skt,PCIRdCur,RFO,CRd,DRd,ItoM,PRd,WiL
0,21857780,7287882,266056,61611900,13902938,182,959406
1,22482432,348614,2853284,26946444,0,70588,400960
Skt,PCIRdCur,RFO,CRd,DRd,ItoM,PRd,WiL
0,22140440,7326998,344652,61735352,13977222,322,959014
1,22490090,348586,2868922,27193222,0,70616,400218
Skt,PCIRdCur,RFO,CRd,DRd,ItoM,PRd,WiL
0,22227114,7340046,337344,61680052,13891416,168,957572
1,22484952,348306,3025260,25933376,0,70630,405972
Skt,PCIRdCur,RFO,CRd,DRd,ItoM,PRd,WiL
0,22111908,4488820,3909654,61216512,13921572,140,961926
1,22450680,347326,5414066,26334518,0,71050,400862
Skt,PCIRdCur,RFO,CRd,DRd,ItoM,PRd,WiL
0,20572132,7245630,345324,61563866,13894566,532,960442
1,22469188,348572,2922444,27381186,0,71204,400344
Skt,PCIRdCur,RFO,CRd,DRd,ItoM,PRd,WiL
0,22305024,7218750,292796,61790442,13888406,0,951482
1,22511146,345674,2929962,26731096,0,71680,400694
Skt,PCIRdCur,RFO,CRd,DRd,ItoM,PRd,WiL
0,22876406,7161854,305102,61753314,13895350,0,962738
1,22519980,345856,2903194,26340636,0,71680,405384
Skt,PCIRdCur,RFO,CRd,DRd,ItoM,PRd,WiL
0,23075528,7204862,331716,61653018,13912304,14,957670
1,22522752,346346,3118766,27132014,0,71582,400316
Skt,PCIRdCur,RFO,CRd,DRd,ItoM,PRd,WiL
0,23057930,6913564,306684,61698252,13889064,14,957264
1,22521450,345688,2923004,27504358,0,71666,400400
Skt,PCIRdCur,RFO,CRd,DRd,ItoM,PRd,WiL
0,23093196,6794816,316988,61698084,14002758,14,961422
1,22519658,345394,2959460,26143586,0,71680,405748
Skt,PCIRdCur,RFO,CRd,DRd,ItoM,PRd,WiL
0,22877176,6908958,318598,61732608,14006580,14,961226
1,22300404,345436,2994600,26439756,0,71638,402710
Skt,PCIRdCur,RFO,CRd,DRd,ItoM,PRd,WiL
0,22886962,6995100,293818,61716284,14004074,14,958958
1,22313228,345996,2993690,27666520,0,71666,400442
Skt,PCIRdCur,RFO,CRd,DRd,ItoM,PRd,WiL
0,22924356,7194922,292432,61745264,14108402,0,965916
1,22322818,345674,2991352,27889400,0,71666,400120
Skt,PCIRdCur,RFO,CRd,DRd,ItoM,PRd,WiL
0,22908214,7067830,377356,58293718,13898276,140,940800
1,22320606,346206,2999374,40139148,0,71036,394240
Skt,PCIRdCur,RFO,CRd,DRd,ItoM,PRd,WiL
0,22735216,7073780,254184,62100528,13998334,140,947982
1,22292340,345772,2897762,26284342,0,71120,399070
Skt,PCIRdCur,RFO,CRd,DRd,ItoM,PRd,WiL
0,22716134,6278566,239736,62108046,13989934,196,950936
1,22301216,345338,2997638,26240452,0,71078,401604
Skt,PCIRdCur,RFO,CRd,DRd,ItoM,PRd,WiL
0,22907542,6919500,237594,62130404,13891318,168,949788
1,22317288,345296,2917530,26712252,0,71078,396130
Skt,PCIRdCur,RFO,CRd,DRd,ItoM,PRd,WiL
0,22898316,6332634,267036,62193740,13801858,140,950208
1,22297562,345296,2872030,27203526,0,71092,395808
Skt,PCIRdCur,RFO,CRd,DRd,ItoM,PRd,WiL
0,22929354,6779458,275632,62199760,13813632,168,949074
1,22319318,348446,3029810,25915134,0,71134,400302
Skt,PCIRdCur,RFO,CRd,DRd,ItoM,PRd,WiL
0,22918952,7030436,237748,62282724,13790252,308,952588
1,22309896,348432,2864932,26356946,0,71092,399434
Skt,PCIRdCur,RFO,CRd,DRd,ItoM,PRd,WiL
0,22704052,6646500,224098,62123138,13816362,140,950026
1,22296624,348600,2876944,26966310,0,71120,396508
Skt,PCIRdCur,RFO,CRd,DRd,ItoM,PRd,WiL
0,22950130,6922132,250516,62178354,13816152,168,951328
1,22317554,348390,2869146,27144768,0,71092,395444
Skt,PCIRdCur,RFO,CRd,DRd,ItoM,PRd,WiL
0,23127496,6858068,236460,61941474,13794172,140,949704
1,22523074,348530,2875558,25945766,0,71092,402150
Skt,PCIRdCur,RFO,CRd,DRd,ItoM,PRd,WiL
0,23129316,6878690,226086,61768700,11887932,4760,926954
1,22520092,348474,2877476,26434198,0,70644,395024
Skt,PCIRdCur,RFO,CRd,DRd,ItoM,PRd,WiL
0,22882076,6618416,246358,61869668,13616246,140,952602
1,22516718,348418,2930942,27209742,0,71106,396060
Skt,PCIRdCur,RFO,CRd,DRd,ItoM,PRd,WiL
0,23121350,7024780,274792,61751774,13759424,196,936152
1,22517502,348488,2868222,26275788,0,71582,401156
Skt,PCIRdCur,RFO,CRd,DRd,ItoM,PRd,WiL
0,23022370,7321636,313978,61740070,13792702,364,967218
1,22522626,348600,2902354,26057836,0,71582,405202
Skt,PCIRdCur,RFO,CRd,DRd,ItoM,PRd,WiL
0,23147530,7310590,382284,61840380,13762042,168,962668
1,22517222,345478,2912532,26620972,0,71624,399742
Skt,PCIRdCur,RFO,CRd,DRd,ItoM,PRd,WiL
0,23139004,7426916,567784,61812478,13791134,168,962500
1,22517474,348502,3143994,27355034,0,71512,400148
Skt,PCIRdCur,RFO,CRd,DRd,ItoM,PRd,WiL
0,23135994,7402374,553756,61787572,13791512,140,958664
1,22515668,348544,3179876,26004762,0,71078,399546
Skt,PCIRdCur,RFO,CRd,DRd,ItoM,PRd,WiL
0,23159360,7406042,513562,61748120,13790728,0,955668
1,22520904,347382,3058482,26231254,0,71638,404110
Skt,PCIRdCur,RFO,CRd,DRd,ItoM,PRd,WiL
0,23159234,7331730,673414,61959996,13779290,0,962892
1,22517152,346178,3216066,27098610,0,71666,399868
Skt,PCIRdCur,RFO,CRd,DRd,ItoM,PRd,WiL
0,23159304,7337092,583002,61827528,13748154,0,962892
1,22521408,346178,3198202,27374130,0,71652,399728
Skt,PCIRdCur,RFO,CRd,DRd,ItoM,PRd,WiL
0,23148048,7312620,1055320,61907384,13865418,0,694414
1,22515612,345338,3370066,26046468,0,71722,393624
Skt,PCIRdCur,RFO,CRd,DRd,ItoM,PRd,WiL
0,22198526,7242816,1097124,61725146,14018284,0,961212
1,22234856,345422,3350816,26364926,0,71652,402738
Skt,PCIRdCur,RFO,CRd,DRd,ItoM,PRd,WiL
0,22688372,7198632,2446332,61808166,13992216,0,961926
1,22300138,345814,3976560,27790462,0,71666,399770
Skt,PCIRdCur,RFO,CRd,DRd,ItoM,PRd,WiL
0,22538236,7294238,3064586,61829558,13989262,0,939036
1,22304450,345968,4730362,27783238,0,71666,400316
Skt,PCIRdCur,RFO,CRd,DRd,ItoM,PRd,WiL
0,22753738,7316666,2634548,61670868,13990438,0,957110
1,22310708,345212,4996488,26299490,0,71666,404740
Skt,PCIRdCur,RFO,CRd,DRd,ItoM,PRd,WiL
0,22929788,7325752,2887094,62239604,13993154,0,951034
1,22325268,346080,5048764,26485228,0,71652,397194
Skt,PCIRdCur,RFO,CRd,DRd,ItoM,PRd,WiL
0,22779470,7311934,2034928,62138874,13991670,0,947814
1,22298038,345716,5455478,27351716,0,71680,395276
Skt,PCIRdCur,RFO,CRd,DRd,ItoM,PRd,WiL
0,22916894,7332570,2903236,62190660,13984502,0,947520
1,22298360,345478,4724468,26745236,0,71666,389550
Skt,PCIRdCur,RFO,CRd,DRd,ItoM,PRd,WiL
0,22814512,7341152,1950382,62240388,13982836,0,937440
1,22291878,345534,4989320,26333244,0,71666,401282
Skt,PCIRdCur,RFO,CRd,DRd,ItoM,PRd,WiL
0,22947414,7364742,1637580,62150144,13985790,140,957152
1,22305010,345660,4970896,26635868,0,71120,395472
Skt,PCIRdCur,RFO,CRd,DRd,ItoM,PRd,WiL
0,22885926,7354172,2368814,62341258,13978090,168,950586
1,22335936,346080,4833892,27333908,0,71106,396102
Skt,PCIRdCur,RFO,CRd,DRd,ItoM,PRd,WiL
0,17904250,5894182,475496,62198640,13975570,168,952924
1,22179654,343644,3667860,26745908,0,71078,397796
Skt,PCIRdCur,RFO,CRd,DRd,ItoM,PRd,WiL
0,22408988,7317170,228088,62213718,13990914,168,949270
1,22284066,345590,3055052,26282494,0,71106,400876
Skt,PCIRdCur,RFO,CRd,DRd,ItoM,PRd,WiL
0,22929494,7403228,196574,62097084,13864256,140,934710
1,22298360,348544,2936696,26799640,0,71232,396564
Skt,PCIRdCur,RFO,CRd,DRd,ItoM,PRd,WiL
0,22491756,7441910,458570,62013224,13862198,140,950110
1,22324974,348712,3149832,27497666,0,71120,395794
Skt,PCIRdCur,RFO,CRd,DRd,ItoM,PRd,WiL
0,22547658,7446138,205184,61860120,13871634,140,953162
1,21933072,348530,2925482,26250798,0,71148,401646
Skt,PCIRdCur,RFO,CRd,DRd,ItoM,PRd,WiL
0,22812076,7443296,247674,61796756,13867518,140,951272
1,22283618,348572,2919910,26852182,0,71078,399728
Skt,PCIRdCur,RFO,CRd,DRd,ItoM,PRd,WiL
0,23156756,7445144,204764,61112030,13871634,140,946624
1,22522514,348670,2866598,27466544,0,71148,395472
Skt,PCIRdCur,RFO,CRd,DRd,ItoM,PRd,WiL
0,23102968,7413168,455938,61030970,13877066,168,949578
1,22519238,348600,3089982,28160202,0,71106,395668
Skt,PCIRdCur,RFO,CRd,DRd,ItoM,PRd,WiL
0,23164064,7420364,210854,61736682,13858012,504,949900
1,22511356,348614,2910614,26907426,0,71176,401856
Skt,PCIRdCur,RFO,CRd,DRd,ItoM,PRd,WiL
0,23144086,7417900,259980,61580876,13871102,140,950236
1,22517390,348670,2875754,28009604,0,71106,397348
Skt,PCIRdCur,RFO,CRd,DRd,ItoM,PRd,WiL
0,23132830,4964190,4206944,58658782,13858530,140,956522
1,22519476,349160,6853196,29800568,0,71008,400190
Skt,PCIRdCur,RFO,CRd,DRd,ItoM,PRd,WiL
0,22871674,7399322,657062,60242434,13855814,252,959980
1,22515178,348516,3333022,28325164,0,71120,401338
Skt,PCIRdCur,RFO,CRd,DRd,ItoM,PRd,WiL
0,23170882,7408814,376670,60906188,13869408,168,963340
1,22519910,348516,3049998,27814668,0,71148,404852
Skt,PCIRdCur,RFO,CRd,DRd,ItoM,PRd,WiL
0,23158240,7420406,401912,61448940,13865838,182,912128
1,22519406,348530,3153122,28314412,0,71148,399966
Skt,PCIRdCur,RFO,CRd,DRd,ItoM,PRd,WiL
0,23038358,7406560,280000,61968816,13885802,0,962164
1,22521380,348432,2948764,28734762,0,71806,399994
Skt,PCIRdCur,RFO,CRd,DRd,ItoM,PRd,WiL
0,23170868,7347060,392924,62228586,13889288,0,963116
1,22519112,345744,3119914,27477156,0,71722,404922
Skt,PCIRdCur,RFO,CRd,DRd,ItoM,PRd,WiL
0,23166626,7338646,348558,61840968,13873832,0,966644
1,22515444,345744,2921114,27731508,0,71694,402878
Skt,PCIRdCur,RFO,CRd,DRd,ItoM,PRd,WiL
0,23158604,7335944,707630,61472040,13866818,0,962038
1,22520246,345744,3069990,27686736,0,71736,399910
Skt,PCIRdCur,RFO,CRd,DRd,ItoM,PRd,WiL
0,23190888,7351736,289366,61719924,13884304,0,963214
1,22518020,345702,2996714,27077288,0,71708,400246
Skt,PCIRdCur,RFO,CRd,DRd,ItoM,PRd,WiL
0,23077222,7353178,300580,61647404,13970558,0,962682
1,22471526,345338,3033856,26047798,0,71708,405496
Skt,PCIRdCur,RFO,CRd,DRd,ItoM,PRd,WiL
0,22967098,7354522,318248,56732368,13342910,0,947940
1,22291584,346080,2908346,37465064,0,71708,400330
Skt,PCIRdCur,RFO,CRd,DRd,ItoM,PRd,WiL
0,22854370,7317408,314188,60945444,14035560,0,962486
1,22316952,345968,3012254,27149444,0,71708,399980
Skt,PCIRdCur,RFO,CRd,DRd,ItoM,PRd,WiL
0,22949010,7320068,328090,61658982,14051114,0,963466
1,22314628,345786,2925888,26020988,0,71722,402654
Skt,PCIRdCur,RFO,CRd,DRd,ItoM,PRd,WiL
0,22953210,7327600,323428,62440644,14042042,0,948766
1,22321124,345744,3265934,26395824,0,71680,397824
Skt,PCIRdCur,RFO,CRd,DRd,ItoM,PRd,WiL
0,22950914,7181594,372540,62413680,14301154,0,937454
1,22325058,345982,2983456,27300210,0,71722,395528
