,input_rate,output_rate,latency,bridge_instructions,bridge_branches,bridge_branch-misses,bridge_branch-load-misses,bridge_cache-misses,bridge_cache-references,bridge_cycles,bridge_L1-dcache-load-misses,bridge_L1-dcache-loads,bridge_LLC-load-misses,bridge_LLC-stores,bridge_LLC-loads,bridge_mem-stores,bridge_iTLB-loads,bridge_mem-loads,bridge_bus-cycles
0,1843.0293813448,0.0,15000.0,17713083.0,2515504.0,11194.0,9390.0,22855.0,217454.0,257520276.0,295771.0,294959510.0,22.0,217028.0,291068.0,0.0,451.0,0.0,8627398.0
1,2077.0135371297,1652.850992826,15000.0,7727852567.0,1514501895.0,6115112.0,5993990.0,97408.0,5293321.0,2572854825.0,5745084.0,2530421685.0,1851.0,2308984.0,3668589.0,0.0,3784.0,0.0,86389499.0
2,2110.1642099913,674.1041006154,15000.0,15701422.0,3050761.0,10777.0,11602.0,280053.0,397378.0,738338022.0,415958.0,5445930.0,161004.0,177219.0,212076.0,0.0,4756.0,0.0,24657257.0
3,2110.413043119,471.04174982856,15000.0,19094140.0,3661065.0,12274.0,12688.0,240066.0,450996.0,736870079.0,464063.0,5950238.0,130458.0,209268.0,226211.0,0.0,1130.0,0.0,24604794.0
4,2112.8606871215,475.71755116686,15000.0,19929623.0,4464332.0,12418.0,12857.0,229444.0,452228.0,736165366.0,449219.0,5852065.0,135304.0,205374.0,227653.0,0.0,1184.0,0.0,24678528.0
5,2113.2113599356,528.62733723523,15000.0,24367204.0,4577236.0,15519.0,15850.0,182136.0,619282.0,757448436.0,1486524.0,331674735.0,79101.0,545784.0,616886.0,0.0,1250.0,0.0,25322052.0
6,2104.0992457368,903.02957156812,15000.0,2398733803.0,460285340.0,1733368.0,1686944.0,3398.0,2434666.0,731544678.0,2586135.0,703029424.0,2836.0,1111457.0,1309119.0,0.0,1046.0,0.0,24445438.0
7,2110.1739842529,913.97502571324,15000.0,2566001718.0,497927459.0,1941238.0,1899659.0,1816.0,2537346.0,733673550.0,2830972.0,776342932.0,1623.0,1142278.0,1374357.0,0.0,1125.0,0.0,24558990.0
8,2107.8831271144,920.42282512953,4682.995,2570990282.0,498869893.0,1941094.0,1890220.0,2146.0,2507848.0,737841282.0,2806613.0,794796781.0,2035.0,1140185.0,1369273.0,0.0,1046.0,0.0,24662364.0
9,2085.2319214482,907.48154436285,15000.0,2527892960.0,452223529.0,1804044.0,1763067.0,2413.0,2483805.0,730874798.0,2751831.0,788763429.0,1821.0,1136004.0,1343798.0,0.0,1332.0,0.0,24540674.0
10,2090.5332693529,910.52490293261,15000.0,2478023896.0,472635745.0,1867282.0,1854093.0,3206.0,2518522.0,732022525.0,2791139.0,791384181.0,1509.0,1134925.0,1345492.0,0.0,1137.0,0.0,24468757.0
11,2085.8911773567,933.11784487481,15000.0,2826212392.0,560161881.0,2230971.0,2217170.0,3698.0,2757274.0,972621213.0,3236759.0,810784188.0,2072.0,1287323.0,1563393.0,0.0,1051.0,0.0,32869192.0
12,2090.163172114,1005.2374378017,1455.062,1316271743.0,260403832.0,1026788.0,1103709.0,213920.0,1361770.0,1076230267.0,1558709.0,602664804.0,103375.0,709884.0,1038809.0,0.0,1723.0,0.0,36140375.0
13,2090.4182316901,492.65499721821,15000.0,22462212.0,4266644.0,13774.0,13973.0,197694.0,494790.0,730285218.0,641440.0,7205467.0,128941.0,215798.0,233340.0,0.0,1147.0,0.0,24466312.0
14,2090.4475107936,698.71041912787,15000.0,1943424128.0,358822541.0,1377350.0,1219216.0,62403.0,1822932.0,742359807.0,2060885.0,498339802.0,54883.0,713764.0,838751.0,0.0,1200.0,0.0,24791266.0
15,2087.6585776251,930.69125322576,15000.0,2421658791.0,460467318.0,1826342.0,1745234.0,6877.0,2528221.0,747067608.0,2728725.0,782712190.0,2527.0,1142136.0,1331775.0,0.0,1214.0,0.0,24950296.0
16,2087.9880240339,899.47998215214,15000.0,2541482338.0,494023780.0,1929419.0,1882411.0,1965.0,2383410.0,733444941.0,2383745.0,627347064.0,3034.0,1089345.0,1294047.0,0.0,1306.0,0.0,24600533.0
17,2089.9582710387,915.20410144684,15000.0,2246850137.0,445150082.0,1768691.0,1720803.0,2515.0,2576392.0,730365409.0,2796527.0,775822985.0,4702.0,1014902.0,1340390.0,0.0,1234.0,0.0,24398596.0
18,2431.8742389662,933.54349346512,15000.0,2562371815.0,491520910.0,1906791.0,1850218.0,3986.0,2717076.0,737484246.0,2993206.0,778205341.0,1842.0,1328181.0,1437425.0,0.0,1120.0,0.0,24671999.0
19,6123.2882153227,1244.8166908373,15000.0,2027726617.0,417112517.0,1617297.0,1752565.0,24459.0,2954731.0,750988177.0,2917870.0,714842654.0,4251.0,1372788.0,1824820.0,0.0,1128.0,0.0,25071057.0
20,6142.0343899682,1289.0156881251,12.765,2419798843.0,481484419.0,1804102.0,1841984.0,2641.0,2990287.0,733647981.0,2856213.0,736415880.0,2341.0,1259131.0,1492841.0,0.0,1206.0,0.0,24524831.0
21,6158.8707867909,1286.3972135795,12.57,2321404446.0,466659330.0,1710540.0,1771159.0,6358.0,2892395.0,734446241.0,3023458.0,750595909.0,2514.0,1222584.0,1423116.0,0.0,1153.0,0.0,24611289.0
22,6167.0206352688,3474.6810936008,10.048,7676070446.0,1496606278.0,6466032.0,6478467.0,4101.0,11475914.0,2458663174.0,11524021.0,2352419043.0,1338.0,4956646.0,6586853.0,0.0,4410.0,0.0,82423046.0
23,6176.3028398027,6176.2342187591,10.086,9178013239.0,1806354404.0,8201610.0,8203678.0,795.0,14021835.0,2968388314.0,14193667.0,2800737861.0,1088.0,5979072.0,8067368.0,0.0,6194.0,0.0,99157533.0
24,6177.5489780599,6177.6094085837,12.057,9174180518.0,1804421220.0,8467779.0,8464660.0,845.0,13944794.0,2965535007.0,14192562.0,2800714369.0,681.0,5979526.0,8059921.0,0.0,5762.0,0.0,99178141.0
25,6179.2554489928,6179.1738593637,8.566,9091589190.0,1792411989.0,8225821.0,7869589.0,753.0,14082699.0,2966472120.0,14314201.0,2811419400.0,650.0,5996002.0,8088897.0,0.0,5576.0,0.0,99151956.0
26,6178.5165368363,6178.5033866215,9.625,9077879142.0,1790285488.0,8271824.0,7997431.0,1252.0,13722220.0,2961457910.0,13882243.0,2809108118.0,887.0,5799171.0,7909213.0,0.0,6197.0,0.0,99198861.0
27,6175.1121096576,6146.2320095574,9.721,9007644542.0,1780231360.0,8541508.0,7867423.0,1145.0,13978526.0,2963046384.0,14257041.0,2805086462.0,486.0,5926999.0,8068303.0,0.0,5954.0,0.0,99146183.0
28,6087.9884368474,6068.1090243458,9.866,9214283723.0,1817043369.0,7886487.0,7890544.0,417.0,13445261.0,2965854656.0,13701654.0,2831720599.0,463.0,5669964.0,7808190.0,0.0,5344.0,0.0,99174974.0
29,5105.1317535473,5105.090591814,8.707,9277003528.0,1834768967.0,7862135.0,7861464.0,19588.0,12702727.0,2965605965.0,12958469.0,2882818380.0,998.0,5342268.0,7204775.0,0.0,5705.0,0.0,99155851.0
30,5105.3037101476,5105.2997585135,15000.0,9304075856.0,1838001313.0,7868431.0,7867249.0,578.0,12769099.0,2966314742.0,12934600.0,2889713107.0,618.0,5346027.0,7239440.0,0.0,5367.0,0.0,99134923.0
31,5104.9972116076,5105.0484390686,15000.0,9351391239.0,1845106288.0,8153894.0,8155717.0,1111.0,12693451.0,2964115401.0,12913522.0,2881562724.0,313.0,5374381.0,7220395.0,0.0,5435.0,0.0,99109304.0
32,5099.6133633107,4022.079579853,15000.0,3867735395.0,734503471.0,3123826.0,2961631.0,175167.0,5095717.0,1823390066.0,5223113.0,1011860744.0,105429.0,2134676.0,2748369.0,0.0,2741.0,0.0,61297987.0
33,5084.7898006133,951.96100276399,15000.0,1969309457.0,403754174.0,1527915.0,1567328.0,102049.0,2487711.0,981617258.0,2890081.0,679805988.0,3479.0,1513002.0,1774925.0,0.0,1649.0,0.0,32838446.0
34,5076.4432321135,1592.6802978858,15000.0,3157027476.0,617872130.0,2390808.0,2452371.0,6102.0,3440152.0,984123000.0,3529483.0,962792061.0,3287.0,1566141.0,1894424.0,0.0,1593.0,0.0,32866027.0
35,5094.0795344099,1618.6865835046,15000.0,3223231642.0,631696954.0,2459682.0,2379806.0,16557.0,3707426.0,982301318.0,3971599.0,939175548.0,5215.0,1371950.0,1973000.0,0.0,1513.0,0.0,32858686.0
36,5087.3350043223,1651.1301224704,15000.0,2786179824.0,567886389.0,2257762.0,2315245.0,4134.0,3573292.0,987167676.0,3787302.0,962157620.0,5017.0,1606601.0,1994344.0,0.0,1654.0,0.0,33084316.0
37,5083.6171259355,1633.1348866627,15000.0,2989152658.0,603923668.0,2378857.0,2329670.0,8692.0,3572866.0,986866073.0,3793086.0,964780981.0,3691.0,1661916.0,2037269.0,0.0,1735.0,0.0,33142650.0
38,4962.0789881294,1703.4881615073,15000.0,3018025613.0,603107505.0,2417152.0,2426770.0,4644.0,3952916.0,995839471.0,4118692.0,995060859.0,3922.0,1677486.0,2064148.0,0.0,1545.0,0.0,33287790.0
39,3599.151039645,1457.3656436093,15000.0,3074931347.0,606096922.0,2431122.0,2456772.0,5095.0,3579343.0,982968083.0,3688741.0,959137985.0,3957.0,1509861.0,2231249.0,0.0,1824.0,0.0,32881783.0
40,3602.398213497,1432.3129186892,15000.0,3164554831.0,623606539.0,2513525.0,2524711.0,31893.0,3929797.0,992755315.0,4076569.0,991381726.0,2136.0,1604800.0,1889902.0,0.0,1702.0,0.0,33188999.0
41,3603.1810599113,1467.0719530759,15000.0,3101641224.0,608167855.0,2467467.0,2471344.0,5008.0,3492104.0,973921692.0,3608085.0,973566240.0,2660.0,1610242.0,2112623.0,0.0,1563.0,0.0,32570970.0
42,3603.6280433663,1873.1418676709,15000.0,3511063638.0,702909130.0,2892684.0,2859740.0,6351.0,4614524.0,1303712926.0,4185967.0,965147899.0,47523.0,1498956.0,1956753.0,0.0,1826.0,0.0,44017147.0
43,3596.2858822648,459.73406180734,15000.0,10660450.0,2042223.0,7547.0,7557.0,186297.0,248000.0,583451377.0,270431.0,3840490.0,107181.0,129373.0,137428.0,0.0,910.0,0.0,19538823.0
44,3602.9579315187,296.34736239665,15000.0,14291132.0,2993479.0,7697.0,8076.0,202011.0,273954.0,594493384.0,289602.0,4011352.0,110732.0,132828.0,141837.0,0.0,905.0,0.0,19884064.0
45,3603.8714452532,301.26695054794,15000.0,11831923.0,2316778.0,7966.0,8500.0,209110.0,285033.0,591035163.0,288816.0,3447973.0,110039.0,127272.0,136382.0,0.0,916.0,0.0,19783111.0
46,3602.8654619955,299.82572462811,15000.0,11688034.0,2278557.0,7782.0,8273.0,205978.0,283722.0,592151624.0,294563.0,3536290.0,106000.0,137886.0,133629.0,0.0,971.0,0.0,19771914.0
47,3602.0852014553,286.31363933761,15000.0,12317258.0,2324492.0,8844.0,8674.0,205335.0,269511.0,601845156.0,247436.0,3880432.0,81000.0,129791.0,140479.0,0.0,837.0,0.0,20212522.0
48,3658.5433882258,286.00634969785,15000.0,12073595.0,2250200.0,8218.0,7730.0,210765.0,281404.0,592147935.0,275503.0,3495628.0,109389.0,127898.0,134372.0,0.0,954.0,0.0,19774458.0
49,4257.4508280377,303.23537394634,15000.0,11802768.0,2217982.0,8140.0,7722.0,204079.0,275141.0,591333857.0,276192.0,3539486.0,105646.0,120752.0,133801.0,0.0,906.0,0.0,19754747.0
50,4258.8619482611,293.22866205375,15000.0,11992915.0,2240399.0,8086.0,7603.0,206865.0,275761.0,591323296.0,275229.0,3556531.0,99055.0,127040.0,135226.0,0.0,900.0,0.0,19755013.0
51,4258.2356217231,289.22025479216,7.309,12028376.0,2180229.0,7926.0,7480.0,200470.0,275015.0,595583544.0,274893.0,3981094.0,106506.0,130159.0,137542.0,0.0,834.0,0.0,19923604.0
52,4258.1244105196,280.87542020225,7.267,2539367268.0,497006436.0,2004577.0,2005474.0,148538.0,2588242.0,1111486756.0,2363897.0,566953954.0,99822.0,979203.0,1373189.0,0.0,2033.0,0.0,37124978.0
53,4265.2215165868,3765.5978634376,8.877,9595457936.0,1896000295.0,8289129.0,8292473.0,1845.0,11126487.0,2966179042.0,11367662.0,2975158000.0,861.0,4677961.0,6318670.0,0.0,5460.0,0.0,99150064.0
54,4268.6770888614,4268.6384932028,9.36,9579724950.0,1892760996.0,8207449.0,8212748.0,954.0,11185575.0,2965706418.0,11381556.0,2983452670.0,425.0,4678689.0,6339012.0,0.0,5351.0,0.0,99101995.0
55,4267.6230727621,4267.6236009836,9.04,9628774497.0,1900223487.0,7941213.0,7945111.0,855.0,11241411.0,2966170053.0,11418859.0,2982889437.0,600.0,4771458.0,6347903.0,0.0,5566.0,0.0,99140653.0
56,4268.388199469,4268.4009290292,7.229,9659490287.0,1894444996.0,7917847.0,7918435.0,730.0,11292940.0,2966026723.0,11398906.0,2968267418.0,167.0,4764355.0,6430427.0,0.0,5118.0,0.0,99134631.0
57,4268.4903400782,4266.5819704349,10.317,9718381200.0,1900932022.0,8348215.0,8341245.0,967.0,11053759.0,2955931680.0,11351968.0,2975777847.0,656.0,4624564.0,6251531.0,0.0,5269.0,0.0,99146685.0
58,4338.0498550937,4355.3011713933,7.61,9642686966.0,1876022009.0,8137712.0,8136537.0,640.0,11770012.0,2967405514.0,11915937.0,2939370343.0,1356.0,5026342.0,6800875.0,0.0,5585.0,0.0,99161799.0
59,5100.1098943803,5100.0955659268,10.038,9488782713.0,1867265832.0,8179132.0,8184507.0,746.0,12397036.0,2967266273.0,12635123.0,2909615116.0,718.0,5289741.0,7164870.0,0.0,5700.0,0.0,99166273.0
60,5098.4435182008,5098.4767015535,11.824,9484784531.0,1866443111.0,7916394.0,7919526.0,893.0,12457478.0,2965642556.0,12620192.0,2898786709.0,413.0,5298544.0,7151087.0,0.0,5868.0,0.0,99136272.0
61,5099.1492776239,5099.1709367889,15000.0,9475211859.0,1865357055.0,7920521.0,8220272.0,420.0,12470358.0,2966518172.0,12652466.0,2892983432.0,542.0,5326479.0,7187469.0,0.0,5347.0,0.0,99175507.0
62,5098.126009498,5098.0210213819,15000.0,8606055425.0,1698031989.0,7302626.0,7615292.0,4436.0,11761565.0,2906372285.0,12085823.0,2665336213.0,585.0,5006450.0,6692911.0,0.0,5171.0,0.0,97496737.0
63,5085.9211667241,2021.0349396422,15000.0,1579748509.0,274382963.0,944952.0,1532187.0,235216.0,839629.0,1016018229.0,495423.0,7354395.0,130538.0,488468.0,801149.0,0.0,1652.0,0.0,34051309.0
64,5080.3667243074,1500.7031665789,15000.0,3104581374.0,613800727.0,2390891.0,2385474.0,7800.0,3767219.0,970940673.0,4217979.0,946204461.0,5157.0,1282322.0,1819371.0,0.0,1736.0,0.0,32441669.0
65,5081.2015836912,1702.1272136587,15000.0,3112393391.0,618267232.0,2438582.0,2416400.0,8808.0,3816791.0,1003042881.0,3972433.0,976757939.0,5970.0,1683892.0,2165446.0,0.0,1653.0,0.0,33505284.0
66,5076.5898420838,1705.8873359689,15000.0,3149296932.0,627289654.0,2483016.0,2424219.0,3813.0,3913959.0,969348083.0,3977666.0,917077178.0,6641.0,1765698.0,2036046.0,0.0,1627.0,0.0,32407912.0
67,5080.5798104603,1702.351122856,15000.0,3239404536.0,622943904.0,2463771.0,2453834.0,6641.0,3651876.0,1001007120.0,3695794.0,964154994.0,7021.0,1481723.0,2189829.0,0.0,1270.0,0.0,33462379.0
68,5075.7576081565,1645.2577539149,1326.775,3137140665.0,615607305.0,2413578.0,2373066.0,4954.0,3661895.0,985006807.0,3829101.0,901532961.0,3372.0,1820729.0,1979843.0,0.0,1731.0,0.0,32983006.0
69,5113.0566320961,1743.7794619084,1012.883,3249601642.0,635696056.0,2525652.0,2530330.0,3293.0,3972247.0,988172557.0,3881834.0,959358102.0,4521.0,1635191.0,2090117.0,0.0,1710.0,0.0,32997778.0
70,5114.6413552422,1738.2297223596,15000.0,3057664804.0,611289960.0,2411082.0,2456210.0,4792.0,3938571.0,990416584.0,4217844.0,999343762.0,3200.0,1619507.0,2037051.0,0.0,1494.0,0.0,33100248.0
71,5116.4133651098,1737.9563988762,15000.0,3224247991.0,595142317.0,2405917.0,2404362.0,7826.0,3799654.0,982949588.0,3997956.0,991132969.0,3292.0,1817903.0,2117723.0,0.0,1620.0,0.0,32956217.0
72,5103.7602693042,1750.5553913554,2138.032,3160420764.0,609328230.0,2418809.0,2423317.0,4368.0,3889499.0,976751531.0,3985478.0,903508563.0,3724.0,1683134.0,2154253.0,0.0,1394.0,0.0,32671166.0
73,4925.0360679714,1934.5737313419,15000.0,1939997577.0,386755498.0,1635580.0,1745728.0,187947.0,2778235.0,1411946495.0,2981217.0,658799890.0,91338.0,975486.0,1304501.0,0.0,1776.0,0.0,47527122.0
74,5115.2679850191,1145.6172130322,15000.0,2869810165.0,591882159.0,2280112.0,2171354.0,12671.0,3603376.0,1016190663.0,3816500.0,957095455.0,2032.0,1732241.0,1496270.0,0.0,1738.0,0.0,34010684.0
75,5100.4236348169,1642.5645021264,5508.572,3040139158.0,596078678.0,2334870.0,2448604.0,5169.0,3282508.0,972387046.0,3285970.0,905611460.0,7641.0,1188158.0,1969969.0,0.0,1558.0,0.0,32466595.0
76,5122.955067643,1634.4836469609,1664.452,3200210683.0,636132261.0,2410844.0,2474932.0,3885.0,3624841.0,989752443.0,3642793.0,1015010803.0,9622.0,1566933.0,1986329.0,0.0,1619.0,0.0,33123507.0
77,5102.6270629921,1637.7854705427,15000.0,3015504244.0,587476118.0,3458489.0,3432153.0,7452.0,3667024.0,981441443.0,3753436.0,999150505.0,4728.0,1570466.0,1991019.0,0.0,1597.0,0.0,32858969.0
78,5114.3088372065,1592.6096047615,2085.92,3026482576.0,608659870.0,2368801.0,2383573.0,3334.0,3717016.0,995423546.0,3592390.0,990317102.0,3118.0,1523534.0,1968147.0,0.0,1850.0,0.0,33402747.0
79,5191.5136063987,1710.8030168024,15000.0,3115337560.0,619285660.0,2396180.0,2388655.0,5250.0,3811993.0,976864343.0,3648287.0,1012244647.0,3266.0,1435431.0,1920885.0,0.0,1658.0,0.0,32644553.0
80,5200.0316092514,1681.1660652295,15000.0,3292553069.0,633471559.0,2455467.0,2457759.0,3037.0,3774527.0,985714971.0,3854264.0,978911123.0,4539.0,1627678.0,2042584.0,0.0,1597.0,0.0,32926454.0
81,5205.4602762075,1712.9416951676,15000.0,3258773657.0,642392143.0,2495993.0,2529314.0,4034.0,3910853.0,995217460.0,3853009.0,985193133.0,1974.0,1721117.0,2099683.0,0.0,1588.0,0.0,33253576.0
82,5191.1081201933,1692.8219286798,15000.0,3176309911.0,634590247.0,2427111.0,2419707.0,5898.0,3613406.0,982087368.0,3982423.0,981129769.0,2663.0,1843819.0,1962049.0,0.0,1668.0,0.0,32829178.0
83,5200.4722502378,2539.4370986043,15000.0,2964049073.0,572118202.0,2455400.0,2492401.0,104739.0,4098318.0,1422238999.0,4365770.0,854459982.0,61542.0,1835041.0,2191396.0,0.0,1843.0,0.0,47889954.0
84,5199.2796412444,761.77386458752,15000.0,1925039994.0,398706087.0,1449850.0,1410720.0,115606.0,2236127.0,986819512.0,2087466.0,511746030.0,77603.0,886447.0,1257038.0,0.0,1686.0,0.0,33050486.0
85,5203.3387358866,1595.1936877511,15000.0,3319897238.0,585333815.0,2704859.0,2686816.0,10295.0,3504379.0,988929094.0,3564730.0,928150462.0,7814.0,1640297.0,1934861.0,0.0,1634.0,0.0,33052561.0
86,5198.18161754,1643.6109247385,15000.0,2915701805.0,585325734.0,2301568.0,2336550.0,5787.0,3416799.0,991681836.0,3717343.0,1009484725.0,5285.0,1611755.0,1991057.0,0.0,1567.0,0.0,33197074.0
87,5199.9775786882,1685.2736624173,15000.0,3224277015.0,634797446.0,2466523.0,2456810.0,3260.0,3580912.0,966588606.0,3644633.0,968073343.0,5013.0,1393494.0,1773999.0,0.0,1551.0,0.0,32307159.0
88,5272.0123471776,1581.8794154268,2757.878,3269192882.0,625744041.0,2410822.0,2416280.0,4415.0,3682868.0,988403006.0,3651394.0,901792486.0,8275.0,1377233.0,2033607.0,0.0,1327.0,0.0,33122808.0
89,6117.9602546015,1717.6136682975,15000.0,3019024771.0,604555750.0,2325213.0,2326907.0,5642.0,3695818.0,987899115.0,3728665.0,985947437.0,2554.0,1648779.0,2040154.0,0.0,1612.0,0.0,33032740.0
90,6115.752055225,1719.0464223218,15000.0,3342471002.0,657900601.0,2495735.0,2493161.0,4898.0,3700281.0,993307425.0,3755550.0,979079708.0,3897.0,1641668.0,2018538.0,0.0,1632.0,0.0,33259413.0
91,6110.203465738,1789.5591554318,15000.0,3108403275.0,623250232.0,2403427.0,2378829.0,5711.0,3629924.0,992694268.0,3868798.0,996354564.0,11822.0,1709786.0,1997032.0,0.0,1591.0,0.0,33203542.0
92,6122.5479250788,1779.1080015764,10.128,3215309116.0,629421060.0,2404794.0,2410388.0,5266.0,3606953.0,961804383.0,3711641.0,989929571.0,1947.0,1611593.0,1937560.0,0.0,1521.0,0.0,32134863.0
93,6124.1583676718,1746.8082909325,8.669,5120948882.0,989565112.0,4489893.0,4455012.0,5424.0,6972060.0,1630354110.0,6970897.0,1560298641.0,2024.0,3010139.0,3977168.0,0.0,3038.0,0.0,54530916.0
94,6142.122759563,6056.8763711197,8.909,9086397838.0,1782422961.0,7830107.0,7830449.0,1483.0,14196189.0,2967416027.0,14360486.0,2808253519.0,1075.0,6036169.0,8153479.0,0.0,6043.0,0.0,99163718.0
95,6145.6210717206,6145.6048514404,8.649,9149918166.0,1801037975.0,7831213.0,7829738.0,1236.0,14101564.0,2966641005.0,14327748.0,2793791305.0,1163.0,5998652.0,8125871.0,0.0,5699.0,0.0,99119053.0
96,6145.384557308,6145.381599491,9.773,9146699591.0,1799144659.0,8170318.0,8168864.0,785.0,14128831.0,2967442022.0,14432641.0,2803580196.0,500.0,6067556.0,8162203.0,0.0,6035.0,0.0,99156118.0
97,6144.8258553308,6144.8174271008,10.17,9138286670.0,1799542864.0,7900295.0,7862611.0,867.0,14181793.0,2965456466.0,14349007.0,2792112506.0,675.0,6055079.0,8178306.0,0.0,5718.0,0.0,99145987.0
98,6161.0211006515,6151.5227266727,9.536,8970080071.0,1773685821.0,8043877.0,8480218.0,1120.0,14137991.0,2955079643.0,14196513.0,2789121273.0,1784.0,5828930.0,7983103.0,0.0,5771.0,0.0,99193268.0
99,6356.5643382662,6356.5900020334,10.0,8958467058.0,1769852309.0,8149862.0,7856061.0,722.0,14470129.0,2967598618.0,14697660.0,2781778609.0,598.0,6002423.0,8168649.0,0.0,6012.0,0.0,99180901.0
100,6357.8791603859,6357.8101052766,9.978,9011940732.0,1777402873.0,7850579.0,7853274.0,988.0,14461485.0,2965757864.0,14672730.0,2770872925.0,275.0,6071763.0,8334104.0,0.0,6070.0,0.0,99140873.0
101,6358.6519956811,6358.7693029728,9.828,8934471161.0,1765724880.0,8166983.0,8167081.0,560.0,14408186.0,2963914284.0,14782861.0,2781613757.0,653.0,6136255.0,8246669.0,0.0,5649.0,0.0,99133392.0
102,6358.1457555349,6358.0623601296,15000.0,9009123852.0,1776811265.0,7849794.0,7848766.0,367.0,14496585.0,2967270565.0,14786007.0,2770106219.0,288.0,6072809.0,8172625.0,0.0,5779.0,0.0,99185474.0
103,6360.7529411616,6360.7121434907,15000.0,7545209247.0,1494234089.0,6648858.0,6581430.0,4010.0,12440356.0,2685989414.0,12839292.0,2347547829.0,22076.0,4799004.0,6355771.0,0.0,4850.0,0.0,90120928.0
104,6337.0074707713,1835.910417695,15000.0,1168027689.0,210838231.0,1599993.0,1660192.0,222438.0,1285895.0,999669862.0,1420849.0,332909372.0,114541.0,533003.0,843321.0,0.0,1601.0,0.0,33408968.0
105,6323.5568540857,1546.0903294724,15000.0,3234421836.0,641969685.0,2416994.0,2429852.0,6677.0,3638637.0,993061013.0,3840196.0,954502882.0,4026.0,1638727.0,1988962.0,0.0,1472.0,0.0,33130024.0
106,6331.127316433,1743.4397237241,15000.0,3240058391.0,635028804.0,2433817.0,2417035.0,5532.0,3817104.0,993842435.0,3809604.0,958225350.0,5782.0,1643015.0,1914355.0,0.0,1784.0,0.0,33233360.0
107,6321.9827985014,1768.0970314855,2298.816,3320153645.0,649681993.0,2476017.0,2484934.0,3228.0,3775624.0,993888888.0,3909626.0,1023082884.0,6077.0,1635308.0,1941043.0,0.0,1748.0,0.0,33205656.0
108,6105.6551296234,1697.6849630235,15000.0,3095734299.0,616874636.0,2381535.0,2341135.0,8726.0,3573812.0,972807608.0,3499051.0,745037642.0,3742.0,1740615.0,1852576.0,0.0,1403.0,0.0,32544087.0
109,3604.8402096149,1419.1038757114,15000.0,3202394332.0,632994824.0,2522634.0,3527465.0,4482.0,3665201.0,989676434.0,3835818.0,992541725.0,3300.0,1638660.0,2029840.0,0.0,1609.0,0.0,33163771.0
110,3608.9557147611,1461.2180922607,15000.0,3265763483.0,640478766.0,2569606.0,2575340.0,3355.0,3724260.0,987785108.0,4099431.0,987232179.0,2018.0,1674518.0,2075925.0,0.0,1546.0,0.0,32999151.0
111,3604.1730450865,1444.1031922563,15000.0,2800295810.0,573618642.0,2327326.0,2308848.0,4885.0,3512383.0,965248625.0,3669446.0,935606281.0,2596.0,1548640.0,1960141.0,0.0,1532.0,0.0,32323093.0
112,3605.457245823,1424.0212702789,7.882,3168156677.0,631523464.0,2523308.0,2471195.0,3520.0,3715713.0,992586613.0,4090059.0,1012788488.0,5692.0,1536448.0,2023452.0,0.0,1652.0,0.0,33268253.0
113,3607.1429763686,1457.188352425,6.393,3588028009.0,712215541.0,3054288.0,3050239.0,2383.0,4165555.0,1106961870.0,4202143.0,1073338615.0,2472.0,2195122.0,2447999.0,0.0,1759.0,0.0,37001106.0
114,3618.0796479219,3023.3472603871,5.881,9934406520.0,1942223660.0,8271072.0,8273195.0,678.0,10232112.0,2965540390.0,10254308.0,3030099527.0,788.0,4299399.0,5760742.0,0.0,5418.0,0.0,99123189.0
115,3621.0615998972,3621.0752299041,9.703,9909077387.0,1928802856.0,8253923.0,8254667.0,945.0,10228637.0,2964172472.0,10283559.0,3029891565.0,475.0,4307965.0,5873866.0,0.0,5009.0,0.0,99111731.0
116,3621.5562642994,3621.5199479049,8.343,9908718823.0,1941593509.0,7969329.0,7972582.0,764.0,10281170.0,2968097319.0,10327846.0,3046207117.0,788.0,4332954.0,5896777.0,0.0,5302.0,0.0,99159674.0
117,3621.0557448757,3621.0772523716,8.515,9917028496.0,1951446704.0,8291683.0,8287418.0,1110.0,10178135.0,2968288858.0,10347358.0,3030352351.0,800.0,4346852.0,5910291.0,0.0,4879.0,0.0,99153247.0
118,3623.6687712149,3624.0794548514,5.956,9903027978.0,1949503427.0,8546335.0,8546438.0,565.0,10217209.0,2968127387.0,10389716.0,3039792669.0,611.0,4370701.0,5897932.0,0.0,5268.0,0.0,99136028.0
119,3642.3280718586,3642.3277232982,6.573,9909690635.0,1950399333.0,7986691.0,8360005.0,778.0,10154884.0,2957438460.0,10318514.0,3018632175.0,1287.0,4340357.0,5901592.0,0.0,4359.0,0.0,99195165.0
120,3645.6019979258,3645.6424211643,8.669,9761519610.0,1930299391.0,7934898.0,8125643.0,635.0,10193615.0,2965412903.0,10396756.0,3029405887.0,659.0,4378107.0,5947082.0,0.0,5409.0,0.0,99170367.0
121,3644.6224335835,3644.5834481652,8.08,9779413022.0,1932354438.0,8294920.0,7972565.0,519.0,10256860.0,2963748177.0,10411564.0,3038950415.0,306.0,4298515.0,5907337.0,0.0,5518.0,0.0,99137754.0
122,3645.1726078093,3645.1921739255,15000.0,9818427868.0,1937389730.0,8190311.0,8190478.0,1151.0,10259701.0,2965694755.0,10414277.0,3025593745.0,438.0,4305112.0,5944140.0,0.0,5156.0,0.0,99160061.0
123,3645.8383252053,3645.8104251133,15000.0,9113141690.0,1802100024.0,8082693.0,8080805.0,1098.0,9990028.0,2958036028.0,10076720.0,2878787653.0,458.0,4225476.0,5685951.0,0.0,5153.0,0.0,99213390.0
124,3595.0427288351,2045.2872883148,15000.0,1083433583.0,213745282.0,866742.0,866698.0,253540.0,1914733.0,1251958087.0,2321891.0,555448145.0,114068.0,1148826.0,1411127.0,0.0,2022.0,0.0,41860283.0
125,3622.7363180791,1179.9466125051,15000.0,3175170937.0,627411734.0,2459519.0,2496584.0,7086.0,3250319.0,969966738.0,3512055.0,932723195.0,4613.0,1618906.0,1931006.0,0.0,1466.0,0.0,32639795.0
126,3620.8804881519,1406.1808496791,15000.0,3211865347.0,633927691.0,2474096.0,2473187.0,5445.0,3612055.0,1003137834.0,3918823.0,1009383621.0,9766.0,1354290.0,1780348.0,0.0,1629.0,0.0,33515743.0
127,3625.2668759946,1408.9161765364,15000.0,2917388493.0,593421394.0,2354800.0,2497678.0,5259.0,3595328.0,979738925.0,3804919.0,973826108.0,1517.0,1537818.0,2063586.0,0.0,1442.0,0.0,32749088.0
128,3674.6808825831,1415.5207789347,15000.0,3150359013.0,621553720.0,2478235.0,2535138.0,4230.0,3574445.0,999400129.0,3591490.0,975799417.0,3413.0,1493223.0,2212548.0,0.0,1592.0,0.0,33397716.0
129,4190.6473663291,1463.1257381283,3232.432,3176165569.0,570518473.0,2304985.0,2387825.0,12831.0,3077449.0,981868128.0,3473415.0,970476709.0,3365.0,1761560.0,1764483.0,0.0,1490.0,0.0,32890929.0
130,4197.6277793738,1511.3916082319,15000.0,3293499476.0,652230107.0,2563131.0,2511030.0,2820.0,3722490.0,978803819.0,4054685.0,991525205.0,1918.0,1615768.0,1817101.0,0.0,1774.0,0.0,32833226.0
131,4197.5297609996,1508.9131197469,15000.0,2899438179.0,550044457.0,2406415.0,2510880.0,8562.0,3174701.0,972612507.0,3370163.0,989113461.0,5049.0,1354545.0,2151214.0,0.0,1548.0,0.0,32532414.0
132,4195.8917525497,1531.188164739,9.053,3249059020.0,629493302.0,2498998.0,2498015.0,4038.0,3706789.0,997279709.0,4032340.0,997230604.0,3032.0,1575472.0,1846706.0,0.0,1748.0,0.0,33332984.0
133,4196.1516856298,1517.0215128953,9.543,3140089719.0,631023011.0,2467570.0,2421891.0,3254.0,3642503.0,973981918.0,3839554.0,965034204.0,1430.0,1770821.0,1784386.0,0.0,1566.0,0.0,32624499.0
134,4202.4618967275,2694.0729555464,8.461,8390647557.0,1650385934.0,7004136.0,6934789.0,2879.0,9459796.0,2551665466.0,9791272.0,2556627683.0,1279.0,4179176.0,5472312.0,0.0,4515.0,0.0,85353840.0
135,4208.512576412,4212.4092709685,8.384,9587057328.0,1895027258.0,8396860.0,7952588.0,700.0,11183914.0,2966334662.0,11347807.0,2983310514.0,578.0,4786836.0,6470760.0,0.0,5160.0,0.0,99131678.0
136,4209.3139669946,4209.2685426251,8.077,9635984797.0,1901780078.0,8378180.0,8380037.0,1308.0,11161967.0,2966567650.0,11356015.0,2967112589.0,475.0,4677209.0,6484884.0,0.0,5623.0,0.0,99179029.0
137,4208.4519841277,4208.5366369041,10.202,9582137528.0,1893942607.0,8092068.0,7942820.0,605.0,11199328.0,2963857282.0,11409091.0,2981272706.0,375.0,4733431.0,6487660.0,0.0,5028.0,0.0,99115611.0
138,4241.17877478,4248.0440282765,7.917,9602079116.0,1893419037.0,8252442.0,8254477.0,670.0,11526073.0,2965429195.0,11625412.0,2954263961.0,600.0,4804835.0,6608318.0,0.0,5342.0,0.0,99157076.0
139,4578.0834815679,4578.1273820095,10.486,9403279514.0,1862573380.0,7857858.0,7859196.0,1204.0,11645510.0,2954556931.0,11663873.0,2926862736.0,500.0,4890027.0,6648591.0,0.0,4883.0,0.0,99212258.0
140,4576.3342984892,4576.2712129273,8.694,9443636490.0,1867401858.0,7886135.0,7886550.0,4947.0,11811923.0,2966489219.0,11962725.0,2950641086.0,333.0,4895044.0,6644260.0,0.0,5651.0,0.0,99173345.0
141,4580.2742846643,4580.2485186214,7.792,9532059724.0,1880701231.0,7927254.0,7928425.0,511.0,11781637.0,2967067301.0,11994077.0,2946815448.0,462.0,5014648.0,6684023.0,0.0,5502.0,0.0,99185273.0
142,4579.8140667666,4579.8604401079,7.209,9530063088.0,1868432225.0,7894767.0,7893905.0,775.0,11905417.0,2963908405.0,11998435.0,2931645667.0,1089.0,5036555.0,6778313.0,0.0,5409.0,0.0,99147044.0
143,4581.0618231499,4581.0715990727,6.874,9607372358.0,1881557129.0,8285883.0,8292511.0,642.0,11890745.0,2967131362.0,12029584.0,2944394547.0,435.0,5047494.0,6787326.0,0.0,5319.0,0.0,99143933.0
144,4579.8947989559,4579.8761776733,14.173,9591131717.0,1867761833.0,7893104.0,7896733.0,807.0,11949411.0,2967206877.0,12031954.0,2934544631.0,575.0,5043233.0,6778517.0,0.0,5533.0,0.0,99166879.0
145,4579.3094559352,4579.4044557069,10.381,9593221992.0,1888398672.0,8284211.0,8285657.0,635.0,11789707.0,2964276758.0,12026432.0,2943396772.0,361.0,5065066.0,6843892.0,0.0,5248.0,0.0,99125202.0
146,4580.9746373997,4580.8944386316,11.735,9584580622.0,1886618657.0,7924447.0,7925921.0,295.0,11896445.0,2965867082.0,12051832.0,2930891889.0,550.0,5049321.0,6877729.0,0.0,5368.0,0.0,99122803.0
147,4580.5980534939,4580.6559592476,13.626,9596966115.0,1888846132.0,7934190.0,7896409.0,3051.0,11907518.0,2966093547.0,12037664.0,2929308244.0,463.0,5021799.0,6892891.0,0.0,5483.0,0.0,99138247.0
148,4837.7062252817,4893.4543726849,2482.471,9079800473.0,1794865549.0,8233401.0,8232027.0,600.0,13658331.0,2963897920.0,13667231.0,2841242916.0,604.0,5746215.0,7673289.0,0.0,5727.0,0.0,99133510.0
149,7566.4572595016,7566.5563524736,11.869,8929284469.0,1759705807.0,7752423.0,7709251.0,1095.0,13963130.0,2948861178.0,14536159.0,2753444339.0,550.0,6061089.0,8240861.0,0.0,5452.0,0.0,99258411.0
150,7549.2306404806,6258.6670842589,9.737,9614657267.0,1903728761.0,7414071.0,7418046.0,2977.0,10681600.0,2964002212.0,10950154.0,3026814565.0,2028.0,4552003.0,6042599.0,0.0,5030.0,0.0,99138763.0
151,7554.0992794119,6710.4394388745,12.259,9063850265.0,1787586907.0,8103233.0,8109318.0,1790.0,13847866.0,2967427642.0,14135114.0,2795809587.0,1475.0,5752307.0,7726468.0,0.0,5868.0,0.0,99167401.0
152,7566.1319364864,7566.1508896228,15000.0,8692557393.0,1717961412.0,7783506.0,7789244.0,1135.0,15501895.0,2965208355.0,15770167.0,2693757915.0,3126.0,6603766.0,8801391.0,0.0,6141.0,0.0,99120227.0
153,7567.3471308178,7567.2735810085,15000.0,8700755124.0,1718035152.0,7969123.0,7974292.0,860.0,15601585.0,2966732273.0,15828272.0,2708110782.0,722.0,6617832.0,8715261.0,0.0,6312.0,0.0,99142843.0
154,7432.4343444471,6305.4407183061,2788.23,5470162158.0,1109855190.0,4622812.0,4864192.0,13620.0,7968145.0,2076917479.0,9205277.0,1890968455.0,18733.0,3825158.0,4823216.0,0.0,3308.0,0.0,69953250.0
155,7528.4561143353,2566.5969701685,15000.0,4904363027.0,949997065.0,3675319.0,3600700.0,8109.0,5468062.0,1487600966.0,5694372.0,1487696556.0,3688.0,2566240.0,3176446.0,0.0,2554.0,0.0,49795407.0
156,7533.8467072192,2759.5062897098,15000.0,4853379294.0,957038860.0,3683287.0,3691064.0,2564.0,5681649.0,1491930954.0,5999617.0,1523418823.0,2689.0,2419976.0,3048039.0,0.0,2753.0,0.0,49926416.0
157,7531.7690615029,2827.1197966775,2231.751,4794441739.0,949180318.0,3649474.0,3640799.0,1924.0,5699088.0,1471196554.0,5809654.0,1503645048.0,1802.0,2393087.0,3077455.0,0.0,2826.0,0.0,49226697.0
158,7581.7806626188,2828.2751854671,15000.0,4900567215.0,947934335.0,3652901.0,3657239.0,1862.0,5700074.0,1469673164.0,6156307.0,1511658575.0,8918.0,2672809.0,3157782.0,0.0,2764.0,0.0,49148726.0
159,8002.5668893399,2908.3047091058,15000.0,4780126500.0,950657317.0,3670573.0,3664154.0,1636.0,5990758.0,1493014498.0,6222604.0,1507018294.0,1357.0,2707392.0,3350449.0,0.0,2587.0,0.0,49877517.0
160,8006.4052575135,2805.4761764816,2385.846,4649639344.0,924316166.0,4162176.0,4161273.0,1978.0,5712894.0,1447584005.0,5953328.0,1492852048.0,1781.0,2245518.0,3005297.0,0.0,1937.0,0.0,48710293.0
161,8014.227324463,2975.5225549524,15000.0,4987511226.0,965495820.0,3713292.0,3739716.0,1933.0,6056662.0,1507209308.0,6092208.0,1536089562.0,1222.0,2777728.0,3300484.0,0.0,2644.0,0.0,50413937.0
162,8001.9861105822,3025.3839371409,15000.0,4754585648.0,941145204.0,4099032.0,4079652.0,3400.0,5877906.0,1466369549.0,5984813.0,1486260203.0,1560.0,2538671.0,3185936.0,0.0,2756.0,0.0,49032628.0
163,8012.3063876391,3041.197979186,15000.0,4742668655.0,937302268.0,3633864.0,3624294.0,3223.0,5980954.0,1473335847.0,6420200.0,1457430722.0,1447.0,2721207.0,3280318.0,0.0,2644.0,0.0,49282329.0
164,8017.2501079686,3261.3915995734,15000.0,4710497921.0,919564618.0,3588630.0,3398653.0,31675.0,4998851.0,1599984264.0,4837014.0,1148649726.0,46618.0,2089649.0,2830423.0,0.0,2367.0,0.0,53812905.0
165,8004.7044934786,990.1975590491,15000.0,15693012.0,2949378.0,10397.0,10712.0,217854.0,328587.0,740258300.0,352014.0,4440306.0,124977.0,173682.0,186199.0,0.0,1173.0,0.0,24779036.0
166,8016.6763689455,412.32318318696,4234.506,20431523.0,3878327.0,12764.0,13168.0,187873.0,461516.0,737621187.0,506154.0,7370871.0,118563.0,186306.0,217890.0,0.0,1215.0,0.0,24662085.0
167,8004.7539413517,955.49491026373,15000.0,2336016883.0,469388914.0,1749780.0,1791385.0,5989.0,3115310.0,748077316.0,3077824.0,705337692.0,10173.0,1386224.0,1546505.0,0.0,1098.0,0.0,25018197.0
168,7924.630963937,1274.3342255128,15000.0,2046182155.0,420491257.0,1588160.0,1664337.0,9626.0,3027791.0,736115999.0,2769085.0,618145812.0,3325.0,1405633.0,1641174.0,0.0,1098.0,0.0,24601743.0
169,7288.7803146032,1351.3765679565,15000.0,2345799525.0,467766576.0,1764875.0,1815522.0,4281.0,3065168.0,734129619.0,2991935.0,677897145.0,1819.0,1397219.0,1605774.0,0.0,1062.0,0.0,24538587.0
170,7287.4091793808,1032.151425359,15000.0,829087216.0,180538319.0,719277.0,820012.0,125923.0,1734529.0,739123252.0,1670357.0,298655448.0,110431.0,199238.0,566079.0,0.0,933.0,0.0,24722214.0
171,7300.9839100755,420.66808646206,15000.0,20961738.0,3915504.0,13204.0,13416.0,183978.0,455111.0,726850906.0,470782.0,7906095.0,114957.0,199048.0,215984.0,0.0,1157.0,0.0,24325109.0
172,7283.2333327575,855.13201266626,15000.0,2398098410.0,458368128.0,2627838.0,2557290.0,4557.0,2844661.0,740408750.0,2903050.0,566686925.0,40168.0,979230.0,1162917.0,0.0,1219.0,0.0,24758235.0
173,7284.0264340562,1241.9329903902,15000.0,2451712567.0,469704498.0,1761600.0,1683028.0,5947.0,2835295.0,753855990.0,3316413.0,751123300.0,2653.0,1419852.0,1640532.0,0.0,1049.0,0.0,25255808.0
174,7275.2901789913,1278.7726265115,2719.433,3783355622.0,725344290.0,2750428.0,2722835.0,7298.0,4444141.0,1138891026.0,4341194.0,1107054385.0,2395.0,1816756.0,2271622.0,0.0,1972.0,0.0,38067310.0
175,7287.4044646354,4548.1159444197,2597.984,9797430982.0,1927894617.0,7873294.0,7872819.0,2106.0,9784994.0,2963402669.0,10010020.0,3076680663.0,2902.0,4188585.0,5514796.0,0.0,5205.0,0.0,99117433.0
176,7301.7490561199,5447.1883727414,7.955,9892317533.0,1953044935.0,7556797.0,7555052.0,1971.0,9925272.0,2966090807.0,10186802.0,3067957901.0,2125.0,4333565.0,5517397.0,0.0,4911.0,0.0,99161755.0
177,7300.4994181802,5571.6200800486,9.046,9868921645.0,1932734602.0,7966661.0,7967729.0,2417.0,10053938.0,2964560089.0,10202707.0,3045454201.0,1401.0,4327375.0,5597224.0,0.0,5208.0,0.0,99152484.0
178,7106.5371253497,5656.5740886179,8.608,9707478383.0,1884063771.0,8114955.0,8120258.0,1510.0,11336601.0,2966243058.0,11582821.0,2976408208.0,1522.0,4858567.0,6337376.0,0.0,5041.0,0.0,99173067.0
179,5030.0441680921,5029.9696224743,8.352,9436965860.0,1847499776.0,8390147.0,8399860.0,1122.0,12668791.0,2966626032.0,12746693.0,2885882306.0,1013.0,5382740.0,7282995.0,0.0,5685.0,0.0,99134716.0
180,5029.6375713404,5029.6992130774,10.087,9399918610.0,1851415961.0,8526015.0,8531911.0,1379.0,12317013.0,2954392569.0,12513748.0,2883836210.0,826.0,5323829.0,7263590.0,0.0,5677.0,0.0,99204256.0
181,5028.2517115128,5028.2179778588,7.472,9440034136.0,1858120196.0,8352974.0,8354251.0,685.0,12602752.0,2964737902.0,12877153.0,2894346550.0,625.0,5382397.0,7301523.0,0.0,5693.0,0.0,99152077.0
182,5029.8163378709,5029.8247109413,8.64,9447899497.0,1858184942.0,7897639.0,8189152.0,678.0,12613865.0,2967356726.0,12877570.0,2881455806.0,488.0,5383171.0,7293150.0,0.0,5525.0,0.0,99181371.0
183,5029.7861218081,5029.7247766537,7.693,9284530955.0,1835462486.0,8159242.0,8258764.0,435.0,12629523.0,2965237404.0,12892072.0,2896519110.0,3740.0,5413553.0,7312799.0,0.0,5631.0,0.0,99167527.0
184,5029.8293394503,5029.9108768163,7.44,9370349902.0,1847463953.0,7895262.0,7898106.0,879.0,12715701.0,2966972616.0,12877052.0,2878855288.0,342.0,5313863.0,7293751.0,0.0,5460.0,0.0,99184438.0
185,5030.5041666621,5030.478666325,9.254,9271029209.0,1833630649.0,8229967.0,8261680.0,1082.0,12737757.0,2965354442.0,12892228.0,2879248327.0,225.0,5325857.0,7262948.0,0.0,5399.0,0.0,99132451.0
186,5030.5885287188,5030.6318258653,10.652,9287231390.0,1834446601.0,8213419.0,8213379.0,340.0,12771998.0,2966971718.0,12956326.0,2889274274.0,333.0,5328149.0,7313687.0,0.0,5297.0,0.0,99142453.0
187,5031.8230812564,5031.7803976816,9.68,9351975371.0,1844591078.0,7890542.0,7889426.0,561.0,12639028.0,2963972274.0,12911536.0,2878082285.0,338.0,5357442.0,7248504.0,0.0,5485.0,0.0,99128413.0
188,5165.6504748539,5194.8112052491,9.174,9094641822.0,1796895712.0,8242181.0,8232858.0,405.0,13747888.0,2963289027.0,13986292.0,2825208239.0,288.0,5784785.0,7781654.0,0.0,5436.0,0.0,99114351.0
189,6590.3840120101,6590.4401980333,11.917,8936510339.0,1761990340.0,7839220.0,7838796.0,545.0,14760232.0,2966452615.0,15059029.0,2760619846.0,236.0,6287679.0,8339258.0,0.0,6244.0,0.0,99170753.0
190,6591.2151349527,6591.1681671652,8.771,9051886141.0,1769569302.0,7710281.0,7721136.0,1073.0,14675708.0,2957530552.0,14819523.0,2750439111.0,550.0,6279310.0,8360843.0,0.0,5733.0,0.0,99206325.0
191,6587.0348800704,6559.0848806656,10.426,9010099457.0,1753740294.0,7792238.0,7795381.0,996.0,14805047.0,2966070570.0,14961979.0,2767651025.0,854.0,6284012.0,8323156.0,0.0,6142.0,0.0,99160864.0
192,6590.0936459241,6590.1821369858,9.181,9013455399.0,1763574627.0,7841897.0,7842015.0,948.0,14858702.0,2967624133.0,14974612.0,2747695051.0,538.0,6274434.0,8417260.0,0.0,6220.0,0.0,99161859.0
193,6592.1523273091,6592.0818925907,10.595,9006322473.0,1771728988.0,7799354.0,7799644.0,901.0,14740875.0,2966657549.0,14976780.0,2749944484.0,438.0,6286780.0,8473102.0,0.0,5835.0,0.0,99113113.0
194,6589.7980099443,6589.8162381588,9.725,9003972963.0,1772206560.0,7837678.0,7839068.0,500.0,14757605.0,2965624603.0,15002727.0,2760974574.0,764.0,6328494.0,8501677.0,0.0,6093.0,0.0,99133195.0
195,6589.3583319357,6589.3537091429,13.728,8988426296.0,1768641798.0,8289857.0,8667719.0,3351.0,14671929.0,2964690245.0,14972397.0,2745339767.0,538.0,6340614.0,8499962.0,0.0,5836.0,0.0,99134252.0
196,6592.0506625555,6591.9933987071,9.264,8868460099.0,1752349704.0,7799704.0,7804996.0,485.0,14773710.0,2964073155.0,15044677.0,2759363075.0,1118.0,6343197.0,8484537.0,0.0,6085.0,0.0,99134063.0
197,6591.195067483,6591.2049817664,8.035,8929764795.0,1760886713.0,7832991.0,7840382.0,632.0,14794839.0,2965102501.0,14999299.0,2743661618.0,569.0,6207076.0,8517459.0,0.0,5910.0,0.0,99101895.0
198,6411.8222408718,6373.2138436557,9.126,9097867460.0,1798498626.0,7823599.0,7863694.0,1154.0,13461464.0,2966270566.0,13626059.0,2833636732.0,350.0,5680750.0,7745223.0,0.0,5735.0,0.0,99154504.0
199,4525.5498188197,4525.558949211,8.963,9432998879.0,1863953464.0,8221337.0,8221710.0,330.0,12048938.0,2967236733.0,12177261.0,2934754069.0,333.0,5040512.0,6922235.0,0.0,5573.0,0.0,99158548.0
200,4526.9037375583,4526.9656561179,6.707,9498342622.0,1872134815.0,7907767.0,7907228.0,895.0,12024272.0,2965544035.0,12250994.0,2920361730.0,263.0,5025095.0,6822957.0,0.0,5568.0,0.0,99145735.0
201,4523.8062368502,4523.8074812975,9.213,9374178546.0,1855831836.0,8217446.0,8213068.0,1574.0,11835120.0,2957262500.0,11962913.0,2939044765.0,788.0,4966278.0,6750716.0,0.0,4696.0,0.0,99176886.0
202,4526.480969354,4526.4362649769,8.458,9510733553.0,1875400963.0,7915544.0,7915353.0,785.0,12013117.0,2966710061.0,12201429.0,2935943554.0,695.0,5089240.0,6794404.0,0.0,5285.0,0.0,99163690.0
203,4526.4742672426,4526.4227340012,8.263,9505626863.0,1863194519.0,7862981.0,7864508.0,728.0,12078873.0,2965910503.0,12195117.0,2922292984.0,138.0,5118170.0,6874254.0,0.0,5568.0,0.0,99128659.0
204,4526.7538431907,4526.78876846,8.218,9560818723.0,1861005668.0,8520060.0,8516852.0,380.0,12124003.0,2965174260.0,12253911.0,2933900851.0,1087.0,5126213.0,6824274.0,0.0,5389.0,0.0,99137409.0
205,4526.69254128,4526.7220341041,6.346,9564321783.0,1872269882.0,8333316.0,8341991.0,593.0,12103075.0,2967381303.0,12205811.0,2919083941.0,798.0,5091826.0,6917946.0,0.0,5352.0,0.0,99150915.0
206,4525.0842183829,4525.0323447508,9.462,9570274697.0,1883338579.0,7864281.0,7862349.0,982.0,11989759.0,2966183878.0,12216498.0,2920225600.0,450.0,5106488.0,6933609.0,0.0,5191.0,0.0,99150446.0
207,4525.5985581487,4525.6140963139,9.484,9554822298.0,1881037206.0,7904023.0,7902943.0,500.0,12051824.0,2966661042.0,12276220.0,2930182902.0,625.0,5145214.0,6977556.0,0.0,5600.0,0.0,99162028.0
208,4561.4690367679,4568.8623326854,8.112,9508390963.0,1870961093.0,7899432.0,8358734.0,578.0,12306315.0,2966822340.0,12521657.0,2899662823.0,413.0,5281401.0,7139669.0,0.0,5702.0,0.0,99175860.0
209,4920.4057291714,4920.344201777,9.453,9288979559.0,1836018887.0,7848702.0,7854954.0,475.0,12615113.0,2963447928.0,12916090.0,2891596617.0,297.0,5404657.0,7303372.0,0.0,5428.0,0.0,99155334.0
210,4919.5798505818,4919.5900183551,9.907,9361737969.0,1846481707.0,8338925.0,7887587.0,481.0,12707356.0,2967124210.0,12863939.0,2879632767.0,347.0,5333643.0,7327059.0,0.0,5507.0,0.0,99159606.0
211,4915.307138134,4915.3055606385,7.063,9282676113.0,1828047450.0,8518998.0,8241536.0,1888.0,12344847.0,2956145285.0,12723859.0,2881069250.0,1314.0,5168844.0,7118480.0,0.0,4810.0,0.0,99106205.0
212,4920.2669833896,4920.2501844762,9.303,9309475044.0,1839785799.0,8571933.0,8571644.0,500.0,12600241.0,2964261444.0,12760514.0,2901454855.0,375.0,5251591.0,7225324.0,0.0,5435.0,0.0,99155766.0
