router,2,3,4,0,0,0,0,0,0,0,0,W,0,0,0,0,0,0,0,0
ndpi_stat,3,2,5,0,0,0,0,0,0,0,0,W,0,0,0,0,0,0,0,0
payload_scan,4,4,6,0,0,0,0,0,0,0,0,W,0,0,0,0,0,0,0,0
bridge,5,5,7,0,0,0,0,0,0,0,0,W,0,0,0,0,0,0,0,0
firewall,1,1,3,53,0,53,0,0,0,0,0,W,0,0,0,0,0,0,0,0
router,2,3,4,0,0,0,0,0,0,0,0,W,0,0,0,0,0,0,0,0
ndpi_stat,3,2,5,0,0,0,0,0,0,0,0,W,0,0,0,0,0,0,0,0
payload_scan,4,4,6,0,0,0,0,0,0,0,0,W,0,0,0,0,0,0,0,0
bridge,5,5,7,0,0,0,0,0,0,0,0,W,0,0,0,0,0,0,0,0
firewall,1,1,3,304824,304884,304884,304884,0,304884,0,0,W,0,48232,0,48232,0,0,0,0
router,2,3,4,304891,304891,304891,304891,0,304891,0,0,W,0,0,0,0,0,0,0,0
ndpi_stat,3,2,5,304902,304902,304902,304902,0,304902,0,0,W,0,0,0,0,0,0,0,0
payload_scan,4,4,6,304913,304913,304913,304913,0,304913,0,0,W,0,0,0,0,0,0,0,0
bridge,5,5,7,304932,304932,304932,304932,304932,0,0,0,W,0,0,0,0,0,0,0,0
firewall,1,1,3,355517,355517,660408,660408,0,660408,0,0,W,0,0,0,48232,0,0,0,0
router,2,3,4,355545,355545,660447,660447,0,660447,0,0,W,0,0,0,0,0,0,0,0
ndpi_stat,3,2,5,355568,355568,660481,660481,0,660481,0,0,W,0,0,0,0,0,0,0,0
payload_scan,4,4,6,355561,355561,660493,660493,0,660493,0,0,W,0,0,0,0,0,0,0,0
bridge,5,5,7,355566,355566,660505,660505,660505,0,0,0,W,0,0,0,0,0,0,0,0
firewall,1,1,3,353239,353239,1013686,1013686,0,1013686,0,0,W,0,0,0,48232,0,0,0,0
router,2,3,4,353236,353232,1013717,1013713,0,1013713,0,0,W,0,0,0,0,0,0,0,0
ndpi_stat,3,2,5,353243,353241,1013736,1013734,0,1013736,0,0,W,0,0,0,0,0,0,0,0
payload_scan,4,4,6,353231,353231,1013736,1013736,0,1013736,0,0,W,0,0,0,0,0,0,0,0
bridge,5,5,7,353256,353254,1013765,1013763,1013763,0,0,0,W,0,0,0,0,0,0,0,0
firewall,1,1,3,354502,354502,1368219,1368219,0,1368219,0,0,W,0,0,0,48232,0,0,0,0
router,2,3,4,354518,354518,1368252,1368252,0,1368252,0,0,W,0,0,0,0,0,0,0,0
ndpi_stat,3,2,5,354523,354536,1368272,1368272,0,1368272,0,0,W,0,0,0,0,0,0,0,0
payload_scan,4,4,6,354519,354519,1368284,1368284,0,1368284,0,0,W,0,0,0,0,0,0,0,0
bridge,5,5,7,354526,354526,1368293,1368293,1368293,0,0,0,W,0,0,0,0,0,0,0,0
firewall,1,1,3,353852,353852,1722104,1722104,0,1722104,0,0,W,0,0,0,48232,0,0,0,0
router,2,3,4,353855,353855,1722127,1722127,0,1722127,0,0,W,0,0,0,0,0,0,0,0
ndpi_stat,3,2,5,353864,353862,1722150,1722148,0,1722148,0,0,W,0,0,0,0,0,0,0,0
payload_scan,4,4,6,353863,353863,1722156,1722156,0,1722156,0,0,W,0,0,0,0,0,0,0,0
bridge,5,5,7,353866,353866,1722163,1722163,1722163,0,0,0,W,0,0,0,0,0,0,0,0
firewall,1,1,3,354079,354079,2076206,2076206,0,2076206,0,0,W,0,0,0,48232,0,0,0,0
router,2,3,4,354075,354077,2076223,2076223,0,2076223,0,0,W,0,0,0,0,0,0,0,0
ndpi_stat,3,2,5,354079,354075,2076237,2076231,0,2076231,0,0,W,0,0,0,0,0,0,0,0
payload_scan,4,4,6,354080,354080,2076243,2076243,0,2076243,0,0,W,0,0,0,0,0,0,0,0
bridge,5,5,7,354080,354080,2076256,2076256,2076256,0,0,0,W,0,0,0,0,0,0,0,0
firewall,1,1,3,695683,695683,2771906,2771906,0,2771906,0,0,W,0,0,0,48232,0,0,0,0
router,2,3,4,695783,695775,2772014,2772006,0,2772006,0,0,W,0,0,0,0,0,0,0,0
ndpi_stat,3,2,5,695831,695831,2772074,2772074,0,2772074,0,0,W,0,0,0,0,0,0,0,0
payload_scan,4,4,6,695846,695846,2772102,2772102,0,2772102,0,0,W,0,0,0,0,0,0,0,0
bridge,5,5,7,695884,695884,2772146,2772146,2772146,0,0,0,W,0,0,0,0,0,0,0,0
firewall,1,1,3,1651832,1651832,4423846,4423846,0,4423846,0,0,W,0,0,0,48232,0,0,0,0
router,2,3,4,1651912,1651916,4423982,4423978,0,4423982,0,0,W,0,0,0,0,0,0,0,0
ndpi_stat,3,2,5,1651912,1651912,4424014,4424014,0,4424014,0,0,W,0,0,0,0,0,0,0,0
payload_scan,4,4,6,1651916,1651912,4424062,4424058,0,4424058,0,0,W,0,0,0,0,0,0,0,0
bridge,5,5,7,1651900,1651904,4424110,4424102,4424102,0,0,0,W,0,0,0,0,0,0,0,0
firewall,1,1,3,1651652,1651652,6075638,6075638,0,6075638,0,0,W,0,0,0,48232,0,0,0,0
router,2,3,4,1651713,1651721,6075727,6075727,0,6075727,0,0,W,0,0,0,0,0,0,0,0
ndpi_stat,3,2,5,1651688,1651688,6075754,6075754,0,6075754,0,0,W,0,0,0,0,0,0,0,0
payload_scan,4,4,6,1651673,1651673,6075783,6075783,0,6075783,0,0,W,0,0,0,0,0,0,0,0
bridge,5,5,7,1651673,1651673,6075823,6075823,6075823,0,0,0,W,0,0,0,0,0,0,0,0
firewall,1,1,3,1649904,1649879,7725638,7725606,0,7725606,0,0,W,0,0,0,48232,0,0,0,0
router,2,3,4,1649950,1649950,7725702,7725702,0,7725702,0,0,W,0,0,0,0,0,0,0,0
ndpi_stat,3,2,5,1652095,1652083,7727878,7727866,0,7727866,0,0,W,0,0,0,0,0,0,0,0
payload_scan,4,4,6,1652091,1652079,7727914,7727902,0,7727902,0,0,W,0,0,0,0,0,0,0,0
bridge,5,5,7,1652080,1652080,7727942,7727942,7727942,0,0,0,W,0,0,0,0,0,0,0,0
firewall,1,1,3,1655232,1655232,9380966,9380966,0,9380966,0,0,W,0,0,0,48232,0,0,0,0
router,2,3,4,1653224,1653224,9381090,9381090,0,9381090,0,0,W,0,0,0,0,0,0,0,0
ndpi_stat,3,2,5,1653200,1653212,9381126,9381126,0,9381126,0,0,W,0,0,0,0,0,0,0,0
payload_scan,4,4,6,1653216,1653212,9381158,9381154,0,9381154,0,0,W,0,0,0,0,0,0,0,0
bridge,5,5,7,1653168,1653168,9381194,9381194,9381194,0,0,0,W,0,0,0,0,0,0,0,0
firewall,1,1,3,1651800,1651800,11032890,11032890,0,11032890,0,0,W,0,0,0,48232,0,0,0,0
router,2,3,4,1652024,1652020,11033150,11033146,0,11033146,0,0,W,0,0,0,0,0,0,0,0
ndpi_stat,3,2,5,1652044,1652048,11033206,11033206,0,11033206,0,0,W,0,0,0,0,0,0,0,0
payload_scan,4,4,6,1652052,1652048,11033246,11033242,0,11033242,0,0,W,0,0,0,0,0,0,0,0
bridge,5,5,7,1652073,1652073,11033275,11033275,11033275,0,0,0,W,0,0,0,0,0,0,0,0
firewall,1,1,3,1650544,1650544,12683694,12683694,0,12683694,0,0,W,0,0,0,48232,0,0,0,0
router,2,3,4,1650608,1650604,12683814,12683810,0,12683810,0,0,W,0,0,0,0,0,0,0,0
ndpi_stat,3,2,5,1650599,1650599,12683845,12683845,0,12683845,0,0,W,0,0,0,0,0,0,0,0
payload_scan,4,4,6,1650593,1650593,12683868,12683868,0,12683868,0,0,W,0,0,0,0,0,0,0,0
bridge,5,5,7,1650556,1650556,12683914,12683914,12683914,0,0,0,W,0,0,0,0,0,0,0,0
firewall,1,1,3,1653389,1653389,14337206,14337206,0,14337206,0,0,W,0,0,0,48232,0,0,0,0
router,2,3,4,1653521,1653521,14337366,14337366,0,14337366,0,0,W,0,0,0,0,0,0,0,0
ndpi_stat,3,2,5,1653551,1653554,14337426,14337422,0,14337422,0,0,W,0,0,0,0,0,0,0,0
payload_scan,4,4,6,1653540,1653540,14337454,14337454,0,14337454,0,0,W,0,0,0,0,0,0,0,0
bridge,5,5,7,1653526,1653526,14337486,14337486,14337486,0,0,0,W,0,0,0,0,0,0,0,0
firewall,1,1,3,1633369,1633363,15970739,15970733,0,15970739,0,0,W,0,0,0,48232,0,0,0,0
router,2,3,4,1633392,1633392,15970814,15970814,0,15970814,0,0,W,0,0,0,0,0,0,0,0
ndpi_stat,3,2,5,1633390,1633390,15970844,15970844,0,15970844,0,0,W,0,0,0,0,0,0,0,0
payload_scan,4,4,6,1633388,1633387,15970874,15970873,0,15970873,0,0,W,0,0,0,0,0,0,0,0
bridge,5,5,7,1633363,1633363,15970901,15970901,15970901,0,0,0,W,0,0,0,0,0,0,0,0
firewall,1,1,3,1655752,1655752,17626570,17626570,0,17626570,0,0,W,0,0,0,48232,0,0,0,0
router,2,3,4,1655830,1655830,17626674,17626674,0,17626674,0,0,W,0,0,0,0,0,0,0,0
ndpi_stat,3,2,5,1655845,1655845,17626719,17626719,0,17626719,0,0,W,0,0,0,0,0,0,0,0
payload_scan,4,4,6,1655857,1655857,17626758,17626758,0,17626758,0,0,W,0,0,0,0,0,0,0,0
bridge,5,5,7,1655875,1655875,17626810,17626810,17626810,0,0,0,W,0,0,0,0,0,0,0,0
firewall,1,1,3,1960416,1960424,19587098,19587098,0,19587098,0,0,W,0,0,0,48232,0,0,0,0
router,2,3,4,1960535,1960535,19587254,19587254,0,19587254,0,0,W,0,0,0,0,0,0,0,0
ndpi_stat,3,2,5,1960540,1960544,19587302,19587302,0,19587302,0,0,W,0,0,0,0,0,0,0,0
payload_scan,4,4,6,1960564,1960568,19587378,19587378,0,19587378,0,0,W,0,0,0,0,0,0,0,0
bridge,5,5,7,1960583,1960577,19587418,19587410,19587410,0,0,0,W,0,0,0,0,0,0,0,0
firewall,1,1,3,2750216,2750216,22337474,22337474,0,22337474,0,0,W,0,0,0,48232,0,0,0,0
router,2,3,4,2750304,2750304,22337606,22337606,0,22337606,0,0,W,0,0,0,0,0,0,0,0
ndpi_stat,3,2,5,2750300,2750300,22337678,22337678,0,22337678,0,0,W,0,0,0,0,0,0,0,0
payload_scan,4,4,6,2750316,2750296,22337734,22337714,0,22337714,0,0,W,0,0,0,0,0,0,0,0
bridge,5,5,7,2750340,2750340,22337794,22337794,22337794,0,0,0,W,0,0,0,0,0,0,0,0
firewall,1,1,3,2753756,2753752,25091362,25091358,0,25091358,0,0,W,0,0,0,48232,0,0,0,0
router,2,3,4,2753792,2753792,25091470,25091470,0,25091470,0,0,W,0,0,0,0,0,0,0,0
ndpi_stat,3,2,5,2753784,2753788,25091530,25091530,0,25091530,0,0,W,0,0,0,0,0,0,0,0
payload_scan,4,4,6,2753804,2753804,25091598,25091598,0,25091598,0,0,W,0,0,0,0,0,0,0,0
bridge,5,5,7,2753772,2753772,25091622,25091618,25091618,0,0,0,W,0,0,0,0,0,0,0,0
firewall,1,1,3,2755700,2755700,27847178,27847178,0,27847178,0,0,W,0,0,0,48232,0,0,0,0
router,2,3,4,2755768,2755768,27847298,27847298,0,27847298,0,0,W,0,0,0,0,0,0,0,0
ndpi_stat,3,2,5,2757208,2757208,27848810,27848806,0,27848806,0,0,W,0,0,0,0,0,0,0,0
payload_scan,4,4,6,2757240,2757244,27848862,27848862,0,27848862,0,0,W,0,0,0,0,0,0,0,0
bridge,5,5,7,2757248,2757220,27848902,27848874,27848874,0,0,0,W,0,0,0,0,0,0,0,0
firewall,1,1,3,2755976,2755976,30603278,30603278,0,30603278,0,0,W,0,0,0,48232,0,0,0,0
router,2,3,4,2754616,2754620,30603422,30603422,0,30603422,0,0,W,0,0,0,0,0,0,0,0
ndpi_stat,3,2,5,2754596,2754604,30603466,30603466,0,30603466,0,0,W,0,0,0,0,0,0,0,0
payload_scan,4,4,6,2754605,2754606,30603515,30603508,0,30603508,0,0,W,0,0,0,0,0,0,0,0
bridge,5,5,7,2754608,2754608,30603558,30603558,30603558,0,0,0,W,0,0,0,0,0,0,0,0
firewall,1,1,3,2752032,2752032,33355454,33355454,0,33355454,0,0,W,0,0,0,48232,0,0,0,0
router,2,3,4,2752100,2752092,33355566,33355558,0,33355558,0,0,W,0,0,0,0,0,0,0,0
ndpi_stat,3,2,5,2752092,2752092,33355610,33355610,0,33355610,0,0,W,0,0,0,0,0,0,0,0
payload_scan,4,4,6,2752082,2752084,33355642,33355642,0,33355642,0,0,W,0,0,0,0,0,0,0,0
bridge,5,5,7,2752100,2752100,33355698,33355698,33355698,0,0,0,W,0,0,0,0,0,0,0,0
firewall,1,1,3,2756724,2756724,36112290,36112290,0,36112290,0,0,W,0,0,0,48232,0,0,0,0
router,2,3,4,2756908,2756908,36112518,36112518,0,36112518,0,0,W,0,0,0,0,0,0,0,0
ndpi_stat,3,2,5,2757028,2757028,36112674,36112674,0,36112674,0,0,W,0,0,0,0,0,0,0,0
payload_scan,4,4,6,2757016,2757024,36112722,36112722,0,36112722,0,0,W,0,0,0,0,0,0,0,0
bridge,5,5,7,2757020,2757020,36112778,36112778,36112778,0,0,0,W,0,0,0,0,0,0,0,0
firewall,1,1,3,2756384,2756388,38868910,38868910,0,38868910,0,0,W,0,0,0,48232,0,0,0,0
router,2,3,4,2756380,2756376,38869054,38869050,0,38869050,0,0,W,0,0,0,0,0,0,0,0
ndpi_stat,3,2,5,2756384,2756392,38869114,38869114,0,38869114,0,0,W,0,0,0,0,0,0,0,0
payload_scan,4,4,6,2756376,2756376,38869154,38869154,0,38869154,0,0,W,0,0,0,0,0,0,0,0
bridge,5,5,7,2756372,2756392,38869198,38869198,38869198,0,0,0,W,0,0,0,0,0,0,0,0
firewall,1,1,3,2755272,2755272,41624330,41624326,0,41624326,0,0,W,0,0,0,48232,0,0,0,0
router,2,3,4,2755392,2755396,41624506,41624506,0,41624506,0,0,W,0,0,0,0,0,0,0,0
ndpi_stat,3,2,5,2755396,2755400,41624554,41624554,0,41624554,0,0,W,0,0,0,0,0,0,0,0
payload_scan,4,4,6,2755404,2755396,41624602,41624594,0,41624594,0,0,W,0,0,0,0,0,0,0,0
bridge,5,5,7,2755388,2755388,41624642,41624642,41624642,0,0,0,W,0,0,0,0,0,0,0,0
firewall,1,1,3,2746456,2746448,44370966,44370958,0,44370966,0,0,W,0,0,0,48232,0,0,0,0
router,2,3,4,2746648,2746648,44371202,44371202,0,44371202,0,0,W,0,0,0,0,0,0,0,0
ndpi_stat,3,2,5,2746672,2746668,44371278,44371270,0,44371270,0,0,W,0,0,0,0,0,0,0,0
payload_scan,4,4,6,2746696,2746696,44371338,44371338,0,44371338,0,0,W,0,0,0,0,0,0,0,0
bridge,5,5,7,2746708,2746708,44371378,44371378,44371378,0,0,0,W,0,0,0,0,0,0,0,0
firewall,1,1,3,2092087,2092091,46463293,46463293,0,46463293,0,0,W,0,0,0,48232,0,0,0,0
router,2,3,4,2092033,2092033,46463303,46463303,0,46463303,0,0,W,0,0,0,0,0,0,0,0
ndpi_stat,3,2,5,2091991,2091995,46463333,46463333,0,46463333,0,0,W,0,0,0,0,0,0,0,0
payload_scan,4,4,6,2091973,2091973,46463351,46463351,0,46463351,0,0,W,0,0,0,0,0,0,0,0
bridge,5,5,7,2091929,2091925,46463367,46463363,46463363,0,0,0,W,0,0,0,0,0,0,0,0
firewall,1,1,3,504580,504578,46967891,46967889,0,46967889,0,0,W,0,0,0,48232,0,0,0,0
router,2,3,4,504590,504590,46967923,46967923,0,46967923,0,0,W,0,0,0,0,0,0,0,0
ndpi_stat,3,2,5,504594,504594,46967945,46967945,0,46967945,0,0,W,0,0,0,0,0,0,0,0
payload_scan,4,4,6,504585,504584,46967952,46967951,0,46967952,0,0,W,0,0,0,0,0,0,0,0
bridge,5,5,7,504582,504582,46967959,46967959,46967959,0,0,0,W,0,0,0,0,0,0,0,0
firewall,1,1,3,503257,503257,47471180,47471180,0,47471180,0,0,W,0,0,0,48232,0,0,0,0
router,2,3,4,503256,503256,47471201,47471201,0,47471201,0,0,W,0,0,0,0,0,0,0,0
ndpi_stat,3,2,5,503261,503261,47471213,47471213,0,47471213,0,0,W,0,0,0,0,0,0,0,0
payload_scan,4,4,6,503268,503268,47471227,47471227,0,47471227,0,0,W,0,0,0,0,0,0,0,0
bridge,5,5,7,503266,503266,47471236,47471236,47471236,0,0,0,W,0,0,0,0,0,0,0,0
firewall,1,1,3,503672,503671,47974873,47974872,0,47974872,0,0,W,0,0,0,48232,0,0,0,0
router,2,3,4,503684,503682,47974897,47974895,0,47974895,0,0,W,0,0,0,0,0,0,0,0
ndpi_stat,3,2,5,503992,503992,47975219,47975219,0,47975219,0,0,W,0,0,0,0,0,0,0,0
payload_scan,4,4,6,503993,503993,47975231,47975229,0,47975229,0,0,W,0,0,0,0,0,0,0,0
bridge,5,5,7,503992,503992,47975235,47975235,47975235,0,0,0,W,0,0,0,0,0,0,0,0
firewall,1,1,3,504382,504382,48479279,48479279,0,48479279,0,0,W,0,0,0,48232,0,0,0,0
router,2,3,4,504082,504082,48479301,48479301,0,48479301,0,0,W,0,0,0,0,0,0,0,0
ndpi_stat,3,2,5,504087,504087,48479318,48479318,0,48479318,0,0,W,0,0,0,0,0,0,0,0
payload_scan,4,4,6,504090,504090,48479325,48479325,0,48479325,0,0,W,0,0,0,0,0,0,0,0
bridge,5,5,7,504095,504095,48479334,48479334,48479334,0,0,0,W,0,0,0,0,0,0,0,0
firewall,1,1,3,504131,504131,48983435,48983435,0,48983435,0,0,W,0,0,0,48232,0,0,0,0
router,2,3,4,504128,504128,48983446,48983446,0,48983446,0,0,W,0,0,0,0,0,0,0,0
ndpi_stat,3,2,5,504121,504124,48983449,48983449,0,48983449,0,0,W,0,0,0,0,0,0,0,0
payload_scan,4,4,6,504124,504123,48983458,48983457,0,48983457,0,0,W,0,0,0,0,0,0,0,0
bridge,5,5,7,504119,504119,48983467,48983467,48983467,0,0,0,W,0,0,0,0,0,0,0,0
firewall,1,1,3,503147,503147,49486593,49486593,0,49486593,0,0,W,0,0,0,48232,0,0,0,0
router,2,3,4,503165,503165,49486614,49486614,0,49486614,0,0,W,0,0,0,0,0,0,0,0
ndpi_stat,3,2,5,503165,503165,49486623,49486623,0,49486623,0,0,W,0,0,0,0,0,0,0,0
payload_scan,4,4,6,503164,503166,49486633,49486633,0,49486633,0,0,W,0,0,0,0,0,0,0,0
bridge,5,5,7,503159,503159,49486639,49486639,49486639,0,0,0,W,0,0,0,0,0,0,0,0
firewall,1,1,3,503282,503282,49989896,49989896,0,49989896,0,0,W,0,0,0,48232,0,0,0,0
router,2,3,4,503317,503317,49989940,49989940,0,49989940,0,0,W,0,0,0,0,0,0,0,0
ndpi_stat,3,2,5,503321,503319,49989954,49989952,0,49989954,0,0,W,0,0,0,0,0,0,0,0
payload_scan,4,4,6,503325,503325,49989964,49989964,0,49989964,0,0,W,0,0,0,0,0,0,0,0
bridge,5,5,7,503321,503321,49989970,49989970,49989970,0,0,0,W,0,0,0,0,0,0,0,0
firewall,1,1,3,504413,504413,50494356,50494356,0,50494356,0,0,W,0,0,0,48232,0,0,0,0
router,2,3,4,504444,504444,50494396,50494396,0,50494396,0,0,W,0,0,0,0,0,0,0,0
ndpi_stat,3,2,5,504444,504444,50494408,50494408,0,50494408,0,0,W,0,0,0,0,0,0,0,0
payload_scan,4,4,6,504450,504450,50494420,50494420,0,50494420,0,0,W,0,0,0,0,0,0,0,0
bridge,5,5,7,504461,504461,50494439,50494439,50494439,0,0,0,W,0,0,0,0,0,0,0,0
firewall,1,1,3,499744,499746,50994142,50994142,0,50994142,0,0,W,0,0,0,48232,0,0,0,0
router,2,3,4,499754,499754,50994162,50994162,0,50994162,0,0,W,0,0,0,0,0,0,0,0
ndpi_stat,3,2,5,499754,499754,50994176,50994176,0,50994176,0,0,W,0,0,0,0,0,0,0,0
payload_scan,4,4,6,499743,499743,50994182,50994182,0,50994182,0,0,W,0,0,0,0,0,0,0,0
bridge,5,5,7,499744,499743,50994194,50994193,50994193,0,0,0,W,0,0,0,0,0,0,0,0
firewall,1,1,3,1362876,1362876,52357038,52357038,0,52357038,0,0,W,0,0,0,48232,0,0,0,0
router,2,3,4,1363002,1362998,52357178,52357174,0,52357174,0,0,W,0,0,0,0,0,0,0,0
ndpi_stat,3,2,5,1363060,1363056,52357242,52357238,0,52357242,0,0,W,0,0,0,0,0,0,0,0
payload_scan,4,4,6,1363084,1363072,52357278,52357266,0,52357274,0,0,W,0,0,0,0,0,0,0,0
bridge,5,5,7,1363136,1363136,52357334,52357334,52357334,0,0,0,W,0,0,0,0,0,0,0,0
firewall,1,1,3,3327112,3327108,55684290,55684286,0,55684286,0,0,W,0,0,0,48232,0,0,0,0
router,2,3,4,3327180,3327176,55684418,55684414,0,55684414,0,0,W,0,0,0,0,0,0,0,0
ndpi_stat,3,2,5,3327192,3327192,55684470,55684470,0,55684470,0,0,W,0,0,0,0,0,0,0,0
payload_scan,4,4,6,3327180,3327180,55684514,55684514,0,55684514,0,0,W,0,0,0,0,0,0,0,0
bridge,5,5,7,3327188,3327188,55684578,55684578,55684578,0,0,0,W,0,0,0,0,0,0,0,0
firewall,1,1,3,3323132,3323140,59007558,59007558,0,59007558,0,0,W,0,0,0,48232,0,0,0,0
router,2,3,4,3323284,3323280,59007754,59007746,0,59007746,0,0,W,0,0,0,0,0,0,0,0
ndpi_stat,3,2,5,3323316,3323304,59007842,59007826,0,59007831,0,0,W,0,0,0,0,0,0,0,0
payload_scan,4,4,6,3323312,3323316,59007894,59007894,0,59007894,0,0,W,0,0,0,0,0,0,0,0
bridge,5,5,7,3323292,3323292,59007922,59007922,59007922,0,0,0,W,0,0,0,0,0,0,0,0
firewall,1,1,3,3333312,3333312,62341082,62341082,0,62341082,0,0,W,0,0,0,48232,0,0,0,0
router,2,3,4,3333384,3333384,62341210,62341210,0,62341210,0,0,W,0,0,0,0,0,0,0,0
ndpi_stat,3,2,5,3335136,3335132,62343034,62343030,0,62343030,0,0,W,0,0,0,0,0,0,0,0
payload_scan,4,4,6,3335184,3335184,62343106,62343106,0,62343106,0,0,W,0,0,0,0,0,0,0,0
bridge,5,5,7,3335148,3335136,62343146,62343134,62343134,0,0,0,W,0,0,0,0,0,0,0,0
firewall,1,1,3,3329792,3329788,65671010,65671006,0,65671006,0,0,W,0,0,0,48232,0,0,0,0
router,2,3,4,3328088,3328100,65671118,65671118,0,65671118,0,0,W,0,0,0,0,0,0,0,0
ndpi_stat,3,2,5,3328096,3328096,65671210,65671202,0,65671202,0,0,W,0,0,0,0,0,0,0,0
payload_scan,4,4,6,3328108,3328112,65671258,65671258,0,65671258,0,0,W,0,0,0,0,0,0,0,0
bridge,5,5,7,3328120,3328092,65671310,65671282,65671282,0,0,0,W,0,0,0,0,0,0,0,0
firewall,1,1,3,3328292,3328292,68999418,68999418,0,68999418,0,0,W,0,0,0,48232,0,0,0,0
router,2,3,4,3328432,3328444,68999634,68999634,0,68999634,0,0,W,0,0,0,0,0,0,0,0
ndpi_stat,3,2,5,3328472,3328480,68999754,68999738,0,68999738,0,0,W,0,0,0,0,0,0,0,0
payload_scan,4,4,6,3328488,3328488,68999798,68999798,0,68999798,0,0,W,0,0,0,0,0,0,0,0
bridge,5,5,7,3328444,3328448,68999870,68999870,68999870,0,0,0,W,0,0,0,0,0,0,0,0
firewall,1,1,3,3329092,3329092,72328774,72328774,0,72328774,0,0,W,0,0,0,48232,0,0,0,0
router,2,3,4,3329176,3329176,72328914,72328914,0,72328914,0,0,W,0,0,0,0,0,0,0,0
ndpi_stat,3,2,5,3329204,3329204,72329002,72329002,0,72329002,0,0,W,0,0,0,0,0,0,0,0
payload_scan,4,4,6,3329180,3329192,72329062,72329062,0,72329062,0,0,W,0,0,0,0,0,0,0,0
bridge,5,5,7,3329212,3329236,72329142,72329142,72329142,0,0,0,W,0,0,0,0,0,0,0,0
firewall,1,1,3,3331912,3331916,75660850,75660850,0,75660850,0,0,W,0,0,0,48232,0,0,0,0
router,2,3,4,3331960,3331964,75660962,75660962,0,75660962,0,0,W,0,0,0,0,0,0,0,0
ndpi_stat,3,2,5,3331972,3331960,75661038,75661026,0,75661026,0,0,W,0,0,0,0,0,0,0,0
payload_scan,4,4,6,3331936,3331936,75661078,75661078,0,75661078,0,0,W,0,0,0,0,0,0,0,0
bridge,5,5,7,3331960,3331956,75661158,75661154,75661154,0,0,0,W,0,0,0,0,0,0,0,0
firewall,1,1,3,3329364,3329368,78990346,78990342,0,78990346,0,0,W,0,0,0,48232,0,0,0,0
router,2,3,4,3329456,3329456,78990482,78990482,0,78990482,0,0,W,0,0,0,0,0,0,0,0
ndpi_stat,3,2,5,3329488,3329480,78990586,78990570,0,78990570,0,0,W,0,0,0,0,0,0,0,0
payload_scan,4,4,6,3329456,3329456,78990614,78990614,0,78990614,0,0,W,0,0,0,0,0,0,0,0
bridge,5,5,7,3329504,3329480,78990706,78990682,78990682,0,0,0,W,0,0,0,0,0,0,0,0
firewall,1,1,3,3311416,3311424,82301926,82301926,0,82301926,0,0,W,0,0,0,48232,0,0,0,0
router,2,3,4,3311476,3311476,82302046,82302034,0,82302034,0,0,W,0,0,0,0,0,0,0,0
ndpi_stat,3,2,5,3311444,3311444,82302102,82302082,0,82302082,0,0,W,0,0,0,0,0,0,0,0
payload_scan,4,4,6,3311432,3311432,82302138,82302138,0,82302138,0,0,W,0,0,0,0,0,0,0,0
bridge,5,5,7,3311404,3311420,82302202,82302202,82302202,0,0,0,W,0,0,0,0,0,0,0,0
firewall,1,1,3,2420759,2420767,84722813,84722813,0,84722813,0,0,W,0,0,0,48232,0,0,0,0
router,2,3,4,2420754,2420754,84722836,84722836,0,84722836,0,0,W,0,0,0,0,0,0,0,0
ndpi_stat,3,2,5,2420686,2420706,84722844,84722844,0,84722844,0,0,W,0,0,0,0,0,0,0,0
payload_scan,4,4,6,2420648,2420648,84722850,84722850,0,84722850,0,0,W,0,0,0,0,0,0,0,0
bridge,5,5,7,2420602,2420602,84722856,84722856,84722856,0,0,0,W,0,0,0,0,0,0,0,0
firewall,1,1,3,441459,441459,85164296,85164296,0,85164296,0,0,W,0,0,0,48232,0,0,0,0
router,2,3,4,441502,441502,85164346,85164346,0,85164346,0,0,W,0,0,0,0,0,0,0,0
ndpi_stat,3,2,5,441510,441510,85164360,85164360,0,85164360,0,0,W,0,0,0,0,0,0,0,0
payload_scan,4,4,6,441510,441510,85164366,85164366,0,85164366,0,0,W,0,0,0,0,0,0,0,0
bridge,5,5,7,441509,441509,85164371,85164371,85164371,0,0,0,W,0,0,0,0,0,0,0,0
firewall,1,1,3,442417,442420,85606767,85606767,0,85606767,0,0,W,0,0,0,48232,0,0,0,0
router,2,3,4,442429,442429,85606789,85606789,0,85606789,0,0,W,0,0,0,0,0,0,0,0
ndpi_stat,3,2,5,442434,442432,85606800,85606798,0,85606798,0,0,W,0,0,0,0,0,0,0,0
payload_scan,4,4,6,442432,442432,85606803,85606803,0,85606803,0,0,W,0,0,0,0,0,0,0,0
bridge,5,5,7,442432,442433,85606807,85606807,85606807,0,0,0,W,0,0,0,0,0,0,0,0
firewall,1,1,3,441889,441889,86048678,86048678,0,86048678,0,0,W,0,0,0,48232,0,0,0,0
router,2,3,4,442164,442164,86048962,86048962,0,86048962,0,0,W,0,0,0,0,0,0,0,0
ndpi_stat,3,2,5,442168,442164,86048971,86048967,0,86048971,0,0,W,0,0,0,0,0,0,0,0
payload_scan,4,4,6,442169,442171,86048978,86048978,0,86048978,0,0,W,0,0,0,0,0,0,0,0
bridge,5,5,7,442167,442165,86048984,86048982,86048982,0,0,0,W,0,0,0,0,0,0,0,0
firewall,1,1,3,442221,442221,86491183,86491183,0,86491183,0,0,W,0,0,0,48232,0,0,0,0
router,2,3,4,442229,442229,86491196,86491196,0,86491196,0,0,W,0,0,0,0,0,0,0,0
ndpi_stat,3,2,5,442224,442224,86491202,86491202,0,86491202,0,0,W,0,0,0,0,0,0,0,0
payload_scan,4,4,6,442221,442221,86491205,86491205,0,86491205,0,0,W,0,0,0,0,0,0,0,0
bridge,5,5,7,442224,442224,86491209,86491209,86491209,0,0,0,W,0,0,0,0,0,0,0,0
firewall,1,1,3,439898,439898,86931094,86931094,0,86931094,0,0,W,0,0,0,48232,0,0,0,0
router,2,3,4,439924,439925,86931126,86931126,0,86931126,0,0,W,0,0,0,0,0,0,0,0
ndpi_stat,3,2,5,439928,439928,86931133,86931133,0,86931133,0,0,W,0,0,0,0,0,0,0,0
payload_scan,4,4,6,439928,439926,86931137,86931135,0,86931135,0,0,W,0,0,0,0,0,0,0,0
bridge,5,5,7,439922,439922,86931139,86931139,86931139,0,0,0,W,0,0,0,0,0,0,0,0
firewall,1,1,3,442808,442808,87373937,87373937,0,87373937,0,0,W,0,0,0,48232,0,0,0,0
router,2,3,4,442839,442840,87373972,87373972,0,87373972,0,0,W,0,0,0,0,0,0,0,0
ndpi_stat,3,2,5,442854,442851,87373991,87373988,0,87373988,0,0,W,0,0,0,0,0,0,0,0
payload_scan,4,4,6,442858,442858,87373997,87373997,0,87373997,0,0,W,0,0,0,0,0,0,0,0
bridge,5,5,7,442860,442860,87374005,87374005,87374005,0,0,0,W,0,0,0,0,0,0,0,0
firewall,1,1,3,442842,442842,87816814,87816814,0,87816814,0,0,W,0,0,0,48232,0,0,0,0
router,2,3,4,442844,442844,87816832,87816832,0,87816832,0,0,W,0,0,0,0,0,0,0,0
ndpi_stat,3,2,5,442838,442840,87816837,87816837,0,87816837,0,0,W,0,0,0,0,0,0,0,0
payload_scan,4,4,6,442838,442838,87816843,87816843,0,87816843,0,0,W,0,0,0,0,0,0,0,0
bridge,5,5,7,442837,442837,87816846,87816846,87816846,0,0,0,W,0,0,0,0,0,0,0,0
firewall,1,1,3,440697,440697,88257529,88257529,0,88257529,0,0,W,0,0,0,48232,0,0,0,0
router,2,3,4,440716,440715,88257553,88257552,0,88257553,0,0,W,0,0,0,0,0,0,0,0
ndpi_stat,3,2,5,440718,440718,88257562,88257562,0,88257562,0,0,W,0,0,0,0,0,0,0,0
payload_scan,4,4,6,440718,440720,88257566,88257566,0,88257566,0,0,W,0,0,0,0,0,0,0,0
bridge,5,5,7,440722,440722,88257574,88257574,88257574,0,0,0,W,0,0,0,0,0,0,0,0
firewall,1,1,3,442459,442459,88700013,88700013,0,88700013,0,0,W,0,0,0,48232,0,0,0,0
router,2,3,4,442461,442461,88700023,88700023,0,88700023,0,0,W,0,0,0,0,0,0,0,0
ndpi_stat,3,2,5,442465,442465,88700031,88700031,0,88700031,0,0,W,0,0,0,0,0,0,0,0
payload_scan,4,4,6,442464,442465,88700041,88700039,0,88700041,0,0,W,0,0,0,0,0,0,0,0
bridge,5,5,7,442463,442465,88700051,88700051,88700051,0,0,0,W,0,0,0,0,0,0,0,0
firewall,1,1,3,1019693,1019693,89719718,89719718,0,89719718,0,0,W,0,0,0,48232,0,0,0,0
router,2,3,4,1019756,1019756,89719787,89719787,0,89719787,0,0,W,0,0,0,0,0,0,0,0
ndpi_stat,3,2,5,1019801,1019799,89719843,89719840,0,89719840,0,0,W,0,0,0,0,0,0,0,0
payload_scan,4,4,6,1019820,1019820,89719871,89719871,0,89719871,0,0,W,0,0,0,0,0,0,0,0
bridge,5,5,7,1019846,1019846,89719903,89719903,89719903,0,0,0,W,0,0,0,0,0,0,0,0
firewall,1,1,3,2227084,2227080,91946874,91946870,0,91946870,0,0,W,0,0,0,48232,0,0,0,0
router,2,3,4,2227168,2227160,91947008,91947000,0,91947000,0,0,W,0,0,0,0,0,0,0,0
ndpi_stat,3,2,5,2227190,2227191,91947066,91947064,0,91947066,0,0,W,0,0,0,0,0,0,0,0
payload_scan,4,4,6,2227202,2227202,91947105,91947105,0,91947105,0,0,W,0,0,0,0,0,0,0,0
bridge,5,5,7,2227209,2227209,91947155,91947155,91947155,0,0,0,W,0,0,0,0,0,0,0,0
firewall,1,1,3,2229100,2229102,94176119,94176119,0,94176119,0,0,W,0,0,0,48232,0,0,0,0
router,2,3,4,2229133,2229133,94176197,94176197,0,94176197,0,0,W,0,0,0,0,0,0,0,0
ndpi_stat,3,2,5,2229129,2229130,94176237,94176235,0,94176236,0,0,W,0,0,0,0,0,0,0,0
payload_scan,4,4,6,2229105,2229099,94176260,94176254,0,94176254,0,0,W,0,0,0,0,0,0,0,0
bridge,5,5,7,2229084,2229090,94176286,94176284,94176286,0,0,0,W,0,0,0,0,0,0,0,0
firewall,1,1,3,2228571,2228571,96404770,96404770,0,96404770,0,0,W,0,0,0,48232,0,0,0,0
router,2,3,4,2228639,2228639,96404874,96404874,0,96404874,0,0,W,0,0,0,0,0,0,0,0
ndpi_stat,3,2,5,2229884,2229880,96406146,96406142,0,96406142,0,0,W,0,0,0,0,0,0,0,0
payload_scan,4,4,6,2229920,2229916,96406206,96406202,0,96406206,0,0,W,0,0,0,0,0,0,0,0
bridge,5,5,7,2229916,2229916,96406226,96406226,96406226,0,0,0,W,0,0,0,0,0,0,0,0
firewall,1,1,3,2228453,2228456,98633330,98633330,0,98633330,0,0,W,0,0,0,48232,0,0,0,0
router,2,3,4,2227297,2227297,98633439,98633439,0,98633439,0,0,W,0,0,0,0,0,0,0,0
ndpi_stat,3,2,5,2227270,2227270,98633476,98633476,0,98633476,0,0,W,0,0,0,0,0,0,0,0
payload_scan,4,4,6,2227276,2227276,98633502,98633502,0,98633502,0,0,W,0,0,0,0,0,0,0,0
bridge,5,5,7,2227329,2227326,98633567,98633564,98633564,0,0,0,W,0,0,0,0,0,0,0,0
firewall,1,1,3,2223872,2223874,100857316,100857316,0,100857316,0,0,W,0,0,0,48232,0,0,0,0
router,2,3,4,2223919,2223921,100857395,100857395,0,100857395,0,0,W,0,0,0,0,0,0,0,0
ndpi_stat,3,2,5,2223939,2223937,100857441,100857439,0,100857439,0,0,W,0,0,0,0,0,0,0,0
payload_scan,4,4,6,2223890,2223893,100857457,100857457,0,100857457,0,0,W,0,0,0,0,0,0,0,0
bridge,5,5,7,2223894,2223894,100857475,100857475,100857475,0,0,0,W,0,0,0,0,0,0,0,0
firewall,1,1,3,2223422,2223420,103080820,103080815,0,103080815,0,0,W,0,0,0,48232,0,0,0,0
router,2,3,4,2223470,2223473,103080909,103080909,0,103080909,0,0,W,0,0,0,0,0,0,0,0
ndpi_stat,3,2,5,2223480,2223480,103080937,103080937,0,103080937,0,0,W,0,0,0,0,0,0,0,0
payload_scan,4,4,6,2223488,2223488,103080970,103080963,0,103080963,0,0,W,0,0,0,0,0,0,0,0
bridge,5,5,7,2223502,2223509,103081019,103081019,103081019,0,0,0,W,0,0,0,0,0,0,0,0
firewall,1,1,3,1692224,1675841,104773135,104756752,0,104756752,0,0,W,0,534918,0,583150,0,0,0,0
router,2,3,4,1675815,1675815,104756752,104756752,0,104756752,0,0,W,0,0,0,0,0,0,0,0
ndpi_stat,3,2,5,1675782,1675782,104756752,104756752,0,104756752,0,0,W,0,0,0,0,0,0,0,0
payload_scan,4,4,6,1675730,1675733,104756752,104756752,0,104756752,0,0,W,0,0,0,0,0,0,0,0
bridge,5,5,7,1675701,1675702,104756752,104756752,104756752,0,0,0,W,0,0,0,0,0,0,0,0
firewall,1,1,3,617807,630991,105390942,105387743,0,105387743,0,0,W,0,1611118,0,2194268,0,0,0,0
router,2,3,4,630991,630991,105387743,105387743,0,105387743,0,0,W,0,0,0,0,0,0,0,0
ndpi_stat,3,2,5,630991,630991,105387743,105387743,0,105387743,0,0,W,0,0,0,0,0,0,0,0
payload_scan,4,4,6,630991,630991,105387743,105387743,0,105387743,0,0,W,0,0,0,0,0,0,0,0
bridge,5,5,7,630991,630991,105387743,105387743,105387743,0,0,0,W,0,0,0,0,0,0,0,0
firewall,1,1,3,631660,630785,106022663,106018528,0,106018528,0,0,W,0,1599974,0,3794242,0,0,0,0
router,2,3,4,630785,630785,106018528,106018528,0,106018528,0,0,W,0,0,0,0,0,0,0,0
ndpi_stat,3,2,5,630785,630785,106018528,106018528,0,106018528,0,0,W,0,0,0,0,0,0,0,0
payload_scan,4,4,6,630785,630785,106018528,106018528,0,106018528,0,0,W,0,0,0,0,0,0,0,0
bridge,5,5,7,630785,630785,106018528,106018528,106018528,0,0,0,W,0,0,0,0,0,0,0,0
firewall,1,1,3,351835,356031,106374559,106374559,0,106374559,0,0,W,0,1962297,0,5756539,0,0,0,0
router,2,3,4,356147,356147,106374675,106374675,0,106374675,0,0,W,0,0,0,0,0,0,0,0
ndpi_stat,3,2,5,356223,356223,106374751,106374751,0,106374751,0,0,W,0,0,0,0,0,0,0,0
payload_scan,4,4,6,356259,356255,106374787,106374783,0,106374787,0,0,W,0,0,0,0,0,0,0,0
bridge,5,5,7,356295,356295,106374823,106374823,106374823,0,0,0,W,0,0,0,0,0,0,0,0
firewall,1,1,3,659130,642747,107033805,107017422,0,107017422,0,0,W,0,1916170,0,7672709,0,0,0,0
router,2,3,4,642671,642671,107017422,107017422,0,107017422,0,0,W,0,0,0,0,0,0,0,0
ndpi_stat,3,2,5,642635,642635,107017422,107017422,0,107017422,0,0,W,0,0,0,0,0,0,0,0
payload_scan,4,4,6,642595,642599,107017422,107017422,0,107017422,0,0,W,0,0,0,0,0,0,0,0
bridge,5,5,7,642547,642547,107017422,107017422,107017422,0,0,0,W,0,0,0,0,0,0,0,0
firewall,1,1,3,663330,663330,107697135,107680752,0,107680752,0,0,W,0,1907741,0,9580450,0,0,0,0
router,2,3,4,663330,663330,107680752,107680752,0,107680752,0,0,W,0,0,0,0,0,0,0,0
ndpi_stat,3,2,5,663330,663330,107680752,107680752,0,107680752,0,0,W,0,0,0,0,0,0,0,0
payload_scan,4,4,6,663330,663330,107680752,107680752,0,107680752,0,0,W,0,0,0,0,0,0,0,0
bridge,5,5,7,663330,663330,107680752,107680752,107680752,0,0,0,W,0,0,0,0,0,0,0,0
firewall,1,1,3,667150,667150,108364285,108347902,0,108347902,0,0,W,0,1907630,0,11488080,0,0,0,0
router,2,3,4,667150,667150,108347902,108347902,0,108347902,0,0,W,0,0,0,0,0,0,0,0
ndpi_stat,3,2,5,667150,667150,108347902,108347902,0,108347902,0,0,W,0,0,0,0,0,0,0,0
payload_scan,4,4,6,667150,667150,108347902,108347902,0,108347902,0,0,W,0,0,0,0,0,0,0,0
bridge,5,5,7,667150,667150,108347902,108347902,108347902,0,0,0,W,0,0,0,0,0,0,0,0
firewall,1,1,3,665020,665017,109029305,109012919,0,109012922,0,0,W,0,1906092,0,13394172,0,0,0,0
router,2,3,4,665017,665017,109012919,109012919,0,109012919,0,0,W,0,0,0,0,0,0,0,0
ndpi_stat,3,2,5,665017,665017,109012919,109012919,0,109012919,0,0,W,0,0,0,0,0,0,0,0
payload_scan,4,4,6,665017,665017,109012919,109012919,0,109012919,0,0,W,0,0,0,0,0,0,0,0
bridge,5,5,7,665017,665017,109012919,109012919,109012919,0,0,0,W,0,0,0,0,0,0,0,0
firewall,1,1,3,668057,668060,109697362,109680979,0,109680979,0,0,W,0,1908171,0,15302343,0,0,0,0
router,2,3,4,668060,668060,109680979,109680979,0,109680979,0,0,W,0,0,0,0,0,0,0,0
ndpi_stat,3,2,5,668060,668060,109680979,109680979,0,109680979,0,0,W,0,0,0,0,0,0,0,0
payload_scan,4,4,6,668060,668060,109680979,109680979,0,109680979,0,0,W,0,0,0,0,0,0,0,0
bridge,5,5,7,668060,668060,109680979,109680979,109680979,0,0,0,W,0,0,0,0,0,0,0,0
firewall,1,1,3,675710,690001,110373072,110370980,0,110370980,0,0,W,0,1896615,0,17198958,0,0,0,0
router,2,3,4,690001,690001,110370980,110370980,0,110370980,0,0,W,0,0,0,0,0,0,0,0
ndpi_stat,3,2,5,690001,690001,110370980,110370980,0,110370980,0,0,W,0,0,0,0,0,0,0,0
payload_scan,4,4,6,690001,690001,110370980,110370980,0,110370980,0,0,W,0,0,0,0,0,0,0,0
bridge,5,5,7,690001,690001,110370980,110370980,110370980,0,0,0,W,0,0,0,0,0,0,0,0
firewall,1,1,3,1246972,1249134,111620114,111620114,0,111620114,0,0,W,0,1324350,0,18523308,0,0,0,0
router,2,3,4,1249258,1249258,111620238,111620238,0,111620238,0,0,W,0,0,0,0,0,0,0,0
ndpi_stat,3,2,5,1249303,1249303,111620283,111620283,0,111620283,0,0,W,0,0,0,0,0,0,0,0
payload_scan,4,4,6,1249353,1249352,111620333,111620332,0,111620333,0,0,W,0,0,0,0,0,0,0,0
bridge,5,5,7,1249374,1249374,111620354,111620354,111620354,0,0,0,W,0,0,0,0,0,0,0,0
firewall,1,1,3,2556900,2556908,114177146,114177146,0,114177146,0,0,W,0,0,0,18523308,0,0,0,0
router,2,3,4,2557075,2557071,114177358,114177354,0,114177354,0,0,W,0,0,0,0,0,0,0,0
ndpi_stat,3,2,5,2557119,2557116,114177454,114177449,0,114177449,0,0,W,0,0,0,0,0,0,0,0
payload_scan,4,4,6,2557138,2557141,114177495,114177495,0,114177495,0,0,W,0,0,0,0,0,0,0,0
bridge,5,5,7,2557165,2557165,114177547,114177547,114177547,0,0,0,W,0,0,0,0,0,0,0,0
firewall,1,1,3,2567768,2567772,116745130,116745130,0,116745130,0,0,W,0,0,0,18523308,0,0,0,0
router,2,3,4,2567825,2567840,116745274,116745270,0,116745270,0,0,W,0,0,0,0,0,0,0,0
ndpi_stat,3,2,5,2567849,2567851,116745346,116745346,0,116745346,0,0,W,0,0,0,0,0,0,0,0
payload_scan,4,4,6,2567851,2567851,116745398,116745398,0,116745398,0,0,W,0,0,0,0,0,0,0,0
bridge,5,5,7,2567861,2567866,116745445,116745445,116745445,0,0,0,W,0,0,0,0,0,0,0,0
firewall,1,1,3,2436196,2436196,119181470,119181470,0,119181470,0,0,W,0,0,0,18523308,0,0,0,0
router,2,3,4,2436224,2436222,119181570,119181568,0,119181568,0,0,W,0,0,0,0,0,0,0,0
ndpi_stat,3,2,5,2436219,2436223,119181621,119181621,0,119181621,0,0,W,0,0,0,0,0,0,0,0
payload_scan,4,4,6,2436330,2436333,119181786,119181778,0,119181778,0,0,W,0,0,0,0,0,0,0,0
bridge,5,5,7,2436343,2436338,119181830,119181825,119181825,0,0,0,W,0,0,0,0,0,0,0,0
firewall,1,1,3,2260344,2260348,121441918,121441918,0,121441918,0,0,W,0,0,0,18523308,0,0,0,0
router,2,3,4,2260477,2260480,121442098,121442098,0,121442098,0,0,W,0,0,0,0,0,0,0,0
ndpi_stat,3,2,5,2260378,2260377,121442169,121442168,0,121442169,0,0,W,0,0,0,0,0,0,0,0
payload_scan,4,4,6,2260380,2260380,121442210,121442210,0,121442210,0,0,W,0,0,0,0,0,0,0,0
bridge,5,5,7,2260334,2260334,121442249,121442249,121442249,0,0,0,W,0,0,0,0,0,0,0,0
firewall,1,1,3,2258371,2258376,123700474,123700474,0,123700474,0,0,W,0,0,0,18523308,0,0,0,0
router,2,3,4,2258414,2258414,123700582,123700582,0,123700582,0,0,W,0,0,0,0,0,0,0,0
ndpi_stat,3,2,5,2259611,2259601,123701821,123701811,0,123701811,0,0,W,0,0,0,0,0,0,0,0
payload_scan,4,4,6,2259606,2259606,123701855,123701855,0,123701855,0,0,W,0,0,0,0,0,0,0,0
bridge,5,5,7,2259587,2259587,123701876,123701876,123701876,0,0,0,W,0,0,0,0,0,0,0,0
firewall,1,1,3,2259320,2259312,125959914,125959906,0,125959906,0,0,W,0,0,0,18523308,0,0,0,0
router,2,3,4,2258227,2258227,125960038,125960038,0,125960038,0,0,W,0,0,0,0,0,0,0,0
ndpi_stat,3,2,5,2258232,2258228,125960097,125960090,0,125960097,0,0,W,0,0,0,0,0,0,0,0
payload_scan,4,4,6,2258257,2258260,125960136,125960136,0,125960136,0,0,W,0,0,0,0,0,0,0,0
bridge,5,5,7,2258287,2258287,125960179,125960179,125960179,0,0,0,W,0,0,0,0,0,0,0,0
firewall,1,1,3,2257467,2257476,128217514,128217514,0,128217514,0,0,W,0,0,0,18523308,0,0,0,0
router,2,3,4,2257528,2257528,128217618,128217618,0,128217618,0,0,W,0,0,0,0,0,0,0,0
ndpi_stat,3,2,5,2257564,2257564,128217702,128217702,0,128217702,0,0,W,0,0,0,0,0,0,0,0
payload_scan,4,4,6,2257582,2257582,128217761,128217761,0,128217761,0,0,W,0,0,0,0,0,0,0,0
bridge,5,5,7,2257580,2257580,128217796,128217796,128217796,0,0,0,W,0,0,0,0,0,0,0,0
firewall,1,1,3,2255852,2255856,130473490,130473490,0,130473490,0,0,W,0,0,0,18523308,0,0,0,0
router,2,3,4,2255896,2255892,130473598,130473594,0,130473602,0,0,W,0,0,0,0,0,0,0,0
ndpi_stat,3,2,5,2255901,2255893,130473664,130473654,0,130473654,0,0,W,0,0,0,0,0,0,0,0
payload_scan,4,4,6,2255931,2255931,130473727,130473727,0,130473727,0,0,W,0,0,0,0,0,0,0,0
bridge,5,5,7,2255934,2255935,130473778,130473778,130473778,0,0,0,W,0,0,0,0,0,0,0,0
firewall,1,1,3,2260061,2260061,132733659,132733659,0,132733659,0,0,W,0,0,0,18523308,0,0,0,0
router,2,3,4,2260155,2260155,132733809,132733809,0,132733809,0,0,W,0,0,0,0,0,0,0,0
ndpi_stat,3,2,5,2260154,2260154,132733882,132733882,0,132733882,0,0,W,0,0,0,0,0,0,0,0
payload_scan,4,4,6,2260221,2260218,132733999,132733996,0,132733996,0,0,W,0,0,0,0,0,0,0,0
bridge,5,5,7,2260233,2260240,132734052,132734052,132734052,0,0,0,W,0,0,0,0,0,0,0,0
firewall,1,1,3,2257170,2257171,134990980,134990980,0,134990980,0,0,W,0,0,0,18523308,0,0,0,0
router,2,3,4,2257299,2257307,134991181,134991181,0,134991181,0,0,W,0,0,0,0,0,0,0,0
ndpi_stat,3,2,5,2257244,2257225,134991243,134991224,0,134991229,0,0,W,0,0,0,0,0,0,0,0
payload_scan,4,4,6,2257221,2257221,134991273,134991273,0,134991273,0,0,W,0,0,0,0,0,0,0,0
bridge,5,5,7,2257245,2257243,134991329,134991327,134991327,0,0,0,W,0,0,0,0,0,0,0,0
firewall,1,1,3,2259100,2259113,137250294,137250294,0,137250294,0,0,W,0,0,0,18523308,0,0,0,0
router,2,3,4,2259216,2259216,137250440,137250440,0,137250440,0,0,W,0,0,0,0,0,0,0,0
ndpi_stat,3,2,5,2259205,2259205,137250480,137250480,0,137250480,0,0,W,0,0,0,0,0,0,0,0
payload_scan,4,4,6,2259201,2259203,137250530,137250530,0,137250530,0,0,W,0,0,0,0,0,0,0,0
bridge,5,5,7,2259201,2259214,137250569,137250569,137250569,0,0,0,W,0,0,0,0,0,0,0,0
firewall,1,1,3,2259651,2259651,139510094,139510094,0,139510094,0,0,W,0,0,0,18523308,0,0,0,0
router,2,3,4,2259683,2259683,139510163,139510163,0,139510163,0,0,W,0,0,0,0,0,0,0,0
ndpi_stat,3,2,5,2259664,2259664,139510194,139510194,0,139510194,0,0,W,0,0,0,0,0,0,0,0
payload_scan,4,4,6,2259648,2259647,139510217,139510216,0,139510217,0,0,W,0,0,0,0,0,0,0,0
bridge,5,5,7,2259659,2259659,139510250,139510250,139510250,0,0,0,W,0,0,0,0,0,0,0,0
firewall,1,1,3,1929407,1929409,141439575,141439575,0,141439575,0,0,W,0,0,0,18523308,0,0,0,0
router,2,3,4,1929432,1929435,141439626,141439626,0,141439626,0,0,W,0,0,0,0,0,0,0,0
ndpi_stat,3,2,5,1929429,1929429,141439646,141439646,0,141439646,0,0,W,0,0,0,0,0,0,0,0
payload_scan,4,4,6,1929436,1929436,141439686,141439686,0,141439686,0,0,W,0,0,0,0,0,0,0,0
bridge,5,5,7,1929444,1929444,141439718,141439718,141439718,0,0,0,W,0,0,0,0,0,0,0,0
firewall,1,1,3,606862,594082,142046488,142033708,0,142033708,0,0,W,0,701519,0,19224827,0,0,0,0
router,2,3,4,594062,594062,142033708,142033708,0,142033708,0,0,W,0,0,0,0,0,0,0,0
ndpi_stat,3,2,5,594022,594022,142033708,142033708,0,142033708,0,0,W,0,0,0,0,0,0,0,0
payload_scan,4,4,6,593984,593990,142033708,142033708,0,142033708,0,0,W,0,0,0,0,0,0,0,0
bridge,5,5,7,593969,593969,142033708,142033708,142033708,0,0,0,W,0,0,0,0,0,0,0,0
firewall,1,1,3,524421,537229,142570937,142570937,0,142570937,0,0,W,0,787192,0,20012019,0,0,0,0
router,2,3,4,537257,537257,142570965,142570965,0,142570965,0,0,W,0,0,0,0,0,0,0,0
ndpi_stat,3,2,5,537272,537272,142570980,142570980,0,142570980,0,0,W,0,0,0,0,0,0,0,0
payload_scan,4,4,6,537298,537293,142571006,142571001,0,142571001,0,0,W,0,0,0,0,0,0,0,0
bridge,5,5,7,537317,537315,142571025,142571023,142571025,0,0,0,W,0,0,0,0,0,0,0,0
firewall,1,1,3,537392,521011,143108359,143091976,0,143091976,0,0,W,0,771935,0,20783954,0,0,0,0
router,2,3,4,520996,520996,143091976,143091976,0,143091976,0,0,W,0,0,0,0,0,0,0,0
ndpi_stat,3,2,5,520970,520970,143091976,143091976,0,143091976,0,0,W,0,0,0,0,0,0,0,0
payload_scan,4,4,6,520951,520951,143091976,143091976,0,143091976,0,0,W,0,0,0,0,0,0,0,0
bridge,5,5,7,520929,520929,143091976,143091976,143091976,0,0,0,W,0,0,0,0,0,0,0,0
firewall,1,1,3,540313,540313,143648672,143632289,0,143632289,0,0,W,0,774235,0,21558189,0,0,0,0
router,2,3,4,540313,540313,143632289,143632289,0,143632289,0,0,W,0,0,0,0,0,0,0,0
ndpi_stat,3,2,5,540313,540313,143632289,143632289,0,143632289,0,0,W,0,0,0,0,0,0,0,0
payload_scan,4,4,6,540313,540313,143632289,143632289,0,143632289,0,0,W,0,0,0,0,0,0,0,0
bridge,5,5,7,540313,540313,143632289,143632289,143632289,0,0,0,W,0,0,0,0,0,0,0,0
firewall,1,1,3,539446,539446,144188118,144171735,0,144171735,0,0,W,0,768608,0,22326797,0,0,0,0
router,2,3,4,539446,539446,144171735,144171735,0,144171735,0,0,W,0,0,0,0,0,0,0,0
ndpi_stat,3,2,5,539446,539446,144171735,144171735,0,144171735,0,0,W,0,0,0,0,0,0,0,0
payload_scan,4,4,6,539446,539446,144171735,144171735,0,144171735,0,0,W,0,0,0,0,0,0,0,0
bridge,5,5,7,539446,539446,144171735,144171735,144171735,0,0,0,W,0,0,0,0,0,0,0,0
firewall,1,1,3,540083,540082,144728201,144711817,0,144711818,0,0,W,0,771798,0,23098595,0,0,0,0
router,2,3,4,540082,540082,144711817,144711817,0,144711817,0,0,W,0,0,0,0,0,0,0,0
ndpi_stat,3,2,5,540082,540082,144711817,144711817,0,144711817,0,0,W,0,0,0,0,0,0,0,0
payload_scan,4,4,6,540082,540082,144711817,144711817,0,144711817,0,0,W,0,0,0,0,0,0,0,0
bridge,5,5,7,540082,540082,144711817,144711817,144711817,0,0,0,W,0,0,0,0,0,0,0,0
firewall,1,1,3,539503,539504,145267704,145251321,0,145251321,0,0,W,0,769914,0,23868509,0,0,0,0
router,2,3,4,539504,539504,145251321,145251321,0,145251321,0,0,W,0,0,0,0,0,0,0,0
ndpi_stat,3,2,5,539504,539504,145251321,145251321,0,145251321,0,0,W,0,0,0,0,0,0,0,0
payload_scan,4,4,6,539504,539504,145251321,145251321,0,145251321,0,0,W,0,0,0,0,0,0,0,0
bridge,5,5,7,539504,539504,145251321,145251321,145251321,0,0,0,W,0,0,0,0,0,0,0,0
firewall,1,1,3,539969,539969,145807673,145791290,0,145791290,0,0,W,0,771284,0,24639793,0,0,0,0
router,2,3,4,539969,539969,145791290,145791290,0,145791290,0,0,W,0,0,0,0,0,0,0,0
ndpi_stat,3,2,5,539969,539969,145791290,145791290,0,145791290,0,0,W,0,0,0,0,0,0,0,0
payload_scan,4,4,6,539969,539969,145791290,145791290,0,145791290,0,0,W,0,0,0,0,0,0,0,0
bridge,5,5,7,539969,539969,145791290,145791290,145791290,0,0,0,W,0,0,0,0,0,0,0,0
firewall,1,1,3,540242,540242,146347915,146331532,0,146331532,0,0,W,0,775797,0,25415590,0,0,0,0
router,2,3,4,540242,540242,146331532,146331532,0,146331532,0,0,W,0,0,0,0,0,0,0,0
ndpi_stat,3,2,5,540242,540242,146331532,146331532,0,146331532,0,0,W,0,0,0,0,0,0,0,0
payload_scan,4,4,6,540242,540242,146331532,146331532,0,146331532,0,0,W,0,0,0,0,0,0,0,0
bridge,5,5,7,540242,540242,146331532,146331532,146331532,0,0,0,W,0,0,0,0,0,0,0,0
firewall,1,1,3,554644,554644,146902559,146886176,0,146886176,0,0,W,0,893253,0,26308843,0,0,0,0
router,2,3,4,554644,554644,146886176,146886176,0,146886176,0,0,W,0,0,0,0,0,0,0,0
ndpi_stat,3,2,5,554644,554644,146886176,146886176,0,146886176,0,0,W,0,0,0,0,0,0,0,0
payload_scan,4,4,6,554644,554644,146886176,146886176,0,146886176,0,0,W,0,0,0,0,0,0,0,0
bridge,5,5,7,554644,554644,146886176,146886176,146886176,0,0,0,W,0,0,0,0,0,0,0,0
firewall,1,1,3,1521722,1538105,148424281,148424281,0,148424281,0,0,W,0,163509,0,26472352,0,0,0,0
router,2,3,4,1538254,1538250,148424430,148424426,0,148424430,0,0,W,0,0,0,0,0,0,0,0
ndpi_stat,3,2,5,1539380,1539378,148425556,148425554,0,148425554,0,0,W,0,0,0,0,0,0,0,0
payload_scan,4,4,6,1539425,1539425,148425601,148425601,0,148425601,0,0,W,0,0,0,0,0,0,0,0
bridge,5,5,7,1539444,1539442,148425620,148425618,148425618,0,0,0,W,0,0,0,0,0,0,0,0
firewall,1,1,3,1693311,1693311,150117746,150117746,0,150117746,0,0,W,0,0,0,26472352,0,0,0,0
router,2,3,4,1692298,1692298,150117852,150117852,0,150117852,0,0,W,0,0,0,0,0,0,0,0
ndpi_stat,3,2,5,1692322,1692321,150117923,150117922,0,150117922,0,0,W,0,0,0,0,0,0,0,0
payload_scan,4,4,6,1692340,1692342,150117960,150117960,0,150117960,0,0,W,0,0,0,0,0,0,0,0
bridge,5,5,7,1692369,1692361,150118012,150118004,150118004,0,0,0,W,0,0,0,0,0,0,0,0
firewall,1,1,3,1692750,1692750,151810602,151810602,0,151810602,0,0,W,0,0,0,26472352,0,0,0,0
router,2,3,4,1692809,1692809,151810731,151810731,0,151810731,0,0,W,0,0,0,0,0,0,0,0
ndpi_stat,3,2,5,1692803,1692808,151810769,151810768,0,151810768,0,0,W,0,0,0,0,0,0,0,0
payload_scan,4,4,6,1692801,1692791,151810813,151810803,0,151810803,0,0,W,0,0,0,0,0,0,0,0
bridge,5,5,7,1692815,1692815,151810849,151810849,151810849,0,0,0,W,0,0,0,0,0,0,0,0
firewall,1,1,3,1689601,1689601,153500332,153500332,0,153500332,0,0,W,0,0,0,26472352,0,0,0,0
router,2,3,4,1689639,1689643,153500407,153500407,0,153500407,0,0,W,0,0,0,0,0,0,0,0
ndpi_stat,3,2,5,1689692,1689695,153500508,153500508,0,153500508,0,0,W,0,0,0,0,0,0,0,0
payload_scan,4,4,6,1689685,1689687,153500536,153500536,0,153500536,0,0,W,0,0,0,0,0,0,0,0
bridge,5,5,7,1689704,1689704,153500575,153500575,153500575,0,0,0,W,0,0,0,0,0,0,0,0
firewall,1,1,3,1689242,1689242,155189656,155189656,0,155189656,0,0,W,0,0,0,26472352,0,0,0,0
router,2,3,4,1689287,1689286,155189795,155189794,0,155189794,0,0,W,0,0,0,0,0,0,0,0
ndpi_stat,3,2,5,1689297,1689295,155189833,155189831,0,155189831,0,0,W,0,0,0,0,0,0,0,0
payload_scan,4,4,6,1689286,1689286,155189861,155189861,0,155189861,0,0,W,0,0,0,0,0,0,0,0
bridge,5,5,7,1689304,1689304,155189899,155189899,155189899,0,0,0,W,0,0,0,0,0,0,0,0
firewall,1,1,3,1691468,1691468,156881263,156881263,0,156881263,0,0,W,0,0,0,26472352,0,0,0,0
router,2,3,4,1691508,1691503,156881339,156881334,0,156881334,0,0,W,0,0,0,0,0,0,0,0
ndpi_stat,3,2,5,1691501,1691501,156881365,156881365,0,156881365,0,0,W,0,0,0,0,0,0,0,0
payload_scan,4,4,6,1691483,1691477,156881382,156881376,0,156881380,0,0,W,0,0,0,0,0,0,0,0
bridge,5,5,7,1691469,1691470,156881399,156881399,156881399,0,0,0,W,0,0,0,0,0,0,0,0
firewall,1,1,3,1688161,1688161,158569500,158569500,0,158569500,0,0,W,0,0,0,26472352,0,0,0,0
router,2,3,4,1688233,1688234,158569598,158569598,0,158569598,0,0,W,0,0,0,0,0,0,0,0
ndpi_stat,3,2,5,1688265,1688266,158569648,158569648,0,158569648,0,0,W,0,0,0,0,0,0,0,0
payload_scan,4,4,6,1688271,1688271,158569670,158569670,0,158569670,0,0,W,0,0,0,0,0,0,0,0
bridge,5,5,7,1688244,1688247,158569690,158569690,158569690,0,0,0,W,0,0,0,0,0,0,0,0
firewall,1,1,3,1691169,1691169,160260772,160260772,0,160260772,0,0,W,0,0,0,26472352,0,0,0,0
router,2,3,4,1691185,1691186,160260833,160260833,0,160260833,0,0,W,0,0,0,0,0,0,0,0
ndpi_stat,3,2,5,1691204,1691203,160260874,160260873,0,160260874,0,0,W,0,0,0,0,0,0,0,0
payload_scan,4,4,6,1691240,1691240,160260930,160260930,0,160260930,0,0,W,0,0,0,0,0,0,0,0
bridge,5,5,7,1691225,1691225,160260940,160260940,160260940,0,0,0,W,0,0,0,0,0,0,0,0
firewall,1,1,3,1687994,1687994,161948827,161948827,0,161948827,0,0,W,0,0,0,26472352,0,0,0,0
router,2,3,4,1688033,1688033,161948906,161948906,0,161948906,0,0,W,0,0,0,0,0,0,0,0
ndpi_stat,3,2,5,1688021,1688013,161948951,161948943,0,161948943,0,0,W,0,0,0,0,0,0,0,0
payload_scan,4,4,6,1688036,1688036,161948976,161948976,0,161948976,0,0,W,0,0,0,0,0,0,0,0
bridge,5,5,7,1688071,1688071,161949032,161949032,161949032,0,0,0,W,0,0,0,0,0,0,0,0
firewall,1,1,3,2195604,2195604,164144514,164144514,0,164144514,0,0,W,0,0,0,26472352,0,0,0,0
router,2,3,4,2195707,2195707,164144650,164144650,0,164144650,0,0,W,0,0,0,0,0,0,0,0
ndpi_stat,3,2,5,2195764,2195767,164144746,164144746,0,164144746,0,0,W,0,0,0,0,0,0,0,0
payload_scan,4,4,6,2195770,2195770,164144802,164144802,0,164144802,0,0,W,0,0,0,0,0,0,0,0
bridge,5,5,7,2197444,2197432,164146514,164146502,164146502,0,0,0,W,0,0,0,0,0,0,0,0
firewall,1,1,3,3075956,3075956,167220610,167220610,0,167220610,0,0,W,0,0,0,26472352,0,0,0,0
router,2,3,4,3075988,3075988,167220734,167220734,0,167220734,0,0,W,0,0,0,0,0,0,0,0
ndpi_stat,3,2,5,3076008,3076004,167220818,167220814,0,167220814,0,0,W,0,0,0,0,0,0,0,0
payload_scan,4,4,6,3074340,3074340,167220854,167220854,0,167220854,0,0,W,0,0,0,0,0,0,0,0
bridge,5,5,7,3074328,3074328,167220934,167220934,167220934,0,0,0,W,0,0,0,0,0,0,0,0
firewall,1,1,3,3085204,3085220,170305954,170305954,0,170305954,0,0,W,0,0,0,26472352,0,0,0,0
router,2,3,4,3085328,3085340,170306142,170306138,0,170306138,0,0,W,0,0,0,0,0,0,0,0
ndpi_stat,3,2,5,3085356,3085364,170306234,170306230,0,170306230,0,0,W,0,0,0,0,0,0,0,0
payload_scan,4,4,6,3085340,3085348,170306286,170306282,0,170306282,0,0,W,0,0,0,0,0,0,0,0
bridge,5,5,7,3085286,3085289,170306314,170306314,170306314,0,0,0,W,0,0,0,0,0,0,0,0
firewall,1,1,3,3089236,3089236,173395378,173395378,0,173395378,0,0,W,0,0,0,26472352,0,0,0,0
router,2,3,4,3089292,3089316,173395522,173395518,0,173395518,0,0,W,0,0,0,0,0,0,0,0
ndpi_stat,3,2,5,3089306,3089306,173395592,173395592,0,173395592,0,0,W,0,0,0,0,0,0,0,0
payload_scan,4,4,6,3089324,3089324,173395638,173395638,0,173395638,0,0,W,0,0,0,0,0,0,0,0
bridge,5,5,7,3089370,3089382,173395732,173395732,173395732,0,0,0,W,0,0,0,0,0,0,0,0
firewall,1,1,3,3087488,3087476,176483010,176482998,0,176482998,0,0,W,0,0,0,26472352,0,0,0,0
router,2,3,4,3087643,3087639,176483235,176483229,0,176483235,0,0,W,0,0,0,0,0,0,0,0
ndpi_stat,3,2,5,3087681,3087683,176483327,176483327,0,176483327,0,0,W,0,0,0,0,0,0,0,0
payload_scan,4,4,6,3087638,3087638,176483370,176483370,0,176483370,0,0,W,0,0,0,0,0,0,0,0
bridge,5,5,7,3087661,3087662,176483446,176483444,176483444,0,0,0,W,0,0,0,0,0,0,0,0
firewall,1,1,3,3090523,3090523,179573758,179573758,0,179573758,0,0,W,0,0,0,26472352,0,0,0,0
router,2,3,4,3090555,3090551,179573882,179573878,0,179573878,0,0,W,0,0,0,0,0,0,0,0
ndpi_stat,3,2,5,3090600,3090592,179573970,179573962,0,179573962,0,0,W,0,0,0,0,0,0,0,0
payload_scan,4,4,6,3090564,3090564,179574010,179574010,0,179574010,0,0,W,0,0,0,0,0,0,0,0
bridge,5,5,7,3090577,3090582,179574066,179574062,179574066,0,0,0,W,0,0,0,0,0,0,0,0
firewall,1,1,3,3088000,3087988,182661882,182661870,0,182661870,0,0,W,0,0,0,26472352,0,0,0,0
router,2,3,4,3088068,3088064,182662030,182662026,0,182662026,0,0,W,0,0,0,0,0,0,0,0
ndpi_stat,3,2,5,3088076,3088064,182662098,182662082,0,182662090,0,0,W,0,0,0,0,0,0,0,0
payload_scan,4,4,6,3088088,3088092,182662158,182662158,0,182662158,0,0,W,0,0,0,0,0,0,0,0
bridge,5,5,7,3088137,3088137,182662239,182662239,182662239,0,0,0,W,0,0,0,0,0,0,0,0
firewall,1,1,3,3086492,3086492,185748522,185748522,0,185748522,0,0,W,0,0,0,26472352,0,0,0,0
router,2,3,4,3086628,3086628,185748710,185748710,0,185748710,0,0,W,0,0,0,0,0,0,0,0
ndpi_stat,3,2,5,3086616,3086636,185748794,185748794,0,185748794,0,0,W,0,0,0,0,0,0,0,0
payload_scan,4,4,6,3086607,3086607,185748846,185748846,0,185748846,0,0,W,0,0,0,0,0,0,0,0
bridge,5,5,7,3086617,3086617,185748910,185748910,185748910,0,0,0,W,0,0,0,0,0,0,0,0
firewall,1,1,3,3089404,3089408,188838122,188838122,0,188838122,0,0,W,0,0,0,26472352,0,0,0,0
router,2,3,4,3089456,3089456,188838250,188838250,0,188838250,0,0,W,0,0,0,0,0,0,0,0
ndpi_stat,3,2,5,3089488,3089488,188838354,188838350,0,188838350,0,0,W,0,0,0,0,0,0,0,0
payload_scan,4,4,6,3089512,3089504,188838422,188838414,0,188838414,0,0,W,0,0,0,0,0,0,0,0
bridge,5,5,7,3089560,3089560,188838498,188838498,188838498,0,0,0,W,0,0,0,0,0,0,0,0
firewall,1,1,3,2667796,2651416,191506054,191489670,0,191489671,0,0,W,0,417379,0,26889731,0,0,0,0
router,2,3,4,2651320,2651328,191489670,191489670,0,191489670,0,0,W,0,0,0,0,0,0,0,0
ndpi_stat,3,2,5,2651236,2651248,191489670,191489670,0,191489670,0,0,W,0,0,0,0,0,0,0,0
payload_scan,4,4,6,2651172,2638423,191489670,191476921,0,191489670,0,0,W,0,0,12749,0,12749,0,0,0
bridge,5,5,7,2638343,2638329,191476921,191476907,191476907,0,0,0,W,0,12749,0,12749,0,0,0,0
firewall,1,1,3,459192,475576,191965246,191965246,0,191965246,0,0,W,0,750768,0,27640499,0,0,0,0
router,2,3,4,475576,475576,191965246,191965246,0,191965246,0,0,W,0,0,0,0,0,0,0,0
ndpi_stat,3,2,5,475576,475576,191965246,191965246,0,191965246,0,0,W,0,0,0,0,0,0,0,0
payload_scan,4,4,6,475576,290805,191965246,191767726,0,191965246,0,0,W,0,0,184771,0,197520,0,0,0
bridge,5,5,7,290805,274436,191767726,191751343,191751343,0,0,0,W,0,184771,0,197520,0,0,0,0
