router,1,3,3,0,0,0,0,0,0,0,0,W,0,0,0,0,0,0,0,0
ndpi_stat,3,2,5,0,0,0,0,0,0,0,0,W,0,0,0,0,0,0,0,0
payload_scan,4,4,6,0,0,0,0,0,0,0,0,W,0,0,0,0,0,0,0,0
bridge,5,5,7,0,0,0,0,0,0,0,0,W,0,0,0,0,0,0,0,0
router,1,3,3,0,0,0,0,0,0,0,0,W,0,0,0,0,0,0,0,0
firewall,2,1,4,230,0,230,0,0,0,0,0,W,0,0,0,0,0,0,0,0
ndpi_stat,3,2,5,0,0,0,0,0,0,0,0,W,0,0,0,0,0,0,0,0
payload_scan,4,4,6,0,0,0,0,0,0,0,0,W,0,0,0,0,0,0,0,0
bridge,5,5,7,0,0,0,0,0,0,0,0,W,0,0,0,0,0,0,0,0
router,1,3,3,2098235,2098235,2098235,2098235,0,2098235,0,0,W,0,0,0,0,0,0,0,0
firewall,2,1,4,2579761,2114812,2580135,2114812,0,2579060,0,0,W,0,6587387,464227,6587387,464227,0,0,0
ndpi_stat,3,2,5,2115004,2098619,2115004,2098619,0,2098619,0,0,W,0,464291,0,464291,0,0,0,0
payload_scan,4,4,6,2098715,2098683,2098715,2098683,0,2098683,0,0,W,0,0,0,0,0,0,0,0
bridge,5,5,7,2098779,2098779,2098779,2098779,2098779,0,0,0,W,0,0,0,0,0,0,0,0
router,1,3,3,9129554,9129554,11228013,11227981,0,11227981,0,0,W,0,0,0,0,0,0,0,0
firewall,2,1,4,9682807,9124055,12263034,11239059,0,12263031,0,0,W,0,1703,559744,6589090,1023971,0,0,0
ndpi_stat,3,2,5,9124085,9129746,11239185,11228461,0,11228461,0,0,W,0,559680,0,1023971,0,0,0,0
payload_scan,4,4,6,9129842,9129842,11228621,11228621,0,11228621,0,0,W,0,0,0,0,0,0,0,0
bridge,5,5,7,9129874,9129906,11228749,11228749,11228749,0,0,0,W,0,0,0,0,0,0,0,0
router,1,3,3,9382592,9382624,20610893,20610893,0,20610893,0,0,W,0,0,0,0,0,0,0,0
firewall,2,1,4,10057351,9383914,22320508,20623099,0,22320500,0,0,W,0,0,673430,6589090,1697401,0,0,0
ndpi_stat,3,2,5,9383912,9382688,20623231,20611341,0,20611341,0,0,W,0,673430,0,1697401,0,0,0,0
payload_scan,4,4,6,9382688,9382688,20611469,20611437,0,20611437,0,0,W,0,0,0,0,0,0,0,0
bridge,5,5,7,9382688,9382720,20611565,20611565,20611565,0,0,0,W,0,0,0,0,0,0,0,0
router,1,3,3,9416816,9416848,30027997,30027997,0,30027997,0,0,W,0,0,0,0,0,0,0,0
firewall,2,1,4,10031976,9421364,32352608,30044595,0,32352583,0,0,W,0,0,610587,6589090,2307988,0,0,0
ndpi_stat,3,2,5,9421412,9416880,30044739,30028349,0,30028349,0,0,W,0,610660,0,2308061,0,0,0,0
payload_scan,4,4,6,9416880,9416880,30028477,30028445,0,30028445,0,0,W,0,0,0,0,0,0,0,0
bridge,5,5,7,9416848,9416880,30028541,30028541,30028541,0,0,0,W,0,0,0,0,0,0,0,0
router,1,3,3,9630735,9630735,39658956,39658924,0,39658924,0,0,W,0,0,0,0,0,0,0,0
firewall,2,1,4,10051540,9623721,42404340,39668460,0,42404340,0,0,W,0,0,427860,6589090,2735848,0,0,0
ndpi_stat,3,2,5,9623761,9630863,39668652,39659340,0,39659340,0,0,W,0,427787,0,2735848,0,0,0,0
payload_scan,4,4,6,9630863,9630863,39659436,39659404,0,39659413,0,0,W,0,0,0,0,0,0,0,0
bridge,5,5,7,9630863,9630831,39659532,39659500,39659500,0,0,0,W,0,0,0,0,0,0,0,0
router,1,3,3,9904599,9904631,49563811,49563811,0,49563811,0,0,W,0,0,0,0,0,0,0,0
firewall,2,1,4,10026764,9895315,52431296,49563967,0,52431296,0,0,W,0,0,131481,6589090,2867329,0,0,0
ndpi_stat,3,2,5,9895251,9904571,49564063,49564039,0,49564039,0,0,W,0,131481,0,2867329,0,0,0,0
payload_scan,4,4,6,9904567,9904555,49564099,49564087,0,49564099,0,0,W,0,0,0,0,0,0,0,0
bridge,5,5,7,9904499,9904531,49564159,49564159,49564159,0,0,0,W,0,0,0,0,0,0,0,0
router,1,3,3,9929625,9929593,59493580,59493548,0,59493580,0,0,W,0,0,0,0,0,0,0,0
firewall,2,1,4,10066032,9931864,62497424,59495927,0,62497420,0,0,W,0,0,134164,6589090,3001493,0,0,0
ndpi_stat,3,2,5,9931914,9929833,59496040,59493932,0,59493951,0,0,W,0,134164,0,3001493,0,0,0,0
payload_scan,4,4,6,9929901,9929901,59494060,59494060,0,59494060,0,0,W,0,0,0,0,0,0,0,0
bridge,5,5,7,9929941,9929941,59494156,59494156,59494156,0,0,0,W,0,0,0,0,0,0,0,0
router,1,3,3,6363057,6363087,65856861,65856859,0,65856861,0,0,W,0,0,0,0,0,0,0,0
firewall,2,1,4,6391464,6360929,68888997,65856969,0,68888994,0,0,W,0,0,30532,6589090,3032025,0,0,0
ndpi_stat,3,2,5,6360918,6362939,65857036,65857031,0,65857031,0,0,W,0,30532,0,3032025,0,0,0,0
payload_scan,4,4,6,6362902,6362929,65857090,65857085,0,65857085,0,0,W,0,0,0,0,0,0,0,0
bridge,5,5,7,6362826,6362852,65857142,65857136,65857136,0,0,0,W,0,0,0,0,0,0,0,0
router,1,3,3,4564550,4564555,70421517,70421517,0,70421517,0,0,W,0,0,0,0,0,0,0,0
firewall,2,1,4,4580863,4564483,73469926,70421517,0,73453543,0,0,W,0,798822,0,7387912,3032025,0,0,0
ndpi_stat,3,2,5,4564417,4564422,70421517,70421517,0,70421517,0,0,W,0,0,0,3032025,0,0,0,0
payload_scan,4,4,6,4564369,4564375,70421517,70421517,0,70421517,0,0,W,0,0,0,0,0,0,0,0
bridge,5,5,7,4564323,4564323,70421517,70421517,70421517,0,0,0,W,0,0,0,0,0,0,0,0
router,1,3,3,870685,870685,71292202,71292202,0,71292202,0,0,W,0,0,0,0,0,0,0,0
firewall,2,1,4,870686,870685,74340612,71292202,0,74324227,0,0,W,0,4509800,0,11897712,3032025,0,0,0
ndpi_stat,3,2,5,870685,870685,71292202,71292202,0,71292202,0,0,W,0,0,0,3032025,0,0,0,0
payload_scan,4,4,6,870685,870685,71292202,71292202,0,71292202,0,0,W,0,0,0,0,0,0,0,0
bridge,5,5,7,870685,870685,71292202,71292202,71292202,0,0,0,W,0,0,0,0,0,0,0,0
router,1,3,3,872827,872827,72165029,72165029,0,72165029,0,0,W,0,0,0,0,0,0,0,0
firewall,2,1,4,864055,872827,75204667,72165029,0,75197054,0,0,W,0,4515785,0,16413497,3032025,0,0,0
ndpi_stat,3,2,5,872827,872827,72165029,72165029,0,72165029,0,0,W,0,0,0,3032025,0,0,0,0
payload_scan,4,4,6,872827,872827,72165029,72165029,0,72165029,0,0,W,0,0,0,0,0,0,0,0
bridge,5,5,7,872827,872827,72165029,72165029,72165029,0,0,0,W,0,0,0,0,0,0,0,0
router,1,3,3,471220,471220,72636249,72636249,0,72636249,0,0,W,0,0,0,0,0,0,0,0
firewall,2,1,4,479937,471220,75684689,72636249,0,75668306,0,0,W,0,4675413,0,21088910,3032025,0,0,0
ndpi_stat,3,2,5,471220,471220,72636249,72636249,0,72636249,0,0,W,0,0,0,3032025,0,0,0,0
payload_scan,4,4,6,471220,471220,72636249,72636249,0,72636249,0,0,W,0,0,0,0,0,0,0,0
bridge,5,5,7,471220,471220,72636249,72636249,72636249,0,0,0,W,0,0,0,0,0,0,0,0
router,1,3,3,831109,831109,73467358,73467358,0,73467358,0,0,W,0,0,0,0,0,0,0,0
firewall,2,1,4,831077,831109,76515766,73467358,0,76499383,0,0,W,0,4539243,0,25628153,3032025,0,0,0
ndpi_stat,3,2,5,831109,831109,73467358,73467358,0,73467358,0,0,W,0,0,0,3032025,0,0,0,0
payload_scan,4,4,6,831109,831109,73467358,73467358,0,73467358,0,0,W,0,0,0,0,0,0,0,0
bridge,5,5,7,831109,831109,73467358,73467358,73467358,0,0,0,W,0,0,0,0,0,0,0,0
router,1,3,3,873315,873315,74340673,74340673,0,74340673,0,0,W,0,0,0,0,0,0,0,0
firewall,2,1,4,873315,873315,77389081,74340673,0,77372698,0,0,W,0,4504839,0,30132992,3032025,0,0,0
ndpi_stat,3,2,5,873315,873315,74340673,74340673,0,74340673,0,0,W,0,0,0,3032025,0,0,0,0
payload_scan,4,4,6,873315,873315,74340673,74340673,0,74340673,0,0,W,0,0,0,0,0,0,0,0
bridge,5,5,7,873315,873315,74340673,74340673,74340673,0,0,0,W,0,0,0,0,0,0,0,0
router,1,3,3,873070,873070,75213743,75213743,0,75213743,0,0,W,0,0,0,0,0,0,0,0
firewall,2,1,4,870514,873070,78259595,75213743,0,78245768,0,0,W,0,4504645,0,34637637,3032025,0,0,0
ndpi_stat,3,2,5,873070,873070,75213743,75213743,0,75213743,0,0,W,0,0,0,3032025,0,0,0,0
payload_scan,4,4,6,873070,873070,75213743,75213743,0,75213743,0,0,W,0,0,0,0,0,0,0,0
bridge,5,5,7,873070,873070,75213743,75213743,75213743,0,0,0,W,0,0,0,0,0,0,0,0
router,1,3,3,821534,821534,76035277,76035277,0,76035277,0,0,W,0,0,0,0,0,0,0,0
firewall,2,1,4,824022,821534,79083687,76035277,0,79067302,0,0,W,0,4409099,0,39046736,3032025,0,0,0
ndpi_stat,3,2,5,821534,821534,76035277,76035277,0,76035277,0,0,W,0,0,0,3032025,0,0,0,0
payload_scan,4,4,6,821534,821534,76035277,76035277,0,76035277,0,0,W,0,0,0,0,0,0,0,0
bridge,5,5,7,821534,821534,76035277,76035277,76035277,0,0,0,W,0,0,0,0,0,0,0,0
router,1,3,3,873205,873205,76908482,76908482,0,76908482,0,0,W,0,0,0,0,0,0,0,0
firewall,2,1,4,873203,873205,79956890,76908482,0,79940507,0,0,W,0,4506991,0,43553727,3032025,0,0,0
ndpi_stat,3,2,5,873205,873205,76908482,76908482,0,76908482,0,0,W,0,0,0,3032025,0,0,0,0
payload_scan,4,4,6,873205,873205,76908482,76908482,0,76908482,0,0,W,0,0,0,0,0,0,0,0
bridge,5,5,7,873205,873205,76908482,76908482,76908482,0,0,0,W,0,0,0,0,0,0,0,0
router,1,3,3,1069322,1069322,77977804,77977804,0,77977804,0,0,W,0,0,0,0,0,0,0,0
firewall,2,1,4,1169773,1069322,81126663,77977804,0,81110280,0,0,W,0,7755000,100451,51308727,3132476,0,0,0
ndpi_stat,3,2,5,1069322,1069322,77977804,77977804,0,77977804,0,0,W,0,100451,0,3132476,0,0,0,0
payload_scan,4,4,6,1069322,1069322,77977804,77977804,0,77977804,0,0,W,0,0,0,0,0,0,0,0
bridge,5,5,7,1069322,1069322,77977804,77977804,77977804,0,0,0,W,0,0,0,0,0,0,0,0
router,1,3,3,1099652,1099652,79077456,79077456,0,79077456,0,0,W,0,0,0,0,0,0,0,0
firewall,2,1,4,1249745,1099652,82376408,79077456,0,82359993,0,0,W,0,8493527,150061,59802254,3282537,0,0,0
ndpi_stat,3,2,5,1099652,1099652,79077456,79077456,0,79077456,0,0,W,0,150061,0,3282537,0,0,0,0
payload_scan,4,4,6,1099652,1099652,79077456,79077456,0,79077456,0,0,W,0,0,0,0,0,0,0,0
bridge,5,5,7,1099652,1099652,79077456,79077456,79077456,0,0,0,W,0,0,0,0,0,0,0,0
router,1,3,3,1137043,1137043,80214499,80214499,0,80214499,0,0,W,0,0,0,0,0,0,0,0
firewall,2,1,4,1322292,1137043,83698700,80214499,0,83682317,0,0,W,0,8819976,185277,68622230,3467814,0,0,0
ndpi_stat,3,2,5,1137043,1137043,80214499,80214499,0,80214499,0,0,W,0,185277,0,3467814,0,0,0,0
payload_scan,4,4,6,1137043,1137043,80214499,80214499,0,80214499,0,0,W,0,0,0,0,0,0,0,0
bridge,5,5,7,1137043,1137043,80214499,80214499,80214499,0,0,0,W,0,0,0,0,0,0,0,0
router,1,3,3,1150989,1150989,81365488,81365488,0,81365488,0,0,W,0,0,0,0,0,0,0,0
firewall,2,1,4,1341590,1150989,85040290,81365488,0,85023876,0,0,W,0,8759738,190573,77381968,3658387,0,0,0
ndpi_stat,3,2,5,1150989,1150989,81365488,81365488,0,81365488,0,0,W,0,190573,0,3658387,0,0,0,0
payload_scan,4,4,6,1150989,1150989,81365488,81365488,0,81365488,0,0,W,0,0,0,0,0,0,0,0
bridge,5,5,7,1150989,1150989,81365488,81365488,81365488,0,0,0,W,0,0,0,0,0,0,0,0
router,1,3,3,873113,873113,82238601,82238601,0,82238601,0,0,W,0,0,0,0,0,0,0,0
firewall,2,1,4,1002064,873113,86042354,82238601,0,86025939,0,0,W,0,8582708,128951,85964676,3787338,0,0,0
ndpi_stat,3,2,5,873113,873113,82238601,82238601,0,82238601,0,0,W,0,128951,0,3787338,0,0,0,0
payload_scan,4,4,6,873113,873113,82238601,82238601,0,82238601,0,0,W,0,0,0,0,0,0,0,0
bridge,5,5,7,873113,873113,82238601,82238601,82238601,0,0,0,W,0,0,0,0,0,0,0,0
router,1,3,3,862866,862866,83101467,83101467,0,83101467,0,0,W,0,0,0,0,0,0,0,0
firewall,2,1,4,969248,862866,87011602,83101467,0,86995188,0,0,W,0,8981862,106383,94946538,3893721,0,0,0
ndpi_stat,3,2,5,862866,862866,83101467,83101467,0,83101467,0,0,W,0,106383,0,3893721,0,0,0,0
payload_scan,4,4,6,862866,862866,83101467,83101467,0,83101467,0,0,W,0,0,0,0,0,0,0,0
bridge,5,5,7,862866,862866,83101467,83101467,83101467,0,0,0,W,0,0,0,0,0,0,0,0
router,1,3,3,1161168,1161168,84262635,84262635,0,84262635,0,0,W,0,0,0,0,0,0,0,0
firewall,2,1,4,1304739,1161168,88316341,84262635,0,88299958,0,0,W,0,8759003,143602,103705541,4037323,0,0,0
ndpi_stat,3,2,5,1161168,1161168,84262635,84262635,0,84262635,0,0,W,0,143602,0,4037323,0,0,0,0
payload_scan,4,4,6,1161168,1161168,84262635,84262635,0,84262635,0,0,W,0,0,0,0,0,0,0,0
bridge,5,5,7,1161168,1161168,84262635,84262635,84262635,0,0,0,W,0,0,0,0,0,0,0,0
router,1,3,3,1165966,1165966,85428601,85428601,0,85428601,0,0,W,0,0,0,0,0,0,0,0
firewall,2,1,4,1320272,1165966,89636613,85428601,0,89620205,0,0,W,0,8810266,154281,112515807,4191604,0,0,0
ndpi_stat,3,2,5,1165966,1165966,85428601,85428601,0,85428601,0,0,W,0,154281,0,4191604,0,0,0,0
payload_scan,4,4,6,1165966,1165966,85428601,85428601,0,85428601,0,0,W,0,0,0,0,0,0,0,0
bridge,5,5,7,1165966,1165966,85428601,85428601,85428601,0,0,0,W,0,0,0,0,0,0,0,0
router,1,3,3,1107251,1107251,86535852,86535852,0,86535852,0,0,W,0,0,0,0,0,0,0,0
firewall,2,1,4,1240565,1107251,90877178,86535852,0,90862539,0,0,W,0,8473756,135059,120989563,4326663,0,0,0
ndpi_stat,3,2,5,1107251,1107251,86535852,86535852,0,86535852,0,0,W,0,135059,0,4326663,0,0,0,0
payload_scan,4,4,6,1107251,1107251,86535852,86535852,0,86535852,0,0,W,0,0,0,0,0,0,0,0
bridge,5,5,7,1107251,1107251,86535852,86535852,86535852,0,0,0,W,0,0,0,0,0,0,0,0
router,1,3,3,1150994,1150994,87686846,87686846,0,87686846,0,0,W,0,0,0,0,0,0,0,0
firewall,2,1,4,1301013,1150994,92178191,87686846,0,92161801,0,0,W,0,8801260,148292,129790823,4474955,0,0,0
ndpi_stat,3,2,5,1150994,1150994,87686846,87686846,0,87686846,0,0,W,0,148292,0,4474955,0,0,0,0
payload_scan,4,4,6,1150994,1150994,87686846,87686846,0,87686846,0,0,W,0,0,0,0,0,0,0,0
bridge,5,5,7,1150994,1150994,87686846,87686846,87686846,0,0,0,W,0,0,0,0,0,0,0,0
router,1,3,3,1162731,1162731,88849577,88849577,0,88849577,0,0,W,0,0,0,0,0,0,0,0
firewall,2,1,4,1289083,1162731,93467274,88849577,0,93450879,0,0,W,0,8430687,126347,138221510,4601302,0,0,0
ndpi_stat,3,2,5,1162731,1162731,88849577,88849577,0,88849577,0,0,W,0,126347,0,4601302,0,0,0,0
payload_scan,4,4,6,1162731,1162731,88849577,88849577,0,88849577,0,0,W,0,0,0,0,0,0,0,0
bridge,5,5,7,1162731,1162731,88849577,88849577,88849577,0,0,0,W,0,0,0,0,0,0,0,0
router,1,3,3,1127186,1127154,89976763,89976731,0,89976731,0,0,W,0,0,0,0,0,0,0,0
firewall,2,1,4,1224651,1143726,94691925,89993303,0,94691925,0,0,W,0,8315229,97320,146536739,4698622,0,0,0
ndpi_stat,3,2,5,1143833,1127442,89993410,89977019,0,89977019,0,0,W,0,97355,0,4698657,0,0,0,0
payload_scan,4,4,6,1127538,1127506,89977115,89977083,0,89977083,0,0,W,0,0,0,0,0,0,0,0
bridge,5,5,7,1127634,1127602,89977211,89977179,89977179,0,0,0,W,0,0,0,0,0,0,0,0
router,1,3,3,1151185,1151185,91128076,91128076,0,91128076,0,0,W,0,0,0,0,0,0,0,0
firewall,2,1,4,1247754,1134666,95939837,91128076,0,95923454,0,0,W,0,8409658,96756,154946397,4795378,0,0,0
ndpi_stat,3,2,5,1134551,1150961,91128076,91128076,0,91128076,0,0,W,0,96721,0,4795378,0,0,0,0
payload_scan,4,4,6,1150865,1150865,91128076,91128076,0,91128076,0,0,W,0,0,0,0,0,0,0,0
bridge,5,5,7,1150769,1150801,91128076,91128076,91128076,0,0,0,W,0,0,0,0,0,0,0,0
router,1,3,3,1154245,1154245,92282321,92282321,0,92282321,0,0,W,0,0,0,0,0,0,0,0
firewall,2,1,4,1256041,1154245,97195878,92282321,0,97179488,0,0,W,0,8369211,101789,163315608,4897167,0,0,0
ndpi_stat,3,2,5,1154245,1154245,92282321,92282321,0,92282321,0,0,W,0,101789,0,4897167,0,0,0,0
payload_scan,4,4,6,1154245,1154245,92282321,92282321,0,92282321,0,0,W,0,0,0,0,0,0,0,0
bridge,5,5,7,1154245,1154245,92282321,92282321,92282321,0,0,0,W,0,0,0,0,0,0,0,0
router,1,3,3,1167088,1167088,93449409,93449409,0,93449409,0,0,W,0,0,0,0,0,0,0,0
firewall,2,1,4,1273474,1167088,98469352,93449409,0,98452969,0,0,W,0,8375565,106393,171691173,5003560,0,0,0
ndpi_stat,3,2,5,1167088,1167088,93449409,93449409,0,93449409,0,0,W,0,106393,0,5003560,0,0,0,0
payload_scan,4,4,6,1167088,1167088,93449409,93449409,0,93449409,0,0,W,0,0,0,0,0,0,0,0
bridge,5,5,7,1167088,1167088,93449409,93449409,93449409,0,0,0,W,0,0,0,0,0,0,0,0
router,1,3,3,589734,589734,94039143,94039143,0,94039143,0,0,W,0,0,0,0,0,0,0,0
firewall,2,1,4,649767,589722,99119119,94039131,0,99102736,0,0,W,0,7863915,60033,179555088,5063593,0,0,0
ndpi_stat,3,2,5,589734,589734,94039143,94039143,0,94039143,0,0,W,0,60033,0,5063593,0,0,0,0
payload_scan,4,4,6,589734,589734,94039143,94039143,0,94039143,0,0,W,0,0,0,0,0,0,0,0
bridge,5,5,7,589734,589734,94039143,94039143,94039143,0,0,0,W,0,0,0,0,0,0,0,0
router,1,3,3,1144877,1144877,95184020,95184020,0,95184020,0,0,W,0,0,0,0,0,0,0,0
firewall,2,1,4,1247342,1144889,100366461,95184020,0,100350078,0,0,W,0,8389737,102464,187944825,5166057,0,0,0
ndpi_stat,3,2,5,1144877,1144877,95184020,95184020,0,95184020,0,0,W,0,102464,0,5166057,0,0,0,0
payload_scan,4,4,6,1144877,1144877,95184020,95184020,0,95184020,0,0,W,0,0,0,0,0,0,0,0
bridge,5,5,7,1144877,1144877,95184020,95184020,95184020,0,0,0,W,0,0,0,0,0,0,0,0
router,1,3,3,1166071,1166071,96350091,96350091,0,96350091,0,0,W,0,0,0,0,0,0,0,0
firewall,2,1,4,1267880,1166071,101634341,96350091,0,101617958,0,0,W,0,8357172,101810,196301997,5267867,0,0,0
ndpi_stat,3,2,5,1166071,1166071,96350091,96350091,0,96350091,0,0,W,0,101810,0,5267867,0,0,0,0
payload_scan,4,4,6,1166071,1166071,96350091,96350091,0,96350091,0,0,W,0,0,0,0,0,0,0,0
bridge,5,5,7,1166071,1166071,96350091,96350091,96350091,0,0,0,W,0,0,0,0,0,0,0,0
router,1,3,3,1091941,1091941,97442032,97442032,0,97442032,0,0,W,0,0,0,0,0,0,0,0
firewall,2,1,4,1186357,1091941,102820698,97442032,0,102804315,0,0,W,0,8429834,94416,204731831,5362283,0,0,0
ndpi_stat,3,2,5,1091941,1091941,97442032,97442032,0,97442032,0,0,W,0,94416,0,5362283,0,0,0,0
payload_scan,4,4,6,1091941,1091941,97442032,97442032,0,97442032,0,0,W,0,0,0,0,0,0,0,0
bridge,5,5,7,1091941,1091941,97442032,97442032,97442032,0,0,0,W,0,0,0,0,0,0,0,0
router,1,3,3,1175459,1175459,98617491,98617491,0,98617491,0,0,W,0,0,0,0,0,0,0,0
firewall,2,1,4,1268336,1175459,104089034,98617491,0,104072650,0,0,W,0,8256076,92876,212987907,5455159,0,0,0
ndpi_stat,3,2,5,1175459,1175459,98617491,98617491,0,98617491,0,0,W,0,92876,0,5455159,0,0,0,0
payload_scan,4,4,6,1175459,1175459,98617491,98617491,0,98617491,0,0,W,0,0,0,0,0,0,0,0
bridge,5,5,7,1175459,1175459,98617491,98617491,98617491,0,0,0,W,0,0,0,0,0,0,0,0
router,1,3,3,1004813,1004813,99622304,99622304,0,99622304,0,0,W,0,0,0,0,0,0,0,0
firewall,2,1,4,1024093,1004813,105113127,99622304,0,105096742,0,0,W,0,6350688,19279,219338595,5474438,0,0,0
ndpi_stat,3,2,5,1004813,1004813,99622304,99622304,0,99622304,0,0,W,0,19279,0,5474438,0,0,0,0
payload_scan,4,4,6,1004813,1004813,99622304,99622304,0,99622304,0,0,W,0,0,0,0,0,0,0,0
bridge,5,5,7,1004813,1004813,99622304,99622304,99622304,0,0,0,W,0,0,0,0,0,0,0,0
router,1,3,3,950825,950825,100573129,100573129,0,100573129,0,0,W,0,0,0,0,0,0,0,0
firewall,2,1,4,950823,950825,106063950,100573129,0,106047567,0,0,W,0,5746047,0,225084642,5474438,0,0,0
ndpi_stat,3,2,5,950825,950825,100573129,100573129,0,100573129,0,0,W,0,0,0,5474438,0,0,0,0
payload_scan,4,4,6,950825,950825,100573129,100573129,0,100573129,0,0,W,0,0,0,0,0,0,0,0
bridge,5,5,7,950825,950825,100573129,100573129,100573129,0,0,0,W,0,0,0,0,0,0,0,0
router,1,3,3,995755,995755,101568884,101568884,0,101568884,0,0,W,0,0,0,0,0,0,0,0
firewall,2,1,4,995758,995755,107059708,101568884,0,107043322,0,0,W,0,5700433,0,230785075,5474438,0,0,0
ndpi_stat,3,2,5,995755,995755,101568884,101568884,0,101568884,0,0,W,0,0,0,5474438,0,0,0,0
payload_scan,4,4,6,995755,995755,101568884,101568884,0,101568884,0,0,W,0,0,0,0,0,0,0,0
bridge,5,5,7,995755,995755,101568884,101568884,101568884,0,0,0,W,0,0,0,0,0,0,0,0
router,1,3,3,988207,988207,102557091,102557091,0,102557091,0,0,W,0,0,0,0,0,0,0,0
firewall,2,1,4,988207,988207,108047915,102557091,0,108031532,0,0,W,0,5710474,0,236495549,5474438,0,0,0
ndpi_stat,3,2,5,988207,988207,102557091,102557091,0,102557091,0,0,W,0,0,0,5474438,0,0,0,0
payload_scan,4,4,6,988207,988207,102557091,102557091,0,102557091,0,0,W,0,0,0,0,0,0,0,0
bridge,5,5,7,988207,988207,102557091,102557091,102557091,0,0,0,W,0,0,0,0,0,0,0,0
router,1,3,3,969811,969811,103526902,103526902,0,103526902,0,0,W,0,0,0,0,0,0,0,0
firewall,2,1,4,963982,980365,109011897,103537456,0,109011894,0,0,W,0,5733983,0,242229532,5474438,0,0,0
ndpi_stat,3,2,5,980471,970131,103537562,103527222,0,103527254,0,0,W,0,0,0,5474438,0,0,0,0
payload_scan,4,4,6,970259,970227,103527350,103527318,0,103527318,0,0,W,0,0,0,0,0,0,0,0
bridge,5,5,7,970387,970387,103527478,103527478,103527478,0,0,0,W,0,0,0,0,0,0,0,0
router,1,3,3,535397,535397,104062459,104062459,0,104062459,0,0,W,0,0,0,0,0,0,0,0
firewall,2,1,4,541281,524897,109553284,104062459,0,109536897,0,0,W,0,5715333,0,247944865,5474438,0,0,0
ndpi_stat,3,2,5,524816,535109,104062459,104062459,0,104062459,0,0,W,0,0,0,5474438,0,0,0,0
payload_scan,4,4,6,534949,534981,104062459,104062459,0,104062459,0,0,W,0,0,0,0,0,0,0,0
bridge,5,5,7,534821,534853,104062459,104062459,104062459,0,0,0,W,0,0,0,0,0,0,0,0
router,1,3,3,987924,987924,105050383,105050383,0,105050383,0,0,W,0,0,0,0,0,0,0,0
firewall,2,1,4,987920,987924,110541204,105050383,0,110524821,0,0,W,0,5706506,0,253651371,5474438,0,0,0
ndpi_stat,3,2,5,987924,987924,105050383,105050383,0,105050383,0,0,W,0,0,0,5474438,0,0,0,0
payload_scan,4,4,6,987924,987924,105050383,105050383,0,105050383,0,0,W,0,0,0,0,0,0,0,0
bridge,5,5,7,987924,987924,105050383,105050383,105050383,0,0,0,W,0,0,0,0,0,0,0,0
router,1,3,3,979084,979052,106029467,106029435,0,106029435,0,0,W,0,0,0,0,0,0,0,0
firewall,2,1,4,969053,985431,111510257,106035814,0,111510254,0,0,W,0,5732925,0,259384296,5474438,0,0,0
ndpi_stat,3,2,5,985526,979436,106035909,106029819,0,106029819,0,0,W,0,0,0,5474438,0,0,0,0
payload_scan,4,4,6,979532,979532,106029915,106029915,0,106029915,0,0,W,0,0,0,0,0,0,0,0
bridge,5,5,7,979724,979692,106030107,106030075,106030075,0,0,0,W,0,0,0,0,0,0,0,0
router,1,3,3,957293,957293,106986952,106986952,0,106986952,0,0,W,0,0,0,0,0,0,0,0
firewall,2,1,4,967424,951043,112477773,106986952,0,112461390,0,0,W,0,5731713,0,265116009,5474438,0,0,0
ndpi_stat,3,2,5,950962,957005,106986952,106986952,0,106986952,0,0,W,0,0,0,5474438,0,0,0,0
payload_scan,4,4,6,956813,956845,106986952,106986952,0,106986952,0,0,W,0,0,0,0,0,0,0,0
bridge,5,5,7,956717,956717,106986952,106986952,106986952,0,0,0,W,0,0,0,0,0,0,0,0
router,1,3,3,989098,989098,107976050,107976050,0,107976050,0,0,W,0,0,0,0,0,0,0,0
firewall,2,1,4,989101,989098,113466874,107976050,0,113450491,0,0,W,0,5710845,0,270826854,5474438,0,0,0
ndpi_stat,3,2,5,989098,989098,107976050,107976050,0,107976050,0,0,W,0,0,0,5474438,0,0,0,0
payload_scan,4,4,6,989098,989098,107976050,107976050,0,107976050,0,0,W,0,0,0,0,0,0,0,0
bridge,5,5,7,989098,989098,107976050,107976050,107976050,0,0,0,W,0,0,0,0,0,0,0,0
router,1,3,3,1131873,1131873,109107923,109107923,0,109107923,0,0,W,0,0,0,0,0,0,0,0
firewall,2,1,4,1185459,1131873,114652333,109107923,0,114635950,0,0,W,0,7446999,53589,278273853,5528027,0,0,0
ndpi_stat,3,2,5,1131873,1131873,109107923,109107923,0,109107923,0,0,W,0,53589,0,5528027,0,0,0,0
payload_scan,4,4,6,1131873,1131873,109107923,109107923,0,109107923,0,0,W,0,0,0,0,0,0,0,0
bridge,5,5,7,1131873,1131873,109107923,109107923,109107923,0,0,0,W,0,0,0,0,0,0,0,0
router,1,3,3,1148229,1148197,110256152,110256120,0,110256120,0,0,W,0,0,0,0,0,0,0,0
firewall,2,1,4,1202785,1156677,115855118,110264600,0,115847014,0,0,W,0,7916895,54387,286190748,5582414,0,0,0
ndpi_stat,3,2,5,1156677,1148613,110264600,110256536,0,110256536,0,0,W,0,54387,0,5582414,0,0,0,0
payload_scan,4,4,6,1148709,1148709,110256632,110256632,0,110256632,0,0,W,0,0,0,0,0,0,0,0
bridge,5,5,7,1148869,1148837,110256792,110256760,110256760,0,0,0,W,0,0,0,0,0,0,0,0
router,1,3,3,1106788,1106820,111363164,111363164,0,111363164,0,0,W,0,0,0,0,0,0,0,0
firewall,2,1,4,1165460,1098564,117020722,111363164,0,117004339,0,0,W,0,8075318,58753,294266066,5641167,0,0,0
ndpi_stat,3,2,5,1098564,1106500,111363164,111363164,0,111363164,0,0,W,0,58753,0,5641167,0,0,0,0
payload_scan,4,4,6,1106372,1106372,111363164,111363164,0,111363164,0,0,W,0,0,0,0,0,0,0,0
bridge,5,5,7,1106276,1106276,111363164,111363164,111363164,0,0,0,W,0,0,0,0,0,0,0,0
router,1,3,3,1152884,1152884,112516048,112516048,0,112516048,0,0,W,0,0,0,0,0,0,0,0
firewall,2,1,4,1215405,1152884,118236127,112516048,0,118219725,0,0,W,0,8040998,62510,302307064,5703677,0,0,0
ndpi_stat,3,2,5,1152884,1152884,112516048,112516048,0,112516048,0,0,W,0,62510,0,5703677,0,0,0,0
payload_scan,4,4,6,1152884,1152884,112516048,112516048,0,112516048,0,0,W,0,0,0,0,0,0,0,0
bridge,5,5,7,1152884,1152884,112516048,112516048,112516048,0,0,0,W,0,0,0,0,0,0,0,0
router,1,3,3,1171993,1171993,113688041,113688041,0,113688041,0,0,W,0,0,0,0,0,0,0,0
firewall,2,1,4,1240805,1171993,119476932,113688041,0,119460541,0,0,W,0,8003023,68823,310310087,5772500,0,0,0
ndpi_stat,3,2,5,1171993,1171993,113688041,113688041,0,113688041,0,0,W,0,68823,0,5772500,0,0,0,0
payload_scan,4,4,6,1171993,1171993,113688041,113688041,0,113688041,0,0,W,0,0,0,0,0,0,0,0
bridge,5,5,7,1171993,1171993,113688041,113688041,113688041,0,0,0,W,0,0,0,0,0,0,0,0
router,1,3,3,878946,878946,114566987,114566987,0,114566987,0,0,W,0,0,0,0,0,0,0,0
firewall,2,1,4,918643,878946,120395575,114566987,0,120379192,0,0,W,0,8017152,39703,318327239,5812203,0,0,0
ndpi_stat,3,2,5,878946,878946,114566987,114566987,0,114566987,0,0,W,0,39703,0,5812203,0,0,0,0
payload_scan,4,4,6,878946,878946,114566987,114566987,0,114566987,0,0,W,0,0,0,0,0,0,0,0
bridge,5,5,7,878946,878946,114566987,114566987,114566987,0,0,0,W,0,0,0,0,0,0,0,0
router,1,3,3,1163823,1163823,115730810,115730810,0,115730810,0,0,W,0,0,0,0,0,0,0,0
firewall,2,1,4,1233210,1163823,121628785,115730810,0,121612402,0,0,W,0,7985441,69389,326312680,5881592,0,0,0
ndpi_stat,3,2,5,1163823,1163823,115730810,115730810,0,115730810,0,0,W,0,69389,0,5881592,0,0,0,0
payload_scan,4,4,6,1163823,1163823,115730810,115730810,0,115730810,0,0,W,0,0,0,0,0,0,0,0
bridge,5,5,7,1163823,1163823,115730810,115730810,115730810,0,0,0,W,0,0,0,0,0,0,0,0
router,1,3,3,1160234,1160234,116891044,116891044,0,116891044,0,0,W,0,0,0,0,0,0,0,0
firewall,2,1,4,1239360,1160234,122868145,116891044,0,122851754,0,0,W,0,7714755,79118,334027435,5960710,0,0,0
ndpi_stat,3,2,5,1160234,1160234,116891044,116891044,0,116891044,0,0,W,0,79118,0,5960710,0,0,0,0
payload_scan,4,4,6,1160234,1160234,116891044,116891044,0,116891044,0,0,W,0,0,0,0,0,0,0,0
bridge,5,5,7,1160234,1160234,116891044,116891044,116891044,0,0,0,W,0,0,0,0,0,0,0,0
router,1,3,3,1173493,1173493,118064537,118064537,0,118064537,0,0,W,0,0,0,0,0,0,0,0
firewall,2,1,4,1241968,1173493,124110113,118064537,0,124093730,0,0,W,0,8028168,68483,342055603,6029193,0,0,0
ndpi_stat,3,2,5,1173493,1173493,118064537,118064537,0,118064537,0,0,W,0,68483,0,6029193,0,0,0,0
payload_scan,4,4,6,1173493,1173493,118064537,118064537,0,118064537,0,0,W,0,0,0,0,0,0,0,0
bridge,5,5,7,1173493,1173493,118064537,118064537,118064537,0,0,0,W,0,0,0,0,0,0,0,0
router,1,3,3,1106740,1106740,119171277,119171277,0,119171277,0,0,W,0,0,0,0,0,0,0,0
firewall,2,1,4,1169044,1106740,125279157,119171277,0,125262766,0,0,W,0,8075536,62296,350131139,6091489,0,0,0
ndpi_stat,3,2,5,1106740,1106740,119171277,119171277,0,119171277,0,0,W,0,62296,0,6091489,0,0,0,0
payload_scan,4,4,6,1106740,1106740,119171277,119171277,0,119171277,0,0,W,0,0,0,0,0,0,0,0
bridge,5,5,7,1106740,1106740,119171277,119171277,119171277,0,0,0,W,0,0,0,0,0,0,0,0
router,1,3,3,1164699,1164699,120335976,120335976,0,120335976,0,0,W,0,0,0,0,0,0,0,0
firewall,2,1,4,1281058,1164699,126560215,120335976,0,126543821,0,0,W,0,8624983,116356,358756122,6207845,0,0,0
ndpi_stat,3,2,5,1164699,1164699,120335976,120335976,0,120335976,0,0,W,0,116356,0,6207845,0,0,0,0
payload_scan,4,4,6,1164699,1164699,120335976,120335976,0,120335976,0,0,W,0,0,0,0,0,0,0,0
bridge,5,5,7,1164699,1164699,120335976,120335976,120335976,0,0,0,W,0,0,0,0,0,0,0,0
router,1,3,3,1148068,1148068,121484044,121484044,0,121484044,0,0,W,0,0,0,0,0,0,0,0
firewall,2,1,4,1314882,1148068,127875097,121484044,0,127858711,0,0,W,0,8837379,166805,367593501,6374650,0,0,0
ndpi_stat,3,2,5,1148068,1148068,121484044,121484044,0,121484044,0,0,W,0,166805,0,6374650,0,0,0,0
payload_scan,4,4,6,1148068,1148068,121484044,121484044,0,121484044,0,0,W,0,0,0,0,0,0,0,0
bridge,5,5,7,1148068,1148068,121484044,121484044,121484044,0,0,0,W,0,0,0,0,0,0,0,0
router,1,3,3,1115305,1115305,122599349,122599349,0,122599349,0,0,W,0,0,0,0,0,0,0,0
firewall,2,1,4,1249567,1115305,129124664,122599349,0,129108281,0,0,W,0,8504737,134282,376098238,6508932,0,0,0
ndpi_stat,3,2,5,1115305,1115305,122599349,122599349,0,122599349,0,0,W,0,134282,0,6508932,0,0,0,0
payload_scan,4,4,6,1115305,1115305,122599349,122599349,0,122599349,0,0,W,0,0,0,0,0,0,0,0
bridge,5,5,7,1115305,1115305,122599349,122599349,122599349,0,0,0,W,0,0,0,0,0,0,0,0
router,1,3,3,1165645,1165645,123764994,123764994,0,123764994,0,0,W,0,0,0,0,0,0,0,0
firewall,2,1,4,1307173,1165645,130431837,123764994,0,130415454,0,0,W,0,8848047,141506,384946285,6650438,0,0,0
ndpi_stat,3,2,5,1165645,1165645,123764994,123764994,0,123764994,0,0,W,0,141506,0,6650438,0,0,0,0
payload_scan,4,4,6,1165645,1165645,123764994,123764994,0,123764994,0,0,W,0,0,0,0,0,0,0,0
bridge,5,5,7,1165645,1165645,123764994,123764994,123764994,0,0,0,W,0,0,0,0,0,0,0,0
router,1,3,3,1153154,1153154,124918148,124918148,0,124918148,0,0,W,0,0,0,0,0,0,0,0
firewall,2,1,4,1303639,1153154,131735476,124918148,0,131719091,0,0,W,0,8848643,150475,393794928,6800913,0,0,0
ndpi_stat,3,2,5,1153154,1153154,124918148,124918148,0,124918148,0,0,W,0,150475,0,6800913,0,0,0,0
payload_scan,4,4,6,1153154,1153154,124918148,124918148,0,124918148,0,0,W,0,0,0,0,0,0,0,0
bridge,5,5,7,1153154,1153154,124918148,124918148,124918148,0,0,0,W,0,0,0,0,0,0,0,0
router,1,3,3,1037157,1037157,125955305,125955305,0,125955305,0,0,W,0,0,0,0,0,0,0,0
firewall,2,1,4,1173149,1048773,132908625,125966921,0,132899791,0,0,W,0,8365813,131944,402160741,6932857,0,0,0
ndpi_stat,3,2,5,1049413,1037669,125967561,125955817,0,125955817,0,0,W,0,131944,0,6932857,0,0,0,0
payload_scan,4,4,6,1037829,1037797,125955977,125955945,0,125955962,0,0,W,0,0,0,0,0,0,0,0
bridge,5,5,7,1037957,1037957,125956105,125956105,125956105,0,0,0,W,0,0,0,0,0,0,0,0
router,1,3,3,1157733,1157733,127113294,127113294,0,127113294,0,0,W,0,0,0,0,0,0,0,0
firewall,2,1,4,1312591,1145733,134221568,127113294,0,134205173,0,0,W,0,8780394,159022,410941135,7091879,0,0,0
ndpi_stat,3,2,5,1145253,1157285,127113294,127113294,0,127113294,0,0,W,0,159022,0,7091879,0,0,0,0
payload_scan,4,4,6,1157157,1157189,127113294,127113294,0,127113294,0,0,W,0,0,0,0,0,0,0,0
bridge,5,5,7,1157093,1157093,127113294,127113294,127113294,0,0,0,W,0,0,0,0,0,0,0,0
router,1,3,3,1144786,1144786,128258080,128258080,0,128258080,0,0,W,0,0,0,0,0,0,0,0
firewall,2,1,4,1288341,1144786,135509909,128258080,0,135493526,0,0,W,0,8466604,143559,419407739,7235438,0,0,0
ndpi_stat,3,2,5,1144786,1144786,128258080,128258080,0,128258080,0,0,W,0,143559,0,7235438,0,0,0,0
payload_scan,4,4,6,1144786,1144786,128258080,128258080,0,128258080,0,0,W,0,0,0,0,0,0,0,0
bridge,5,5,7,1144786,1144786,128258080,128258080,128258080,0,0,0,W,0,0,0,0,0,0,0,0
router,1,3,3,1174477,1174477,129432557,129432557,0,129432557,0,0,W,0,0,0,0,0,0,0,0
firewall,2,1,4,1327596,1174477,136837505,129432557,0,136824401,0,0,W,0,8831101,156406,428238840,7391844,0,0,0
ndpi_stat,3,2,5,1174477,1174477,129432557,129432557,0,129432557,0,0,W,0,156406,0,7391844,0,0,0,0
payload_scan,4,4,6,1174477,1174477,129432557,129432557,0,129432557,0,0,W,0,0,0,0,0,0,0,0
bridge,5,5,7,1174477,1174477,129432557,129432557,129432557,0,0,0,W,0,0,0,0,0,0,0,0
router,1,3,3,1116364,1116364,130548921,130548921,0,130548921,0,0,W,0,0,0,0,0,0,0,0
firewall,2,1,4,1251221,1116364,138088844,130548921,0,138072461,0,0,W,0,8920614,131696,437159454,7523540,0,0,0
ndpi_stat,3,2,5,1116364,1116364,130548921,130548921,0,130548921,0,0,W,0,131696,0,7523540,0,0,0,0
payload_scan,4,4,6,1116364,1116364,130548921,130548921,0,130548921,0,0,W,0,0,0,0,0,0,0,0
bridge,5,5,7,1116364,1116364,130548921,130548921,130548921,0,0,0,W,0,0,0,0,0,0,0,0
router,1,3,3,1158457,1158457,131707378,131707378,0,131707378,0,0,W,0,0,0,0,0,0,0,0
firewall,2,1,4,1317169,1158457,139406013,131707378,0,139389614,0,0,W,0,8834571,158696,445994025,7682236,0,0,0
ndpi_stat,3,2,5,1158457,1158457,131707378,131707378,0,131707378,0,0,W,0,158696,0,7682236,0,0,0,0
payload_scan,4,4,6,1158457,1158457,131707378,131707378,0,131707378,0,0,W,0,0,0,0,0,0,0,0
bridge,5,5,7,1158457,1158457,131707378,131707378,131707378,0,0,0,W,0,0,0,0,0,0,0,0
router,1,3,3,1148864,1148864,132856242,132856242,0,132856242,0,0,W,0,0,0,0,0,0,0,0
firewall,2,1,4,1310003,1148864,140716016,132856242,0,140699605,0,0,W,0,8858881,161127,454852906,7843363,0,0,0
ndpi_stat,3,2,5,1148864,1148864,132856242,132856242,0,132856242,0,0,W,0,161127,0,7843363,0,0,0,0
payload_scan,4,4,6,1148864,1148864,132856242,132856242,0,132856242,0,0,W,0,0,0,0,0,0,0,0
bridge,5,5,7,1148864,1148864,132856242,132856242,132856242,0,0,0,W,0,0,0,0,0,0,0,0
router,1,3,3,1104005,1104005,133960247,133960247,0,133960247,0,0,W,0,0,0,0,0,0,0,0
firewall,2,1,4,1250275,1104005,141966291,133960247,0,141949889,0,0,W,0,8893141,146274,463746047,7989637,0,0,0
ndpi_stat,3,2,5,1104005,1104005,133960247,133960247,0,133960247,0,0,W,0,146274,0,7989637,0,0,0,0
payload_scan,4,4,6,1104005,1104005,133960247,133960247,0,133960247,0,0,W,0,0,0,0,0,0,0,0
bridge,5,5,7,1104005,1104005,133960247,133960247,133960247,0,0,0,W,0,0,0,0,0,0,0,0
router,1,3,3,1142607,1142607,135102854,135102854,0,135102854,0,0,W,0,0,0,0,0,0,0,0
firewall,2,1,4,1288081,1142607,143254372,135102854,0,143237989,0,0,W,0,8882919,145483,472628966,8135120,0,0,0
ndpi_stat,3,2,5,1142607,1142607,135102854,135102854,0,135102854,0,0,W,0,145483,0,8135120,0,0,0,0
payload_scan,4,4,6,1142607,1142607,135102854,135102854,0,135102854,0,0,W,0,0,0,0,0,0,0,0
bridge,5,5,7,1142607,1142607,135102854,135102854,135102854,0,0,0,W,0,0,0,0,0,0,0,0
router,1,3,3,1146608,1146608,136249462,136249462,0,136249462,0,0,W,0,0,0,0,0,0,0,0
firewall,2,1,4,1289451,1146608,144543823,136249462,0,144527418,0,0,W,0,8459361,142836,481088327,8277956,0,0,0
ndpi_stat,3,2,5,1146608,1146608,136249462,136249462,0,136249462,0,0,W,0,142836,0,8277956,0,0,0,0
payload_scan,4,4,6,1146608,1146608,136249462,136249462,0,136249462,0,0,W,0,0,0,0,0,0,0,0
bridge,5,5,7,1146608,1146608,136249462,136249462,136249462,0,0,0,W,0,0,0,0,0,0,0,0
router,1,3,3,1111170,1111170,137360632,137360632,0,137360632,0,0,W,0,0,0,0,0,0,0,0
firewall,2,1,4,1269341,1111170,145813164,137360632,0,145796781,0,0,W,0,8477167,158193,489565494,8436149,0,0,0
ndpi_stat,3,2,5,1111170,1111170,137360632,137360632,0,137360632,0,0,W,0,158193,0,8436149,0,0,0,0
payload_scan,4,4,6,1111170,1111170,137360632,137360632,0,137360632,0,0,W,0,0,0,0,0,0,0,0
bridge,5,5,7,1111170,1111170,137360632,137360632,137360632,0,0,0,W,0,0,0,0,0,0,0,0
router,1,3,3,619494,619494,137980126,137980126,0,137980126,0,0,W,0,0,0,0,0,0,0,0
firewall,2,1,4,676822,619494,146489986,137980126,0,146473601,0,0,W,0,8828446,57326,498393940,8493475,0,0,0
ndpi_stat,3,2,5,619494,619494,137980126,137980126,0,137980126,0,0,W,0,57326,0,8493475,0,0,0,0
payload_scan,4,4,6,619494,619494,137980126,137980126,0,137980126,0,0,W,0,0,0,0,0,0,0,0
bridge,5,5,7,619494,619494,137980126,137980126,137980126,0,0,0,W,0,0,0,0,0,0,0,0
router,1,3,3,1173271,1173271,139153397,139153397,0,139153397,0,0,W,0,0,0,0,0,0,0,0
firewall,2,1,4,1325635,1173271,147815621,139153397,0,147799228,0,0,W,0,8036534,152356,506430474,8645831,0,0,0
ndpi_stat,3,2,5,1173271,1173271,139153397,139153397,0,139153397,0,0,W,0,152356,0,8645831,0,0,0,0
payload_scan,4,4,6,1173271,1173271,139153397,139153397,0,139153397,0,0,W,0,0,0,0,0,0,0,0
bridge,5,5,7,1173271,1173207,139153397,139153333,139153397,0,0,0,W,0,0,64,0,64,0,0,0
router,1,3,3,1154991,1154959,140308388,140308356,0,140308356,0,0,W,0,0,0,0,0,0,0,0
firewall,2,1,4,1313775,1162759,149129396,140316156,0,149121286,0,0,W,0,8844580,159299,515275054,8805130,0,0,0
ndpi_stat,3,2,5,1162759,1155407,140316156,140308804,0,140308804,0,0,W,0,159299,0,8805130,0,0,0,0
payload_scan,4,4,6,1155535,1155503,140308932,140308900,0,140308900,0,0,W,0,0,0,0,0,0,0,0
bridge,5,5,7,1155663,1155663,140309060,140308996,140309060,0,0,0,W,0,0,0,0,64,0,0,0
router,1,3,3,1110310,1110310,141418890,141418890,0,141418890,0,0,W,0,0,0,0,0,0,0,0
firewall,2,1,4,1261341,1102734,150390885,141418890,0,150374502,0,0,W,0,8527247,150482,523802301,8955612,0,0,0
ndpi_stat,3,2,5,1102734,1109958,141418890,141418890,0,141418890,0,0,W,0,150482,0,8955612,0,0,0,0
payload_scan,4,4,6,1109798,1109830,141418890,141418890,0,141418890,0,0,W,0,0,0,0,0,0,0,0
bridge,5,5,7,1109670,1109702,141418890,141418826,141418890,0,0,0,W,0,0,0,0,64,0,0,0
router,1,3,3,1155276,1155276,142574166,142574166,0,142574166,0,0,W,0,0,0,0,0,0,0,0
firewall,2,1,4,1298161,1155276,151689046,142574166,0,151672663,0,0,W,0,8860243,142885,532662544,9098497,0,0,0
ndpi_stat,3,2,5,1155276,1155276,142574166,142574166,0,142574166,0,0,W,0,142885,0,9098497,0,0,0,0
payload_scan,4,4,6,1155276,1155276,142574166,142574166,0,142574166,0,0,W,0,0,0,0,0,0,0,0
bridge,5,5,7,1155276,1155276,142574166,142574102,142574166,0,0,0,W,0,0,0,0,64,0,0,0
router,1,3,3,1150287,1150287,143724453,143724453,0,143724453,0,0,W,0,0,0,0,0,0,0,0
firewall,2,1,4,1295425,1150287,152984471,143724453,0,152968056,0,0,W,0,8882322,145106,541544866,9243603,0,0,0
ndpi_stat,3,2,5,1150287,1150287,143724453,143724453,0,143724453,0,0,W,0,145106,0,9243603,0,0,0,0
payload_scan,4,4,6,1150287,1150287,143724453,143724453,0,143724453,0,0,W,0,0,0,0,0,0,0,0
bridge,5,5,7,1150287,1150287,143724453,143724389,143724453,0,0,0,W,0,0,0,0,64,0,0,0
router,1,3,3,1107339,1107339,144831792,144831792,0,144831792,0,0,W,0,0,0,0,0,0,0,0
firewall,2,1,4,1251143,1107339,154235614,144831792,0,154219208,0,0,W,0,8891744,143813,550436610,9387416,0,0,0
ndpi_stat,3,2,5,1107339,1107339,144831792,144831792,0,144831792,0,0,W,0,143813,0,9387416,0,0,0,0
payload_scan,4,4,6,1107339,1107339,144831792,144831792,0,144831792,0,0,W,0,0,0,0,0,0,0,0
bridge,5,5,7,1107339,1107339,144831792,144831728,144831792,0,0,0,W,0,0,0,0,64,0,0,0
router,1,3,3,1164133,1164133,145995925,145995925,0,145995925,0,0,W,0,0,0,0,0,0,0,0
firewall,2,1,4,1310132,1164133,155545746,145995925,0,155529363,0,0,W,0,8861986,145994,559298596,9533410,0,0,0
ndpi_stat,3,2,5,1164133,1164133,145995925,145995925,0,145995925,0,0,W,0,145994,0,9533410,0,0,0,0
payload_scan,4,4,6,1164133,1164133,145995925,145995925,0,145995925,0,0,W,0,0,0,0,0,0,0,0
bridge,5,5,7,1164133,1164133,145995925,145995861,145995925,0,0,0,W,0,0,0,0,64,0,0,0
router,1,3,3,1157639,1157639,147153564,147153564,0,147153564,0,0,W,0,0,0,0,0,0,0,0
firewall,2,1,4,1281142,1157639,156826888,147153564,0,156810505,0,0,W,0,8193702,123530,567492298,9656940,0,0,0
ndpi_stat,3,2,5,1157639,1157639,147153564,147153564,0,147153564,0,0,W,0,123530,0,9656940,0,0,0,0
payload_scan,4,4,6,1157639,1157639,147153564,147153564,0,147153564,0,0,W,0,0,0,0,0,0,0,0
bridge,5,5,7,1157639,1157607,147153564,147153468,147153564,0,0,0,W,0,0,32,0,96,0,0,0
router,1,3,3,1079529,1079497,148233093,148233061,0,148233061,0,0,W,0,0,0,0,0,0,0,0
firewall,2,1,4,1295316,1096078,158122204,148249642,0,158122204,0,0,W,0,8880408,215622,576372706,9872562,0,0,0
ndpi_stat,3,2,5,1096232,1079849,148249796,148233413,0,148233413,0,0,W,0,215660,0,9872600,0,0,0,0
payload_scan,4,4,6,1079945,1079913,148233509,148233477,0,148233477,0,0,W,0,0,0,0,0,0,0,0
bridge,5,5,7,1080041,1080041,148233605,148233509,148233605,0,0,0,W,0,0,0,0,96,0,0,0
router,1,3,3,809566,809598,149042819,149042819,0,149042819,0,0,W,0,0,0,0,0,0,0,0
firewall,2,1,4,909870,793023,159032298,149042819,0,159015899,0,0,W,0,8485706,100518,584858412,9973080,0,0,0
ndpi_stat,3,2,5,792910,809310,149042819,149042819,0,149042819,0,0,W,0,100480,0,9973080,0,0,0,0
payload_scan,4,4,6,809182,809214,149042819,149042819,0,149042819,0,0,W,0,0,0,0,0,0,0,0
bridge,5,5,7,809118,809086,149042819,149042691,149042819,0,0,0,W,0,0,32,0,128,0,0,0
router,1,3,3,1152479,1152479,150195298,150195298,0,150195298,0,0,W,0,0,0,0,0,0,0,0
firewall,2,1,4,1291912,1152479,160324210,150195298,0,160307803,0,0,W,0,8883621,139425,593742033,10112505,0,0,0
ndpi_stat,3,2,5,1152479,1152479,150195298,150195298,0,150195298,0,0,W,0,139425,0,10112505,0,0,0,0
payload_scan,4,4,6,1152479,1152479,150195298,150195298,0,150195298,0,0,W,0,0,0,0,0,0,0,0
bridge,5,5,7,1152479,1152479,150195298,150195170,150195298,0,0,0,W,0,0,0,0,128,0,0,0
router,1,3,3,1156777,1156777,151352075,151352075,0,151352075,0,0,W,0,0,0,0,0,0,0,0
firewall,2,1,4,1321510,1156777,161645720,151352075,0,161629325,0,0,W,0,8834925,164745,602576958,10277250,0,0,0
ndpi_stat,3,2,5,1156777,1156777,151352075,151352075,0,151352075,0,0,W,0,164745,0,10277250,0,0,0,0
payload_scan,4,4,6,1156777,1156777,151352075,151352075,0,151352075,0,0,W,0,0,0,0,0,0,0,0
bridge,5,5,7,1156777,1156777,151352075,151351947,151352075,0,0,0,W,0,0,0,0,128,0,0,0
router,1,3,3,1105434,1105434,152457509,152457509,0,152457509,0,0,W,0,0,0,0,0,0,0,0
firewall,2,1,4,1249965,1105434,162895685,152457509,0,162879291,0,0,W,0,8908998,144532,611485956,10421782,0,0,0
ndpi_stat,3,2,5,1105434,1105434,152457509,152457509,0,152457509,0,0,W,0,144532,0,10421782,0,0,0,0
payload_scan,4,4,6,1105434,1105434,152457509,152457509,0,152457509,0,0,W,0,0,0,0,0,0,0,0
bridge,5,5,7,1105434,1105434,152457509,152457381,152457509,0,0,0,W,0,0,0,0,128,0,0,0
router,1,3,3,1161692,1161692,153619201,153619201,0,153619201,0,0,W,0,0,0,0,0,0,0,0
firewall,2,1,4,1257731,1161692,164153416,153619201,0,164137033,0,0,W,0,8341938,96050,619827894,10517832,0,0,0
ndpi_stat,3,2,5,1161692,1161692,153619201,153619201,0,153619201,0,0,W,0,96050,0,10517832,0,0,0,0
payload_scan,4,4,6,1161692,1161692,153619201,153619201,0,153619201,0,0,W,0,0,0,0,0,0,0,0
bridge,5,5,7,1161692,1161692,153619201,153619073,153619201,0,0,0,W,0,0,0,0,128,0,0,0
router,1,3,3,1162667,1162667,154781868,154781868,0,154781868,0,0,W,0,0,0,0,0,0,0,0
firewall,2,1,4,1249300,1162667,165402716,154781868,0,165386329,0,0,W,0,8183496,86621,628011390,10604453,0,0,0
ndpi_stat,3,2,5,1162667,1162667,154781868,154781868,0,154781868,0,0,W,0,86621,0,10604453,0,0,0,0
payload_scan,4,4,6,1162667,1162667,154781868,154781868,0,154781868,0,0,W,0,0,0,0,0,0,0,0
bridge,5,5,7,1162667,1162667,154781868,154781740,154781868,0,0,0,W,0,0,0,0,128,0,0,0
router,1,3,3,1055909,1055909,155837777,155837777,0,155837777,0,0,W,0,0,0,0,0,0,0,0
firewall,2,1,4,1117777,1055909,166520493,155837777,0,166504110,0,0,W,0,7748591,61878,635759981,10666331,0,0,0
ndpi_stat,3,2,5,1055909,1055909,155837777,155837777,0,155837777,0,0,W,0,61878,0,10666331,0,0,0,0
payload_scan,4,4,6,1055909,1055909,155837777,155837777,0,155837777,0,0,W,0,0,0,0,0,0,0,0
bridge,5,5,7,1055909,1055909,155837777,155837649,155837777,0,0,0,W,0,0,0,0,128,0,0,0
router,1,3,3,1146134,1146134,156983911,156983911,0,156983911,0,0,W,0,0,0,0,0,0,0,0
firewall,2,1,4,1221010,1146134,167741503,156983911,0,167725119,0,0,W,0,8062195,74870,643822176,10741201,0,0,0
ndpi_stat,3,2,5,1146134,1146134,156983911,156983911,0,156983911,0,0,W,0,74870,0,10741201,0,0,0,0
payload_scan,4,4,6,1146134,1146134,156983911,156983911,0,156983911,0,0,W,0,0,0,0,0,0,0,0
bridge,5,5,7,1146134,1146134,156983911,156983783,156983911,0,0,0,W,0,0,0,0,128,0,0,0
router,1,3,3,1122073,1122073,158105984,158105984,0,158105984,0,0,W,0,0,0,0,0,0,0,0
firewall,2,1,4,1239803,1122073,168981306,158105984,0,168964910,0,0,W,0,8243124,117725,652065300,10858926,0,0,0
ndpi_stat,3,2,5,1122073,1122073,158105984,158105984,0,158105984,0,0,W,0,117725,0,10858926,0,0,0,0
payload_scan,4,4,6,1122073,1122073,158105984,158105984,0,158105984,0,0,W,0,0,0,0,0,0,0,0
bridge,5,5,7,1122073,1122073,158105984,158105856,158105984,0,0,0,W,0,0,0,0,128,0,0,0
router,1,3,3,1128605,1128605,159234589,159234589,0,159234589,0,0,W,0,0,0,0,0,0,0,0
firewall,2,1,4,1206825,1128605,170188131,159234589,0,170171737,0,0,W,0,7881051,78222,659946351,10937148,0,0,0
ndpi_stat,3,2,5,1128605,1128605,159234589,159234589,0,159234589,0,0,W,0,78222,0,10937148,0,0,0,0
payload_scan,4,4,6,1128605,1128605,159234589,159234589,0,159234589,0,0,W,0,0,0,0,0,0,0,0
bridge,5,5,7,1128605,1128605,159234589,159234461,159234589,0,0,0,W,0,0,0,0,128,0,0,0
router,1,3,3,1096284,1096284,160330873,160330873,0,160330873,0,0,W,0,0,0,0,0,0,0,0
firewall,2,1,4,1161973,1096284,171350104,160330873,0,171333715,0,0,W,0,8095853,65690,668042204,11002838,0,0,0
ndpi_stat,3,2,5,1096284,1096284,160330873,160330873,0,160330873,0,0,W,0,65690,0,11002838,0,0,0,0
payload_scan,4,4,6,1096284,1096284,160330873,160330873,0,160330873,0,0,W,0,0,0,0,0,0,0,0
bridge,5,5,7,1096284,1096284,160330873,160330745,160330873,0,0,0,W,0,0,0,0,128,0,0,0
router,1,3,3,1174576,1174576,161505449,161505449,0,161505449,0,0,W,0,0,0,0,0,0,0,0
firewall,2,1,4,1254819,1174576,172604923,161505449,0,172588540,0,0,W,0,8191439,80253,676233643,11083091,0,0,0
ndpi_stat,3,2,5,1174576,1174576,161505449,161505449,0,161505449,0,0,W,0,80253,0,11083091,0,0,0,0
payload_scan,4,4,6,1174576,1174576,161505449,161505449,0,161505449,0,0,W,0,0,0,0,0,0,0,0
bridge,5,5,7,1174576,1174576,161505449,161505321,161505449,0,0,0,W,0,0,0,0,128,0,0,0
router,1,3,3,1117822,1117822,162623271,162623271,0,162623271,0,0,W,0,0,0,0,0,0,0,0
firewall,2,1,4,1207398,1117822,173812321,162623271,0,173795938,0,0,W,0,8240786,89576,684474429,11172667,0,0,0
ndpi_stat,3,2,5,1117822,1117822,162623271,162623271,0,162623271,0,0,W,0,89576,0,11172667,0,0,0,0
payload_scan,4,4,6,1117822,1117822,162623271,162623271,0,162623271,0,0,W,0,0,0,0,0,0,0,0
bridge,5,5,7,1117822,1117822,162623271,162623143,162623271,0,0,0,W,0,0,0,0,128,0,0,0
router,1,3,3,1159032,1159032,163782303,163782303,0,163782303,0,0,W,0,0,0,0,0,0,0,0
firewall,2,1,4,1240473,1159032,175052794,163782303,0,175036411,0,0,W,0,8190659,81441,692665088,11254108,0,0,0
ndpi_stat,3,2,5,1159032,1159032,163782303,163782303,0,163782303,0,0,W,0,81441,0,11254108,0,0,0,0
payload_scan,4,4,6,1159032,1159032,163782303,163782303,0,163782303,0,0,W,0,0,0,0,0,0,0,0
bridge,5,5,7,1159032,1159032,163782303,163782175,163782303,0,0,0,W,0,0,0,0,128,0,0,0
router,1,3,3,1177552,1177552,164959855,164959855,0,164959855,0,0,W,0,0,0,0,0,0,0,0
firewall,2,1,4,1284399,1177552,176337193,164959855,0,176320810,0,0,W,0,8367012,106847,701032100,11360955,0,0,0
ndpi_stat,3,2,5,1177552,1177552,164959855,164959855,0,164959855,0,0,W,0,106847,0,11360955,0,0,0,0
payload_scan,4,4,6,1177552,1177552,164959855,164959855,0,164959855,0,0,W,0,0,0,0,0,0,0,0
bridge,5,5,7,1177552,1177552,164959855,164959727,164959855,0,0,0,W,0,0,0,0,128,0,0,0
router,1,3,3,1137976,1137976,166097831,166097831,0,166097831,0,0,W,0,0,0,0,0,0,0,0
firewall,2,1,4,1249123,1154233,177586316,166114088,0,177586316,0,0,W,0,8476893,111269,709508993,11472224,0,0,0
ndpi_stat,3,2,5,1154322,1138232,166114177,166098087,0,166098087,0,0,W,0,111269,0,11472224,0,0,0,0
payload_scan,4,4,6,1138328,1138328,166098183,166098183,0,166098183,0,0,W,0,0,0,0,0,0,0,0
bridge,5,5,7,1139768,1139736,166099623,166099463,166099591,0,0,0,W,0,0,0,0,128,0,0,0
router,1,3,3,1111771,1111803,167209762,167209762,0,167209762,0,0,W,0,0,0,0,0,0,0,0
firewall,2,1,4,1213861,1095585,178800282,167209762,0,178783887,0,0,W,0,8515898,101901,718024891,11574125,0,0,0
ndpi_stat,3,2,5,1095490,1111547,167209762,167209762,0,167209762,0,0,W,0,101901,0,11574125,0,0,0,0
payload_scan,4,4,6,1110139,1110139,167209762,167209762,0,167209762,0,0,W,0,0,0,0,0,0,0,0
bridge,5,5,7,1110011,1110043,167209762,167209634,167209762,0,0,0,W,0,0,0,0,128,0,0,0
router,1,3,3,1104655,1104655,168314417,168314417,0,168314417,0,0,W,0,0,0,0,0,0,0,0
firewall,2,1,4,1266192,1104655,180066474,168314417,0,180050091,0,0,W,0,8482045,161549,726506936,11735674,0,0,0
ndpi_stat,3,2,5,1104655,1104655,168314417,168314417,0,168314417,0,0,W,0,161549,0,11735674,0,0,0,0
payload_scan,4,4,6,1104655,1104655,168314417,168314417,0,168314417,0,0,W,0,0,0,0,0,0,0,0
bridge,5,5,7,1104655,1104655,168314417,168314289,168314417,0,0,0,W,0,0,0,0,128,0,0,0
router,1,3,3,1165419,1165419,169479836,169479836,0,169479836,0,0,W,0,0,0,0,0,0,0,0
firewall,2,1,4,1273967,1165419,181340441,169479836,0,181324058,0,0,W,0,8434251,108548,734941187,11844222,0,0,0
ndpi_stat,3,2,5,1165419,1165419,169479836,169479836,0,169479836,0,0,W,0,108548,0,11844222,0,0,0,0
payload_scan,4,4,6,1165419,1165419,169479836,169479836,0,169479836,0,0,W,0,0,0,0,0,0,0,0
bridge,5,5,7,1165419,1165419,169479836,169479708,169479836,0,0,0,W,0,0,0,0,128,0,0,0
router,1,3,3,1095344,1095344,170575180,170575180,0,170575180,0,0,W,0,0,0,0,0,0,0,0
firewall,2,1,4,1200546,1095344,182540987,170575180,0,182524604,0,0,W,0,8568580,105202,743509767,11949424,0,0,0
ndpi_stat,3,2,5,1095344,1095344,170575180,170575180,0,170575180,0,0,W,0,105202,0,11949424,0,0,0,0
payload_scan,4,4,6,1095344,1095344,170575180,170575180,0,170575180,0,0,W,0,0,0,0,0,0,0,0
bridge,5,5,7,1095344,1095344,170575180,170575052,170575180,0,0,0,W,0,0,0,0,128,0,0,0
router,1,3,3,881395,881395,171456575,171456575,0,171456575,0,0,W,0,0,0,0,0,0,0,0
firewall,2,1,4,965104,881395,183506091,171456575,0,183489676,0,0,W,0,8553992,83677,752063759,12033101,0,0,0
ndpi_stat,3,2,5,881395,881395,171456575,171456575,0,171456575,0,0,W,0,83677,0,12033101,0,0,0,0
payload_scan,4,4,6,881395,881395,171456575,171456575,0,171456575,0,0,W,0,0,0,0,0,0,0,0
bridge,5,5,7,881395,881395,171456575,171456447,171456575,0,0,0,W,0,0,0,0,128,0,0,0
router,1,3,3,1170365,1170365,172626940,172626940,0,172626940,0,0,W,0,0,0,0,0,0,0,0
firewall,2,1,4,1277719,1170365,184783810,172626940,0,184767427,0,0,W,0,8448649,107386,760512408,12140487,0,0,0
ndpi_stat,3,2,5,1170365,1170365,172626940,172626940,0,172626940,0,0,W,0,107386,0,12140487,0,0,0,0
payload_scan,4,4,6,1170365,1170365,172626940,172626940,0,172626940,0,0,W,0,0,0,0,0,0,0,0
bridge,5,5,7,1170365,1170365,172626940,172626812,172626940,0,0,0,W,0,0,0,0,128,0,0,0
router,1,3,3,1143052,1143052,173769992,173769992,0,173769992,0,0,W,0,0,0,0,0,0,0,0
firewall,2,1,4,1256074,1143052,186039884,173769992,0,186030128,0,0,W,0,8104706,119649,768617114,12260136,0,0,0
ndpi_stat,3,2,5,1143052,1143052,173769992,173769992,0,173769992,0,0,W,0,119649,0,12260136,0,0,0,0
payload_scan,4,4,6,1143052,1143052,173769992,173769992,0,173769992,0,0,W,0,0,0,0,0,0,0,0
bridge,5,5,7,1143052,1143052,173769992,173769864,173769992,0,0,0,W,0,0,0,0,128,0,0,0
router,1,3,3,1067452,1067452,174837444,174837444,0,174837444,0,0,W,0,0,0,0,0,0,0,0
firewall,2,1,4,1155960,1067452,187195928,174837444,0,187179545,0,0,W,0,7944127,81965,776561241,12342101,0,0,0
ndpi_stat,3,2,5,1067452,1067452,174837444,174837444,0,174837444,0,0,W,0,81965,0,12342101,0,0,0,0
payload_scan,4,4,6,1067452,1067452,174837444,174837444,0,174837444,0,0,W,0,0,0,0,0,0,0,0
bridge,5,5,7,1067452,1067452,174837444,174837316,174837444,0,0,0,W,0,0,0,0,128,0,0,0
router,1,3,3,911668,911668,175749112,175749112,0,175749112,0,0,W,0,0,0,0,0,0,0,0
firewall,2,1,4,941412,911668,188137340,175749112,0,188120957,0,0,W,0,5166309,29740,781727550,12371841,0,0,0
ndpi_stat,3,2,5,911668,911668,175749112,175749112,0,175749112,0,0,W,0,29740,0,12371841,0,0,0,0
payload_scan,4,4,6,911668,911668,175749112,175749112,0,175749112,0,0,W,0,0,0,0,0,0,0,0
bridge,5,5,7,911668,911668,175749112,175748984,175749112,0,0,0,W,0,0,0,0,128,0,0,0
router,1,3,3,827562,827562,176576674,176576674,0,176576674,0,0,W,0,0,0,0,0,0,0,0
firewall,2,1,4,819342,835727,188956682,176584839,0,188956680,0,0,W,0,4295580,0,786023130,12371841,0,0,0
ndpi_stat,3,2,5,835795,827882,176584907,176576994,0,176576994,0,0,W,0,0,0,12371841,0,0,0,0
payload_scan,4,4,6,828394,828394,176577506,176577506,0,176577506,0,0,W,0,0,0,0,0,0,0,0
bridge,5,5,7,828714,828682,176577826,176577666,176577794,0,0,0,W,0,0,0,0,128,0,0,0
router,1,3,3,826333,826333,177403199,177403199,0,177403199,0,0,W,0,0,0,0,0,0,0,0
firewall,2,1,4,834675,818292,189791423,177403199,0,189775040,0,0,W,0,4280985,0,790304115,12371841,0,0,0
ndpi_stat,3,2,5,817995,825661,177403199,177403199,0,177403199,0,0,W,0,0,0,12371841,0,0,0,0
payload_scan,4,4,6,825373,825373,177403199,177403199,0,177403199,0,0,W,0,0,0,0,0,0,0,0
bridge,5,5,7,825213,825213,177403199,177403071,177403199,0,0,0,W,0,0,0,0,128,0,0,0
router,1,3,3,844556,844556,178247755,178247755,0,178247755,0,0,W,0,0,0,0,0,0,0,0
firewall,2,1,4,844556,844556,190635979,178247755,0,190619596,0,0,W,0,4270270,0,794574385,12371841,0,0,0
ndpi_stat,3,2,5,844556,844556,178247755,178247755,0,178247755,0,0,W,0,0,0,12371841,0,0,0,0
payload_scan,4,4,6,844556,844556,178247755,178247755,0,178247755,0,0,W,0,0,0,0,0,0,0,0
bridge,5,5,7,844556,844556,178247755,178247627,178247755,0,0,0,W,0,0,0,0,128,0,0,0
router,1,3,3,808501,808501,179056256,179056256,0,179056256,0,0,W,0,0,0,0,0,0,0,0
firewall,2,1,4,808501,808498,191444480,179056253,0,191428097,0,0,W,0,4306647,0,798881032,12371841,0,0,0
ndpi_stat,3,2,5,808501,808501,179056256,179056256,0,179056256,0,0,W,0,0,0,12371841,0,0,0,0
payload_scan,4,4,6,808501,808501,179056256,179056256,0,179056256,0,0,W,0,0,0,0,0,0,0,0
bridge,5,5,7,808501,808501,179056256,179056128,179056256,0,0,0,W,0,0,0,0,128,0,0,0
router,1,3,3,842815,842815,179899071,179899071,0,179899071,0,0,W,0,0,0,0,0,0,0,0
firewall,2,1,4,842816,842818,192287296,179899071,0,192270912,0,0,W,0,4272771,0,803153803,12371841,0,0,0
ndpi_stat,3,2,5,842815,842815,179899071,179899071,0,179899071,0,0,W,0,0,0,12371841,0,0,0,0
payload_scan,4,4,6,842815,842815,179899071,179899071,0,179899071,0,0,W,0,0,0,0,0,0,0,0
bridge,5,5,7,842815,842815,179899071,179898943,179899071,0,0,0,W,0,0,0,0,128,0,0,0
router,1,3,3,844814,844814,180743885,180743885,0,180743885,0,0,W,0,0,0,0,0,0,0,0
firewall,2,1,4,844909,844814,193132205,180743885,0,193115822,0,0,W,0,4265404,96,807419207,12371937,0,0,0
ndpi_stat,3,2,5,844814,844814,180743885,180743885,0,180743885,0,0,W,0,96,0,12371937,0,0,0,0
payload_scan,4,4,6,844814,844814,180743885,180743885,0,180743885,0,0,W,0,0,0,0,0,0,0,0
bridge,5,5,7,844814,844814,180743885,180743757,180743885,0,0,0,W,0,0,0,0,128,0,0,0
router,1,3,3,781775,781775,181525660,181525660,0,181525660,0,0,W,0,0,0,0,0,0,0,0
firewall,2,1,4,781775,781775,193913980,181525660,0,193897597,0,0,W,0,4309911,0,811729118,12371937,0,0,0
ndpi_stat,3,2,5,781775,781775,181525660,181525660,0,181525660,0,0,W,0,0,0,12371937,0,0,0,0
payload_scan,4,4,6,781775,781775,181525660,181525660,0,181525660,0,0,W,0,0,0,0,0,0,0,0
bridge,5,5,7,781775,781775,181525660,181525532,181525660,0,0,0,W,0,0,0,0,128,0,0,0
router,1,3,3,844874,844874,182370534,182370534,0,182370534,0,0,W,0,0,0,0,0,0,0,0
firewall,2,1,4,844878,844874,194758858,182370534,0,194742473,0,0,W,0,4267847,0,815996965,12371937,0,0,0
ndpi_stat,3,2,5,844874,844874,182370534,182370534,0,182370534,0,0,W,0,0,0,12371937,0,0,0,0
payload_scan,4,4,6,844874,844874,182370534,182370534,0,182370534,0,0,W,0,0,0,0,0,0,0,0
bridge,5,5,7,844874,844874,182370534,182370406,182370534,0,0,0,W,0,0,0,0,128,0,0,0
router,1,3,3,844347,844347,183214881,183214881,0,183214881,0,0,W,0,0,0,0,0,0,0,0
firewall,2,1,4,844343,844347,195603201,183214881,0,195586818,0,0,W,0,4270169,0,820267134,12371937,0,0,0
ndpi_stat,3,2,5,844347,844347,183214881,183214881,0,183214881,0,0,W,0,0,0,12371937,0,0,0,0
payload_scan,4,4,6,844347,844347,183214881,183214881,0,183214881,0,0,W,0,0,0,0,0,0,0,0
bridge,5,5,7,844347,844347,183214881,183214753,183214881,0,0,0,W,0,0,0,0,128,0,0,0
router,1,3,3,1046189,1046157,184261070,184261038,0,184261038,0,0,W,0,0,0,0,0,0,0,0
firewall,2,1,4,1040875,1050920,196644076,184265801,0,196637738,0,0,W,0,6535114,0,826802248,12371937,0,0,0
ndpi_stat,3,2,5,1050920,1046573,184265801,184261454,0,184261454,0,0,W,0,0,0,12371937,0,0,0,0
payload_scan,4,4,6,1046669,1046637,184261550,184261518,0,184261518,0,0,W,0,0,0,0,0,0,0,0
bridge,5,5,7,1046861,1046861,184261742,184261614,184261742,0,0,0,W,0,0,0,0,128,0,0,0
router,1,3,3,1065031,1065063,185326325,185326325,0,185326325,0,0,W,0,0,0,0,0,0,0,0
firewall,2,1,4,1102499,1060524,197746695,185326325,0,197730312,0,0,W,0,7146918,32045,833949166,12403982,0,0,0
ndpi_stat,3,2,5,1060524,1064775,185326325,185326325,0,185326325,0,0,W,0,32045,0,12403982,0,0,0,0
payload_scan,4,4,6,1064551,1064583,185326325,185326325,0,185326325,0,0,W,0,0,0,0,0,0,0,0
bridge,5,5,7,1064455,1064487,185326325,185326197,185326325,0,0,0,W,0,0,0,0,128,0,0,0
router,1,3,3,1124437,1124437,186450762,186450762,0,186450762,0,0,W,0,0,0,0,0,0,0,0
firewall,2,1,4,1127872,1124437,198874567,186450762,0,198858168,0,0,W,0,7137265,3424,841086431,12407406,0,0,0
ndpi_stat,3,2,5,1124437,1124437,186450762,186450762,0,186450762,0,0,W,0,3424,0,12407406,0,0,0,0
payload_scan,4,4,6,1124437,1124437,186450762,186450762,0,186450762,0,0,W,0,0,0,0,0,0,0,0
bridge,5,5,7,1124437,1124437,186450762,186450634,186450762,0,0,0,W,0,0,0,0,128,0,0,0
router,1,3,3,1122776,1122776,187573538,187573538,0,187573538,0,0,W,0,0,0,0,0,0,0,0
firewall,2,1,4,1119728,1122776,199994295,187573538,0,199981461,0,0,W,0,7135394,517,848221825,12407923,0,0,0
ndpi_stat,3,2,5,1122776,1122776,187573538,187573538,0,187573538,0,0,W,0,517,0,12407923,0,0,0,0
payload_scan,4,4,6,1122776,1122776,187573538,187573538,0,187573538,0,0,W,0,0,0,0,0,0,0,0
bridge,5,5,7,1122776,1122776,187573538,187573410,187573538,0,0,0,W,0,0,0,0,128,0,0,0
router,1,3,3,1088766,1088766,188662304,188662304,0,188662304,0,0,W,0,0,0,0,0,0,0,0
firewall,2,1,4,1092147,1088766,201086610,188662304,0,201070227,0,0,W,0,7150362,0,855372187,12407923,0,0,0
ndpi_stat,3,2,5,1088766,1088766,188662304,188662304,0,188662304,0,0,W,0,0,0,12407923,0,0,0,0
payload_scan,4,4,6,1088766,1088766,188662304,188662304,0,188662304,0,0,W,0,0,0,0,0,0,0,0
bridge,5,5,7,1088766,1088766,188662304,188662176,188662304,0,0,0,W,0,0,0,0,128,0,0,0
router,1,3,3,1077779,1077779,189740083,189740083,0,189740083,0,0,W,0,0,0,0,0,0,0,0
firewall,2,1,4,1077784,1077779,202164394,189740083,0,202148006,0,0,W,0,6711737,0,862083924,12407923,0,0,0
ndpi_stat,3,2,5,1077779,1077779,189740083,189740083,0,189740083,0,0,W,0,0,0,12407923,0,0,0,0
payload_scan,4,4,6,1077779,1077779,189740083,189740083,0,189740083,0,0,W,0,0,0,0,0,0,0,0
bridge,5,5,7,1077779,1077779,189740083,189739955,189740083,0,0,0,W,0,0,0,0,128,0,0,0
router,1,3,3,1138771,1138771,190878854,190878854,0,190878854,0,0,W,0,0,0,0,0,0,0,0
firewall,2,1,4,1138766,1138771,203303160,190878854,0,203286777,0,0,W,0,7112122,0,869196046,12407923,0,0,0
ndpi_stat,3,2,5,1138771,1138771,190878854,190878854,0,190878854,0,0,W,0,0,0,12407923,0,0,0,0
payload_scan,4,4,6,1138771,1138771,190878854,190878854,0,190878854,0,0,W,0,0,0,0,0,0,0,0
bridge,5,5,7,1138771,1138771,190878854,190878726,190878854,0,0,0,W,0,0,0,0,128,0,0,0
router,1,3,3,888667,888635,191767521,191767489,0,191767489,0,0,W,0,0,0,0,0,0,0,0
firewall,2,1,4,888012,904385,204191172,191783239,0,204191167,0,0,W,0,7237861,0,876433907,12407923,0,0,0
ndpi_stat,3,2,5,904609,889147,191783463,191768001,0,191768001,0,0,W,0,0,0,12407923,0,0,0,0
payload_scan,4,4,6,889275,889243,191768129,191768097,0,191768113,0,0,W,0,0,0,0,0,0,0,0
bridge,5,5,7,889403,889371,191768257,191768097,191768225,0,0,0,W,0,0,0,0,128,0,0,0
router,1,3,3,1116520,1116552,192884297,192884297,0,192884297,0,0,W,0,0,0,0,0,0,0,0
firewall,2,1,4,1117793,1100834,205309183,192884297,0,205292800,0,0,W,0,7143576,576,883577483,12408499,0,0,0
ndpi_stat,3,2,5,1100691,1116136,192884297,192884297,0,192884297,0,0,W,0,576,0,12408499,0,0,0,0
payload_scan,4,4,6,1116040,1116040,192884297,192884297,0,192884297,0,0,W,0,0,0,0,0,0,0,0
bridge,5,5,7,1115944,1115976,192884297,192884169,192884297,0,0,0,W,0,0,0,0,128,0,0,0
router,1,3,3,1145419,1145419,194029716,194029716,0,194029716,0,0,W,0,0,0,0,0,0,0,0
firewall,2,1,4,1145420,1145419,206454603,194029716,0,206438215,0,0,W,0,7119546,0,890697029,12408499,0,0,0
ndpi_stat,3,2,5,1145419,1145419,194029716,194029716,0,194029716,0,0,W,0,0,0,12408499,0,0,0,0
payload_scan,4,4,6,1145419,1145419,194029716,194029716,0,194029716,0,0,W,0,0,0,0,0,0,0,0
bridge,5,5,7,1145419,1145419,194029716,194029588,194029716,0,0,0,W,0,0,0,0,128,0,0,0
router,1,3,3,1138247,1138247,195167963,195167963,0,195167963,0,0,W,0,0,0,0,0,0,0,0
firewall,2,1,4,1248041,1138247,207702644,195167963,0,207686261,0,0,W,0,8331168,109799,899028197,12518298,0,0,0
ndpi_stat,3,2,5,1138247,1138247,195167963,195167963,0,195167963,0,0,W,0,109799,0,12518298,0,0,0,0
payload_scan,4,4,6,1138247,1138247,195167963,195167963,0,195167963,0,0,W,0,0,0,0,0,0,0,0
bridge,5,5,7,1138247,1138247,195167963,195167835,195167963,0,0,0,W,0,0,0,0,128,0,0,0
router,1,3,3,1131680,1131680,196299643,196299643,0,196299643,0,0,W,0,0,0,0,0,0,0,0
firewall,2,1,4,1254916,1131680,208957560,196299643,0,208941150,0,0,W,0,8776134,123209,907804331,12641507,0,0,0
ndpi_stat,3,2,5,1131680,1131680,196299643,196299643,0,196299643,0,0,W,0,123209,0,12641507,0,0,0,0
payload_scan,4,4,6,1131680,1131680,196299643,196299643,0,196299643,0,0,W,0,0,0,0,0,0,0,0
bridge,5,5,7,1131680,1131680,196299643,196299515,196299643,0,0,0,W,0,0,0,0,128,0,0,0
router,1,3,3,1156167,1156167,197455810,197455810,0,197455810,0,0,W,0,0,0,0,0,0,0,0
firewall,2,1,4,1276741,1156167,210234301,197455810,0,210217901,0,0,W,0,8724542,120584,916528873,12762091,0,0,0
ndpi_stat,3,2,5,1156167,1156167,197455810,197455810,0,197455810,0,0,W,0,120584,0,12762091,0,0,0,0
payload_scan,4,4,6,1156167,1156167,197455810,197455810,0,197455810,0,0,W,0,0,0,0,0,0,0,0
bridge,5,5,7,1156167,1156167,197455810,197455682,197455810,0,0,0,W,0,0,0,0,128,0,0,0
router,1,3,3,1175931,1175931,198631741,198631741,0,198631741,0,0,W,0,0,0,0,0,0,0,0
firewall,2,1,4,1279767,1175931,211514068,198631741,0,211497684,0,0,W,0,8719245,103852,925248118,12865943,0,0,0
ndpi_stat,3,2,5,1175931,1175931,198631741,198631741,0,198631741,0,0,W,0,103852,0,12865943,0,0,0,0
payload_scan,4,4,6,1175931,1175931,198631741,198631741,0,198631741,0,0,W,0,0,0,0,0,0,0,0
bridge,5,5,7,1175931,1175931,198631741,198631613,198631741,0,0,0,W,0,0,0,0,128,0,0,0
router,1,3,3,1161716,1161716,199793457,199793457,0,199793457,0,0,W,0,0,0,0,0,0,0,0
firewall,2,1,4,1312381,1161716,212826449,199793457,0,212810066,0,0,W,0,8708969,150666,933957087,13016609,0,0,0
ndpi_stat,3,2,5,1161716,1161716,199793457,199793457,0,199793457,0,0,W,0,150666,0,13016609,0,0,0,0
payload_scan,4,4,6,1161716,1161716,199793457,199793457,0,199793457,0,0,W,0,0,0,0,0,0,0,0
bridge,5,5,7,1161716,1161716,199793457,199793329,199793457,0,0,0,W,0,0,0,0,128,0,0,0
router,1,3,3,1108478,1108446,200901935,200901903,0,200901903,0,0,W,0,0,0,0,0,0,0,0
firewall,2,1,4,1237218,1120158,214063667,200913615,0,214056280,0,0,W,0,8777148,126056,942734235,13142665,0,0,0
ndpi_stat,3,2,5,1120478,1108798,200913935,200902255,0,200902255,0,0,W,0,126056,0,13142665,0,0,0,0
payload_scan,4,4,6,1108894,1108862,200902351,200902319,0,200902319,0,0,W,0,0,0,0,0,0,0,0
bridge,5,5,7,1108958,1108958,200902415,200902287,200902415,0,0,0,W,0,0,0,0,128,0,0,0
router,1,3,3,1152303,1152335,202054430,202054430,0,202054430,0,0,W,0,0,0,0,0,0,0,0
firewall,2,1,4,1268625,1140495,215332464,202054430,0,215316076,0,0,W,0,8724931,118981,951459166,13261646,0,0,0
ndpi_stat,3,2,5,1140207,1152079,202054430,202054430,0,202054430,0,0,W,0,118981,0,13261646,0,0,0,0
payload_scan,4,4,6,1151983,1152015,202054430,202054430,0,202054430,0,0,W,0,0,0,0,0,0,0,0
bridge,5,5,7,1151887,1151919,202054430,202054302,202054430,0,0,0,W,0,0,0,0,128,0,0,0
router,1,3,3,813454,813454,202867884,202867884,0,202867884,0,0,W,0,0,0,0,0,0,0,0
firewall,2,1,4,905677,813454,216238141,202867884,0,216221744,0,0,W,0,8331943,92204,959791109,13353850,0,0,0
ndpi_stat,3,2,5,813454,813454,202867884,202867884,0,202867884,0,0,W,0,92204,0,13353850,0,0,0,0
payload_scan,4,4,6,813454,813454,202867884,202867884,0,202867884,0,0,W,0,0,0,0,0,0,0,0
bridge,5,5,7,813454,813422,202867884,202867724,202867884,0,0,0,W,0,0,32,0,160,0,0,0
router,1,3,3,1099286,1099254,203967170,203967138,0,203967138,0,0,W,0,0,0,0,0,0,0,0
firewall,2,1,4,1230157,1115881,217468298,203983765,0,217468286,0,0,W,0,8730475,130671,968521584,13484521,0,0,0
ndpi_stat,3,2,5,1116061,1099670,203983945,203967554,0,203967554,0,0,W,0,130671,0,13484521,0,0,0,0
payload_scan,4,4,6,1099766,1099766,203967650,203967650,0,203967650,0,0,W,0,0,0,0,0,0,0,0
bridge,5,5,7,1099894,1099862,203967778,203967586,203967746,0,0,0,W,0,0,0,0,160,0,0,0
router,1,3,3,1141903,1141935,205109329,205109329,0,205109329,0,0,W,0,0,0,0,0,0,0,0
firewall,2,1,4,1286790,1125384,218755284,205109329,0,218738880,0,0,W,0,8736734,145030,977258318,13629551,0,0,0
ndpi_stat,3,2,5,1125260,1141647,205109329,205109329,0,205109329,0,0,W,0,145030,0,13629551,0,0,0,0
payload_scan,4,4,6,1141551,1141551,205109329,205109329,0,205109329,0,0,W,0,0,0,0,0,0,0,0
bridge,5,5,7,1141455,1141455,205109329,205109169,205109329,0,0,0,W,0,0,0,0,160,0,0,0
router,1,3,3,959246,959246,206068575,206068575,0,206068575,0,0,W,0,0,0,0,0,0,0,0
firewall,2,1,4,988785,959246,219744069,206068575,0,219727686,0,0,W,0,5694920,29560,982953238,13659111,0,0,0
ndpi_stat,3,2,5,959246,959246,206068575,206068575,0,206068575,0,0,W,0,29560,0,13659111,0,0,0,0
payload_scan,4,4,6,959246,959246,206068575,206068575,0,206068575,0,0,W,0,0,0,0,0,0,0,0
bridge,5,5,7,959246,959246,206068575,206068415,206068575,0,0,0,W,0,0,0,0,160,0,0,0
router,1,3,3,891041,891009,206959616,206959584,0,206959611,0,0,W,0,0,0,0,0,0,0,0
firewall,2,1,4,882189,898571,220626258,206967146,0,220626257,0,0,W,0,4922761,0,987875999,13659111,0,0,0
ndpi_stat,3,2,5,898711,891521,206967286,206960096,0,206960096,0,0,W,0,0,0,13659111,0,0,0,0
payload_scan,4,4,6,891649,891617,206960224,206960192,0,206960192,0,0,W,0,0,0,0,0,0,0,0
bridge,5,5,7,891745,891713,206960320,206960128,206960288,0,0,0,W,0,0,0,0,160,0,0,0
router,1,3,3,884027,884059,207843867,207843867,0,207843867,0,0,W,0,0,0,0,0,0,0,0
firewall,2,1,4,892962,876581,221519361,207843867,0,221502978,0,0,W,0,4912685,0,992788684,13659111,0,0,0
ndpi_stat,3,2,5,876505,883643,207843867,207843867,0,207843867,0,0,W,0,0,0,13659111,0,0,0,0
payload_scan,4,4,6,883547,883547,207843867,207843867,0,207843867,0,0,W,0,0,0,0,0,0,0,0
bridge,5,5,7,883451,883451,207843867,207843707,207843867,0,0,0,W,0,0,0,0,160,0,0,0
router,1,3,3,908052,908052,208751919,208751919,0,208751919,0,0,W,0,0,0,0,0,0,0,0
firewall,2,1,4,908052,908052,222427413,208751919,0,222411030,0,0,W,0,4897805,0,997686489,13659111,0,0,0
ndpi_stat,3,2,5,908052,908052,208751919,208751919,0,208751919,0,0,W,0,0,0,13659111,0,0,0,0
payload_scan,4,4,6,908052,908052,208751919,208751919,0,208751919,0,0,W,0,0,0,0,0,0,0,0
bridge,5,5,7,908052,908052,208751919,208751759,208751919,0,0,0,W,0,0,0,0,160,0,0,0
router,1,3,3,912596,912596,209664515,209664515,0,209664515,0,0,W,0,0,0,0,0,0,0,0
firewall,2,1,4,912600,912596,223340013,209664515,0,223323626,0,0,W,0,4892429,0,1002578918,13659111,0,0,0
ndpi_stat,3,2,5,912596,912596,209664515,209664515,0,209664515,0,0,W,0,0,0,13659111,0,0,0,0
payload_scan,4,4,6,912596,912596,209664515,209664515,0,209664515,0,0,W,0,0,0,0,0,0,0,0
bridge,5,5,7,912596,912596,209664515,209664355,209664515,0,0,0,W,0,0,0,0,160,0,0,0
router,1,3,3,868057,868057,210532572,210532572,0,210532572,0,0,W,0,0,0,0,0,0,0,0
firewall,2,1,4,868053,868057,224208066,210532572,0,224191683,0,0,W,0,4936697,0,1007515615,13659111,0,0,0
ndpi_stat,3,2,5,868057,868057,210532572,210532572,0,210532572,0,0,W,0,0,0,13659111,0,0,0,0
payload_scan,4,4,6,868057,868057,210532572,210532572,0,210532572,0,0,W,0,0,0,0,0,0,0,0
bridge,5,5,7,868057,868057,210532572,210532412,210532572,0,0,0,W,0,0,0,0,160,0,0,0
router,1,3,3,912229,912229,211444801,211444801,0,211444801,0,0,W,0,0,0,0,0,0,0,0
firewall,2,1,4,912229,912229,225120295,211444801,0,225103912,0,0,W,0,4894209,0,1012409824,13659111,0,0,0
ndpi_stat,3,2,5,912229,912229,211444801,211444801,0,211444801,0,0,W,0,0,0,13659111,0,0,0,0
payload_scan,4,4,6,912229,912229,211444801,211444801,0,211444801,0,0,W,0,0,0,0,0,0,0,0
bridge,5,5,7,912229,912229,211444801,211444641,211444801,0,0,0,W,0,0,0,0,160,0,0,0
router,1,3,3,679048,679048,212123849,212123849,0,212123849,0,0,W,0,0,0,0,0,0,0,0
firewall,2,1,4,679080,679048,225799375,212123849,0,225782960,0,0,W,0,4980327,0,1017390151,13659111,0,0,0
ndpi_stat,3,2,5,679048,679048,212123849,212123849,0,212123849,0,0,W,0,0,0,13659111,0,0,0,0
payload_scan,4,4,6,679048,679048,212123849,212123849,0,212123849,0,0,W,0,0,0,0,0,0,0,0
bridge,5,5,7,679048,679048,212123849,212123689,212123849,0,0,0,W,0,0,0,0,160,0,0,0
router,1,3,3,721283,721283,212845132,212845132,0,212845132,0,0,W,0,0,0,0,0,0,0,0
firewall,2,1,4,721254,721283,226520629,212845132,0,226504243,0,0,W,0,5023203,0,1022413354,13659111,0,0,0
ndpi_stat,3,2,5,721283,721283,212845132,212845132,0,212845132,0,0,W,0,0,0,13659111,0,0,0,0
payload_scan,4,4,6,721283,721283,212845132,212845132,0,212845132,0,0,W,0,0,0,0,0,0,0,0
bridge,5,5,7,721283,721283,212845132,212844972,212845132,0,0,0,W,0,0,0,0,160,0,0,0
router,1,3,3,868637,868637,213713769,213713769,0,213713769,0,0,W,0,0,0,0,0,0,0,0
firewall,2,1,4,868634,868637,227389263,213713769,0,227372880,0,0,W,0,4936302,0,1027349656,13659111,0,0,0
ndpi_stat,3,2,5,868637,868637,213713769,213713769,0,213713769,0,0,W,0,0,0,13659111,0,0,0,0
payload_scan,4,4,6,868637,868637,213713769,213713769,0,213713769,0,0,W,0,0,0,0,0,0,0,0
bridge,5,5,7,868637,868637,213713769,213713609,213713769,0,0,0,W,0,0,0,0,160,0,0,0
router,1,3,3,1034441,1034441,214748210,214748210,0,214748210,0,0,W,0,0,0,0,0,0,0,0
firewall,2,1,4,1034441,1034441,228423704,214748210,0,228407321,0,0,W,0,6154875,0,1033504531,13659111,0,0,0
ndpi_stat,3,2,5,1034441,1034441,214748210,214748210,0,214748210,0,0,W,0,0,0,13659111,0,0,0,0
payload_scan,4,4,6,1034441,1034441,214748210,214748210,0,214748210,0,0,W,0,0,0,0,0,0,0,0
bridge,5,5,7,1034441,1034441,214748210,214748050,214748210,0,0,0,W,0,0,0,0,160,0,0,0
router,1,3,3,1072668,1072668,215820878,215820878,0,215820878,0,0,W,0,0,0,0,0,0,0,0
firewall,2,1,4,1072668,1072668,229496372,215820878,0,229479989,0,0,W,0,6468939,0,1039973470,13659111,0,0,0
ndpi_stat,3,2,5,1072668,1072668,215820878,215820878,0,215820878,0,0,W,0,0,0,13659111,0,0,0,0
payload_scan,4,4,6,1072668,1072668,215820878,215820878,0,215820878,0,0,W,0,0,0,0,0,0,0,0
bridge,5,5,7,1072668,1072668,215820878,215820718,215820878,0,0,0,W,0,0,0,0,160,0,0,0
router,1,3,3,1025845,1025845,216846723,216846723,0,216846723,0,0,W,0,0,0,0,0,0,0,0
firewall,2,1,4,1026401,1040629,230522773,216861507,0,230522570,0,0,W,0,6489881,1952,1046463351,13661063,0,0,0
ndpi_stat,3,2,5,1040853,1026165,216861731,216847043,0,216847043,0,0,W,0,1952,0,13661063,0,0,0,0
payload_scan,4,4,6,1026261,1026261,216847139,216847139,0,216847139,0,0,W,0,0,0,0,0,0,0,0
bridge,5,5,7,1026421,1026389,216847299,216847107,216847267,0,0,0,W,0,0,0,0,160,0,0,0
router,1,3,3,1067966,1067998,217914913,217914913,0,217914913,0,0,W,0,0,0,0,0,0,0,0
firewall,2,1,4,1069494,1053182,231592364,217914913,0,231575976,0,0,W,0,6440675,0,1052904026,13661063,0,0,0
ndpi_stat,3,2,5,1053024,1067742,217914913,217914913,0,217914913,0,0,W,0,0,0,13661063,0,0,0,0
payload_scan,4,4,6,1067614,1067614,217914913,217914913,0,217914913,0,0,W,0,0,0,0,0,0,0,0
bridge,5,5,7,1067518,1067518,217914913,217914753,217914913,0,0,0,W,0,0,0,0,160,0,0,0
router,1,3,3,1073435,1073435,218988348,218988348,0,218988348,0,0,W,0,0,0,0,0,0,0,0
firewall,2,1,4,1073430,1073435,232665794,218988348,0,232649411,0,0,W,0,6467335,0,1059371361,13661063,0,0,0
ndpi_stat,3,2,5,1073435,1073435,218988348,218988348,0,218988348,0,0,W,0,0,0,13661063,0,0,0,0
payload_scan,4,4,6,1073435,1073435,218988348,218988348,0,218988348,0,0,W,0,0,0,0,0,0,0,0
bridge,5,5,7,1073435,1073435,218988348,218988188,218988348,0,0,0,W,0,0,0,0,160,0,0,0
router,1,3,3,1067997,1067997,220056345,220056345,0,220056345,0,0,W,0,0,0,0,0,0,0,0
firewall,2,1,4,1067997,1067997,233733791,220056345,0,233717408,0,0,W,0,6477722,0,1065849083,13661063,0,0,0
ndpi_stat,3,2,5,1067997,1067997,220056345,220056345,0,220056345,0,0,W,0,0,0,13661063,0,0,0,0
payload_scan,4,4,6,1067997,1067997,220056345,220056345,0,220056345,0,0,W,0,0,0,0,0,0,0,0
bridge,5,5,7,1067997,1067997,220056345,220056185,220056345,0,0,0,W,0,0,0,0,160,0,0,0
router,1,3,3,1018540,1018540,221074885,221074885,0,221074885,0,0,W,0,0,0,0,0,0,0,0
firewall,2,1,4,1018540,1018540,234752331,221074885,0,234735948,0,0,W,0,6520387,0,1072369470,13661063,0,0,0
ndpi_stat,3,2,5,1018540,1018540,221074885,221074885,0,221074885,0,0,W,0,0,0,13661063,0,0,0,0
payload_scan,4,4,6,1018540,1018540,221074885,221074885,0,221074885,0,0,W,0,0,0,0,0,0,0,0
bridge,5,5,7,1018540,1018540,221074885,221074725,221074885,0,0,0,W,0,0,0,0,160,0,0,0
router,1,3,3,1032578,1032578,222107463,222107463,0,222107463,0,0,W,0,0,0,0,0,0,0,0
firewall,2,1,4,1032610,1032578,235784941,222107463,0,235768526,0,0,W,0,6482501,0,1078851971,13661063,0,0,0
ndpi_stat,3,2,5,1032578,1032578,222107463,222107463,0,222107463,0,0,W,0,0,0,13661063,0,0,0,0
payload_scan,4,4,6,1032578,1032578,222107463,222107463,0,222107463,0,0,W,0,0,0,0,0,0,0,0
bridge,5,5,7,1032578,1032578,222107463,222107303,222107463,0,0,0,W,0,0,0,0,160,0,0,0
router,1,3,3,758924,758924,222866387,222866387,0,222866387,0,0,W,0,0,0,0,0,0,0,0
firewall,2,1,4,758897,758924,236543838,222866387,0,236527455,0,0,W,0,6605960,0,1085457931,13661063,0,0,0
ndpi_stat,3,2,5,758924,758924,222866387,222866387,0,222866387,0,0,W,0,0,0,13661063,0,0,0,0
payload_scan,4,4,6,758924,758924,222866387,222866387,0,222866387,0,0,W,0,0,0,0,0,0,0,0
bridge,5,5,7,758924,758924,222866387,222866227,222866387,0,0,0,W,0,0,0,0,160,0,0,0
router,1,3,3,1023977,1023977,223890364,223890364,0,223890364,0,0,W,0,0,0,0,0,0,0,0
firewall,2,1,4,1023972,1023977,237567810,223890364,0,237551427,0,0,W,0,6522577,0,1091980508,13661063,0,0,0
ndpi_stat,3,2,5,1023977,1023977,223890364,223890364,0,223890364,0,0,W,0,0,0,13661063,0,0,0,0
payload_scan,4,4,6,1023977,1023977,223890364,223890364,0,223890364,0,0,W,0,0,0,0,0,0,0,0
bridge,5,5,7,1023977,1023977,223890364,223890204,223890364,0,0,0,W,0,0,0,0,160,0,0,0
router,1,3,3,1143223,1143223,225033587,225033587,0,225033587,0,0,W,0,0,0,0,0,0,0,0
firewall,2,1,4,1180269,1143223,238748079,225033587,0,238731691,0,0,W,0,7714143,37038,1099694651,13698101,0,0,0
ndpi_stat,3,2,5,1143223,1143223,225033587,225033587,0,225033587,0,0,W,0,37038,0,13698101,0,0,0,0
payload_scan,4,4,6,1143223,1143223,225033587,225033587,0,225033587,0,0,W,0,0,0,0,0,0,0,0
bridge,5,5,7,1143223,1143223,225033587,225033427,225033587,0,0,0,W,0,0,0,0,160,0,0,0
router,1,3,3,1174656,1174656,226208243,226208243,0,226208243,0,0,W,0,0,0,0,0,0,0,0
firewall,2,1,4,1214752,1174656,239962831,226208243,0,239946448,0,0,W,0,8058438,40104,1107753089,13738205,0,0,0
ndpi_stat,3,2,5,1174656,1174656,226208243,226208243,0,226208243,0,0,W,0,40104,0,13738205,0,0,0,0
payload_scan,4,4,6,1174656,1174656,226208243,226208243,0,226208243,0,0,W,0,0,0,0,0,0,0,0
bridge,5,5,7,1174656,1174656,226208243,226208083,226208243,0,0,0,W,0,0,0,0,160,0,0,0
router,1,3,3,1160138,1160138,227368381,227368381,0,227368381,0,0,W,0,0,0,0,0,0,0,0
firewall,2,1,4,1209538,1168573,241172369,227376816,0,241172369,0,0,W,0,8036488,57348,1115789577,13795553,0,0,0
ndpi_stat,3,2,5,1168673,1160554,227376916,227368797,0,227368797,0,0,W,0,57348,0,13795553,0,0,0,0
payload_scan,4,4,6,1160650,1160618,227368893,227368861,0,227368861,0,0,W,0,0,0,0,0,0,0,0
bridge,5,5,7,1160810,1160778,227369053,227368861,227369021,0,0,0,W,0,0,0,0,160,0,0,0
router,1,3,3,1138479,1138479,228507116,228507116,0,228507116,0,0,W,0,0,0,0,0,0,0,0
firewall,2,1,4,1209522,1130200,242382007,228507116,0,242365613,0,0,W,0,8046274,62944,1123835851,13858497,0,0,0
ndpi_stat,3,2,5,1130112,1138191,228507116,228507116,0,228507116,0,0,W,0,62944,0,13858497,0,0,0,0
payload_scan,4,4,6,1138063,1138063,228507116,228507116,0,228507116,0,0,W,0,0,0,0,0,0,0,0
bridge,5,5,7,1137775,1137807,228507116,228506956,228507116,0,0,0,W,0,0,0,0,160,0,0,0
router,1,3,3,1166259,1166259,229673375,229673375,0,229673375,0,0,W,0,0,0,0,0,0,0,0
firewall,2,1,4,1224361,1166259,243606368,229673375,0,243589973,0,0,W,0,8042660,58101,1131878511,13916598,0,0,0
ndpi_stat,3,2,5,1166259,1166259,229673375,229673375,0,229673375,0,0,W,0,58101,0,13916598,0,0,0,0
payload_scan,4,4,6,1166259,1166259,229673375,229673375,0,229673375,0,0,W,0,0,0,0,0,0,0,0
bridge,5,5,7,1166259,1166259,229673375,229673215,229673375,0,0,0,W,0,0,0,0,160,0,0,0
router,1,3,3,1161346,1161346,230834721,230834721,0,230834721,0,0,W,0,0,0,0,0,0,0,0
firewall,2,1,4,1209908,1161346,244816276,230834721,0,244799893,0,0,W,0,7913936,48574,1139792447,13965172,0,0,0
ndpi_stat,3,2,5,1161346,1161346,230834721,230834721,0,230834721,0,0,W,0,48574,0,13965172,0,0,0,0
payload_scan,4,4,6,1161346,1161346,230834721,230834721,0,230834721,0,0,W,0,0,0,0,0,0,0,0
bridge,5,5,7,1161346,1161346,230834721,230834561,230834721,0,0,0,W,0,0,0,0,160,0,0,0
router,1,3,3,1121729,1121729,231956450,231956450,0,231956450,0,0,W,0,0,0,0,0,0,0,0
firewall,2,1,4,1187883,1136961,246004159,231971682,0,246001085,0,0,W,0,8064987,64231,1147857434,14029403,0,0,0
ndpi_stat,3,2,5,1137249,1122049,231971970,231956770,0,231956770,0,0,W,0,64231,0,14029403,0,0,0,0
payload_scan,4,4,6,1122145,1122113,231956866,231956834,0,231956834,0,0,W,0,0,0,0,0,0,0,0
bridge,5,5,7,1122273,1122273,231956994,231956834,231956994,0,0,0,W,0,0,0,0,160,0,0,0
router,1,3,3,1165647,1165647,233122289,233122289,0,233122289,0,0,W,0,0,0,0,0,0,0,0
firewall,2,1,4,1223393,1150319,247227697,233122289,0,247211309,0,0,W,0,8045220,59617,1155902654,14089020,0,0,0
ndpi_stat,3,2,5,1150063,1165423,233122289,233122289,0,233122289,0,0,W,0,59617,0,14089020,0,0,0,0
payload_scan,4,4,6,1165263,1165295,233122289,233122289,0,233122289,0,0,W,0,0,0,0,0,0,0,0
bridge,5,5,7,1165199,1165199,233122289,233122129,233122289,0,0,0,W,0,0,0,0,160,0,0,0
router,1,3,3,963924,963924,234086213,234086213,0,234086213,0,0,W,0,0,0,0,0,0,0,0
firewall,2,1,4,1016512,963924,248244209,234086213,0,248227826,0,0,W,0,8077458,52593,1163980112,14141613,0,0,0
ndpi_stat,3,2,5,963924,963924,234086213,234086213,0,234086213,0,0,W,0,52593,0,14141613,0,0,0,0
payload_scan,4,4,6,963924,963924,234086213,234086213,0,234086213,0,0,W,0,0,0,0,0,0,0,0
bridge,5,5,7,963924,963924,234086213,234086053,234086213,0,0,0,W,0,0,0,0,160,0,0,0
router,1,3,3,1159328,1159328,235245541,235245541,0,235245541,0,0,W,0,0,0,0,0,0,0,0
firewall,2,1,4,1217554,1159328,249461763,235245541,0,249445368,0,0,W,0,8043623,58214,1172023735,14199827,0,0,0
ndpi_stat,3,2,5,1159328,1159328,235245541,235245541,0,235245541,0,0,W,0,58214,0,14199827,0,0,0,0
payload_scan,4,4,6,1159328,1159328,235245541,235245541,0,235245541,0,0,W,0,0,0,0,0,0,0,0
bridge,5,5,7,1159328,1159328,235245541,235245381,235245541,0,0,0,W,0,0,0,0,160,0,0,0
router,1,3,3,1118621,1118621,236364162,236364162,0,236364162,0,0,W,0,0,0,0,0,0,0,0
firewall,2,1,4,1146578,1118621,250608341,236364162,0,250591958,0,0,W,0,7757061,27969,1179780796,14227796,0,0,0
ndpi_stat,3,2,5,1118621,1118621,236364162,236364162,0,236364162,0,0,W,0,27969,0,14227796,0,0,0,0
payload_scan,4,4,6,1118621,1118621,236364162,236364162,0,236364162,0,0,W,0,0,0,0,0,0,0,0
bridge,5,5,7,1118621,1118621,236364162,236364002,236364162,0,0,0,W,0,0,0,0,160,0,0,0
router,1,3,3,1162856,1162856,237527018,237527018,0,237527018,0,0,W,0,0,0,0,0,0,0,0
firewall,2,1,4,1188310,1162856,251796651,237527018,0,251780262,0,0,W,0,7641775,25448,1187422571,14253244,0,0,0
ndpi_stat,3,2,5,1162856,1162856,237527018,237527018,0,237527018,0,0,W,0,25448,0,14253244,0,0,0,0
payload_scan,4,4,6,1162856,1162856,237527018,237527018,0,237527018,0,0,W,0,0,0,0,0,0,0,0
bridge,5,5,7,1162856,1162856,237527018,237526858,237527018,0,0,0,W,0,0,0,0,160,0,0,0
router,1,3,3,1149394,1149394,238676412,238676412,0,238676412,0,0,W,0,0,0,0,0,0,0,0
firewall,2,1,4,1177635,1149394,252974286,238676412,0,252957903,0,0,W,0,7655846,28247,1195078417,14281491,0,0,0
ndpi_stat,3,2,5,1149394,1149394,238676412,238676412,0,238676412,0,0,W,0,28247,0,14281491,0,0,0,0
payload_scan,4,4,6,1149394,1149394,238676412,238676412,0,238676412,0,0,W,0,0,0,0,0,0,0,0
bridge,5,5,7,1149394,1149394,238676412,238676252,238676412,0,0,0,W,0,0,0,0,160,0,0,0
router,1,3,3,1103977,1103977,239780389,239780389,0,239780389,0,0,W,0,0,0,0,0,0,0,0
firewall,2,1,4,1129204,1103977,254103490,239780389,0,254087107,0,0,W,0,7689917,25224,1202768334,14306715,0,0,0
ndpi_stat,3,2,5,1103977,1103977,239780389,239780389,0,239780389,0,0,W,0,25224,0,14306715,0,0,0,0
payload_scan,4,4,6,1103977,1103977,239780389,239780389,0,239780389,0,0,W,0,0,0,0,0,0,0,0
bridge,5,5,7,1103977,1103977,239780389,239780229,239780389,0,0,0,W,0,0,0,0,160,0,0,0
router,1,3,3,1138126,1138126,240918515,240918515,0,240918515,0,0,W,0,0,0,0,0,0,0,0
firewall,2,1,4,1159106,1138126,255262596,240918515,0,255246213,0,0,W,0,7570134,20983,1210338468,14327698,0,0,0
ndpi_stat,3,2,5,1138126,1138126,240918515,240918515,0,240918515,0,0,W,0,20983,0,14327698,0,0,0,0
payload_scan,4,4,6,1138126,1138126,240918515,240918515,0,240918515,0,0,W,0,0,0,0,0,0,0,0
bridge,5,5,7,1138126,1138126,240918515,240918355,240918515,0,0,0,W,0,0,0,0,160,0,0,0
router,1,3,3,1127136,1127136,242045651,242045651,0,242045651,0,0,W,0,0,0,0,0,0,0,0
firewall,2,1,4,1191501,1127136,256454097,242045651,0,256437714,0,0,W,0,7636253,64365,1217974721,14392063,0,0,0
ndpi_stat,3,2,5,1127136,1127136,242045651,242045651,0,242045651,0,0,W,0,64365,0,14392063,0,0,0,0
payload_scan,4,4,6,1127136,1127136,242045651,242045651,0,242045651,0,0,W,0,0,0,0,0,0,0,0
bridge,5,5,7,1127136,1127136,242045651,242045491,242045651,0,0,0,W,0,0,0,0,160,0,0,0
router,1,3,3,1111459,1111459,243157110,243157110,0,243157110,0,0,W,0,0,0,0,0,0,0,0
firewall,2,1,4,1135754,1111459,257589851,243157110,0,257573468,0,0,W,0,7692472,24295,1225667193,14416358,0,0,0
ndpi_stat,3,2,5,1111459,1111459,243157110,243157110,0,243157110,0,0,W,0,24295,0,14416358,0,0,0,0
payload_scan,4,4,6,1111459,1111459,243157110,243157110,0,243157110,0,0,W,0,0,0,0,0,0,0,0
bridge,5,5,7,1111459,1111459,243157110,243156950,243157110,0,0,0,W,0,0,0,0,160,0,0,0
router,1,3,3,1163427,1163427,244320537,244320537,0,244320537,0,0,W,0,0,0,0,0,0,0,0
firewall,2,1,4,1191279,1163427,258781130,244320537,0,258764747,0,0,W,0,7631774,27852,1233298967,14444210,0,0,0
ndpi_stat,3,2,5,1163427,1163427,244320537,244320537,0,244320537,0,0,W,0,27852,0,14444210,0,0,0,0
payload_scan,4,4,6,1163427,1163427,244320537,244320537,0,244320537,0,0,W,0,0,0,0,0,0,0,0
bridge,5,5,7,1163427,1163427,244320537,244320377,244320537,0,0,0,W,0,0,0,0,160,0,0,0
router,1,3,3,934722,934722,245255259,245255259,0,245255259,0,0,W,0,0,0,0,0,0,0,0
firewall,2,1,4,953136,934722,259734266,245255259,0,259717877,0,0,W,0,7612139,18408,1240911106,14462618,0,0,0
ndpi_stat,3,2,5,934722,934722,245255259,245255259,0,245255259,0,0,W,0,18408,0,14462618,0,0,0,0
payload_scan,4,4,6,934722,934722,245255259,245255259,0,245255259,0,0,W,0,0,0,0,0,0,0,0
bridge,5,5,7,934722,934722,245255259,245255099,245255259,0,0,0,W,0,0,0,0,160,0,0,0
router,1,3,3,1139775,1139775,246395034,246395034,0,246395034,0,0,W,0,0,0,0,0,0,0,0
firewall,2,1,4,1152802,1139775,260887068,246395034,0,260883036,0,0,W,0,7651962,25384,1248563068,14488002,0,0,0
ndpi_stat,3,2,5,1139775,1139775,246395034,246395034,0,246395034,0,0,W,0,25384,0,14488002,0,0,0,0
payload_scan,4,4,6,1139775,1139775,246395034,246395034,0,246395034,0,0,W,0,0,0,0,0,0,0,0
bridge,5,5,7,1139775,1139775,246395034,246394874,246395034,0,0,0,W,0,0,0,0,160,0,0,0
router,1,3,3,750178,750178,247145212,247145212,0,247145212,0,0,W,0,0,0,0,0,0,0,0
firewall,2,1,4,766700,750178,261653850,247145212,0,261637467,0,0,W,0,3775202,4253,1252338270,14492255,0,0,0
ndpi_stat,3,2,5,750178,750178,247145212,247145212,0,247145212,0,0,W,0,4253,0,14492255,0,0,0,0
payload_scan,4,4,6,750178,750178,247145212,247145212,0,247145212,0,0,W,0,0,0,0,0,0,0,0
bridge,5,5,7,750178,750178,247145212,247145052,247145212,0,0,0,W,0,0,0,0,160,0,0,0
router,1,3,3,696468,696468,247841680,247841680,0,247841680,0,0,W,0,0,0,0,0,0,0,0
firewall,2,1,4,696468,696468,262350318,247841680,0,262333935,0,0,W,0,2797871,0,1255136141,14492255,0,0,0
ndpi_stat,3,2,5,696468,696468,247841680,247841680,0,247841680,0,0,W,0,0,0,14492255,0,0,0,0
payload_scan,4,4,6,696468,696468,247841680,247841680,0,247841680,0,0,W,0,0,0,0,0,0,0,0
bridge,5,5,7,696468,696468,247841680,247841520,247841680,0,0,0,W,0,0,0,0,160,0,0,0
router,1,3,3,694393,694393,248536073,248536073,0,248536073,0,0,W,0,0,0,0,0,0,0,0
firewall,2,1,4,683129,694393,263033447,248536073,0,263028330,0,0,W,0,2812308,0,1257948449,14492255,0,0,0
ndpi_stat,3,2,5,694393,694393,248536073,248536073,0,248536073,0,0,W,0,0,0,14492255,0,0,0,0
payload_scan,4,4,6,694393,694393,248536073,248536073,0,248536073,0,0,W,0,0,0,0,0,0,0,0
bridge,5,5,7,694393,694393,248536073,248535913,248536073,0,0,0,W,0,0,0,0,160,0,0,0
router,1,3,3,666300,666300,249202373,249202373,0,249202373,0,0,W,0,0,0,0,0,0,0,0
firewall,2,1,4,676764,666300,263711011,249202373,0,263694628,0,0,W,0,2818400,0,1260766849,14492255,0,0,0
ndpi_stat,3,2,5,666300,666300,249202373,249202373,0,249202373,0,0,W,0,0,0,14492255,0,0,0,0
payload_scan,4,4,6,666300,666300,249202373,249202373,0,249202373,0,0,W,0,0,0,0,0,0,0,0
bridge,5,5,7,666300,666300,249202373,249202213,249202373,0,0,0,W,0,0,0,0,160,0,0,0
router,1,3,3,696710,696710,249899083,249899083,0,249899083,0,0,W,0,0,0,0,0,0,0,0
firewall,2,1,4,696711,696710,264407722,249899083,0,264391339,0,0,W,0,2798568,0,1263565417,14492255,0,0,0
ndpi_stat,3,2,5,696710,696710,249899083,249899083,0,249899083,0,0,W,0,0,0,14492255,0,0,0,0
payload_scan,4,4,6,696710,696710,249899083,249899083,0,249899083,0,0,W,0,0,0,0,0,0,0,0
bridge,5,5,7,696710,696710,249899083,249898923,249899083,0,0,0,W,0,0,0,0,160,0,0,0
router,1,3,3,698684,698684,250597767,250597767,0,250597767,0,0,W,0,0,0,0,0,0,0,0
firewall,2,1,4,698685,698684,265106407,250597767,0,265090023,0,0,W,0,2796245,0,1266361662,14492255,0,0,0
ndpi_stat,3,2,5,698684,698684,250597767,250597767,0,250597767,0,0,W,0,0,0,14492255,0,0,0,0
payload_scan,4,4,6,698684,698684,250597767,250597767,0,250597767,0,0,W,0,0,0,0,0,0,0,0
bridge,5,5,7,698684,698684,250597767,250597607,250597767,0,0,0,W,0,0,0,0,160,0,0,0
router,1,3,3,666400,666400,251264167,251264167,0,251264167,0,0,W,0,0,0,0,0,0,0,0
firewall,2,1,4,666430,666400,265772837,251264167,0,265756422,0,0,W,0,2828713,0,1269190375,14492255,0,0,0
ndpi_stat,3,2,5,666400,666400,251264167,251264167,0,251264167,0,0,W,0,0,0,14492255,0,0,0,0
payload_scan,4,4,6,666400,666400,251264167,251264167,0,251264167,0,0,W,0,0,0,0,0,0,0,0
bridge,5,5,7,666400,666400,251264167,251264007,251264167,0,0,0,W,0,0,0,0,160,0,0,0
router,1,3,3,696734,696734,251960901,251960901,0,251960901,0,0,W,0,0,0,0,0,0,0,0
firewall,2,1,4,696702,696734,266469539,251960901,0,266453156,0,0,W,0,2795813,0,1271986188,14492255,0,0,0
ndpi_stat,3,2,5,696734,696734,251960901,251960901,0,251960901,0,0,W,0,0,0,14492255,0,0,0,0
payload_scan,4,4,6,696734,696734,251960901,251960901,0,251960901,0,0,W,0,0,0,0,0,0,0,0
bridge,5,5,7,696734,696734,251960901,251960741,251960901,0,0,0,W,0,0,0,0,160,0,0,0
router,1,3,3,515192,515192,252476093,252476093,0,252476093,0,0,W,0,0,0,0,0,0,0,0
firewall,2,1,4,515224,515192,266984763,252476093,0,266968348,0,0,W,0,2957869,0,1274944057,14492255,0,0,0
ndpi_stat,3,2,5,515192,515192,252476093,252476093,0,252476093,0,0,W,0,0,0,14492255,0,0,0,0
payload_scan,4,4,6,515192,515192,252476093,252476093,0,252476093,0,0,W,0,0,0,0,0,0,0,0
bridge,5,5,7,515192,515192,252476093,252475933,252476093,0,0,0,W,0,0,0,0,160,0,0,0
router,1,3,3,609134,609134,253085227,253085227,0,253085227,0,0,W,0,0,0,0,0,0,0,0
firewall,2,1,4,609105,609134,267593868,253085227,0,267577485,0,0,W,0,2880596,0,1277824653,14492255,0,0,0
ndpi_stat,3,2,5,609134,609134,253085227,253085227,0,253085227,0,0,W,0,0,0,14492255,0,0,0,0
payload_scan,4,4,6,609134,609134,253085227,253085227,0,253085227,0,0,W,0,0,0,0,0,0,0,0
bridge,5,5,7,609134,609134,253085227,253085067,253085227,0,0,0,W,0,0,0,0,160,0,0,0
router,1,3,3,787666,787666,253872893,253872893,0,253872893,0,0,W,0,0,0,0,0,0,0,0
firewall,2,1,4,787665,787666,268381533,253872893,0,268365148,0,0,W,0,3701475,0,1281526128,14492255,0,0,0
ndpi_stat,3,2,5,787666,787666,253872893,253872893,0,253872893,0,0,W,0,0,0,14492255,0,0,0,0
payload_scan,4,4,6,787666,787666,253872893,253872893,0,253872893,0,0,W,0,0,0,0,0,0,0,0
bridge,5,5,7,787666,787666,253872893,253872733,253872893,0,0,0,W,0,0,0,0,160,0,0,0
router,1,3,3,805879,805879,254678772,254678772,0,254678772,0,0,W,0,0,0,0,0,0,0,0
firewall,2,1,4,805877,805879,269187410,254678772,0,269171027,0,0,W,0,3920326,0,1285446454,14492255,0,0,0
ndpi_stat,3,2,5,805879,805879,254678772,254678772,0,254678772,0,0,W,0,0,0,14492255,0,0,0,0
payload_scan,4,4,6,805879,805879,254678772,254678772,0,254678772,0,0,W,0,0,0,0,0,0,0,0
bridge,5,5,7,805879,805879,254678772,254678612,254678772,0,0,0,W,0,0,0,0,160,0,0,0
router,1,3,3,779107,779107,255457879,255457879,0,255457879,0,0,W,0,0,0,0,0,0,0,0
firewall,2,1,4,776657,787235,269964067,255466007,0,269958262,0,0,W,0,3950945,0,1289397399,14492255,0,0,0
ndpi_stat,3,2,5,787523,779363,255466295,255458135,0,255458135,0,0,W,0,0,0,14492255,0,0,0,0
payload_scan,4,4,6,779459,779427,255458231,255458199,0,255458199,0,0,W,0,0,0,0,0,0,0,0
bridge,5,5,7,779523,779523,255458295,255458135,255458295,0,0,0,W,0,0,0,0,160,0,0,0
router,1,3,3,804082,804082,256262089,256262089,0,256262089,0,0,W,0,0,0,0,0,0,0,0
firewall,2,1,4,806599,795794,270770727,256262089,0,270754344,0,0,W,0,3920538,0,1293317937,14492255,0,0,0
ndpi_stat,3,2,5,795538,803858,256262089,256262089,0,256262089,0,0,W,0,0,0,14492255,0,0,0,0
payload_scan,4,4,6,803762,803794,256262089,256262089,0,256262089,0,0,W,0,0,0,0,0,0,0,0
bridge,5,5,7,803698,803698,256262089,256261929,256262089,0,0,0,W,0,0,0,0,160,0,0,0
router,1,3,3,809246,809246,257071335,257071335,0,257071335,0,0,W,0,0,0,0,0,0,0,0
firewall,2,1,4,809246,809246,271579973,257071335,0,271563590,0,0,W,0,3917314,0,1297235251,14492255,0,0,0
ndpi_stat,3,2,5,809246,809246,257071335,257071335,0,257071335,0,0,W,0,0,0,14492255,0,0,0,0
payload_scan,4,4,6,809246,809246,257071335,257071335,0,257071335,0,0,W,0,0,0,0,0,0,0,0
bridge,5,5,7,809246,809246,257071335,257071175,257071335,0,0,0,W,0,0,0,0,160,0,0,0
router,1,3,3,808851,808851,257880186,257880186,0,257880186,0,0,W,0,0,0,0,0,0,0,0
firewall,2,1,4,798567,808851,272378540,257880186,0,272372441,0,0,W,0,3928385,0,1301163636,14492255,0,0,0
ndpi_stat,3,2,5,808851,808851,257880186,257880186,0,257880186,0,0,W,0,0,0,14492255,0,0,0,0
payload_scan,4,4,6,808851,808851,257880186,257880186,0,257880186,0,0,W,0,0,0,0,0,0,0,0
bridge,5,5,7,808851,808851,257880186,257880026,257880186,0,0,0,W,0,0,0,0,160,0,0,0
router,1,3,3,775456,775456,258655642,258655642,0,258655642,0,0,W,0,0,0,0,0,0,0,0
firewall,2,1,4,785683,775456,273164283,258655642,0,273147897,0,0,W,0,3939833,0,1305103469,14492255,0,0,0
ndpi_stat,3,2,5,775456,775456,258655642,258655642,0,258655642,0,0,W,0,0,0,14492255,0,0,0,0
payload_scan,4,4,6,775456,775456,258655642,258655642,0,258655642,0,0,W,0,0,0,0,0,0,0,0
bridge,5,5,7,775456,775456,258655642,258655482,258655642,0,0,0,W,0,0,0,0,160,0,0,0
router,1,3,3,812260,812260,259467902,259467902,0,259467902,0,0,W,0,0,0,0,0,0,0,0
firewall,2,1,4,812257,812260,273976540,259467902,0,273960157,0,0,W,0,3914095,0,1309017564,14492255,0,0,0
ndpi_stat,3,2,5,812260,812260,259467902,259467902,0,259467902,0,0,W,0,0,0,14492255,0,0,0,0
payload_scan,4,4,6,812260,812260,259467902,259467902,0,259467902,0,0,W,0,0,0,0,0,0,0,0
bridge,5,5,7,812260,812260,259467902,259467742,259467902,0,0,0,W,0,0,0,0,160,0,0,0
router,1,3,3,784663,784663,260252565,260252565,0,260252565,0,0,W,0,0,0,0,0,0,0,0
firewall,2,1,4,784695,784663,274761235,260252565,0,274744820,0,0,W,0,3936895,0,1312954459,14492255,0,0,0
ndpi_stat,3,2,5,784663,784663,260252565,260252565,0,260252565,0,0,W,0,0,0,14492255,0,0,0,0
payload_scan,4,4,6,784663,784663,260252565,260252565,0,260252565,0,0,W,0,0,0,0,0,0,0,0
bridge,5,5,7,784663,784663,260252565,260252405,260252565,0,0,0,W,0,0,0,0,160,0,0,0
router,1,3,3,780705,780673,261033270,261033238,0,261033238,0,0,W,0,0,0,0,0,0,0,0
firewall,2,1,4,769112,785525,275530347,261038090,0,275530345,0,0,W,0,3950682,0,1316905141,14492255,0,0,0
ndpi_stat,3,2,5,785602,781185,261038167,261033750,0,261033750,0,0,W,0,0,0,14492255,0,0,0,0
payload_scan,4,4,6,781281,781281,261033846,261033846,0,261033846,0,0,W,0,0,0,0,0,0,0,0
bridge,5,5,7,781441,781409,261034006,261033814,261033974,0,0,0,W,0,0,0,0,160,0,0,0
router,1,3,3,169325,169325,261202883,261202883,0,261202883,0,0,W,0,0,0,0,0,0,0,0
firewall,2,1,4,164716,164716,275695138,261202883,0,275695138,0,0,W,0,724297,0,1317629438,14492255,0,0,0
ndpi_stat,3,2,5,164657,169005,261202883,261202883,0,261202883,0,0,W,0,0,0,14492255,0,0,0,0
payload_scan,4,4,6,168877,168877,261202883,261202883,0,261202883,0,0,W,0,0,0,0,0,0,0,0
bridge,5,5,7,168749,168781,261202883,261202723,261202883,0,0,0,W,0,0,0,0,160,0,0,0
