ndpi_stat,1,1,3,0,0,0,0,0,0,0,0,W,0,0,0,0,0,0,0,0
ndpi_stat,1,1,3,1,1,1,1,1,0,0,0,W,0,0,0,0,0,0,0,0
ndpi_stat,1,1,3,433802,433802,433803,433803,433803,0,0,0,W,0,138257,0,138257,0,0,0,0
ndpi_stat,1,1,3,733697,733697,1167500,1167500,1167500,0,0,0,W,0,64480,0,202737,0,0,0,0
ndpi_stat,1,1,3,1521212,1521212,2688712,2688712,2688712,0,0,0,W,0,379177,0,581914,0,0,0,0
ndpi_stat,1,1,3,2966319,2966323,5655091,5655091,5655091,0,0,0,W,0,350485,0,932399,0,0,0,0
ndpi_stat,1,1,3,2979092,2979096,8634267,8634267,8634275,0,0,0,W,0,347816,0,1280215,0,0,0,0
ndpi_stat,1,1,3,3207770,3191383,11842129,11825742,11825742,0,0,0,W,0,117579,0,1397794,0,0,0,0
ndpi_stat,1,1,3,3072687,3089058,14914816,14914800,14914800,0,0,0,W,0,239376,0,1637170,0,0,0,0
ndpi_stat,1,1,3,2979982,2979982,17894918,17894906,17894906,0,0,0,W,0,348750,0,1985920,0,0,0,0
ndpi_stat,1,1,3,2979439,2979439,20874477,20874477,20874477,0,0,0,W,0,347437,0,2333357,0,0,0,0
ndpi_stat,1,1,3,2980885,2980881,23855446,23855438,23855438,0,0,0,W,0,351047,0,2684404,0,0,0,0
ndpi_stat,1,1,3,2982313,2982303,26837839,26837821,26837821,0,0,0,W,0,347045,0,3031449,0,0,0,0
ndpi_stat,1,1,3,2986475,2986495,29824412,29824412,29824412,0,0,0,W,0,346957,0,3378406,0,0,0,0
ndpi_stat,1,1,3,2980063,2980071,32804611,32804607,32804607,0,0,0,W,0,351501,0,3729907,0,0,0,0
ndpi_stat,1,1,3,2979088,2979092,35783787,35783787,35783787,0,0,0,W,0,348336,0,4078243,0,0,0,0
ndpi_stat,1,1,3,2979516,2979532,38763435,38763435,38763435,0,0,0,W,0,352724,0,4430967,0,0,0,0
ndpi_stat,1,1,3,2985353,2985349,41748904,41748896,41748896,0,0,0,W,0,348447,0,4779414,0,0,0,0
ndpi_stat,1,1,3,3167481,3151102,44916497,44900114,44900114,0,0,0,W,0,146944,0,4926358,0,0,0,0
ndpi_stat,1,1,3,3109271,3125654,48025768,48025768,48025768,0,0,0,W,0,206008,0,5132366,0,0,0,0
ndpi_stat,1,1,3,2980680,2980668,51006544,51006532,51006532,0,0,0,W,0,348184,0,5480550,0,0,0,0
ndpi_stat,1,1,3,2983589,2983585,53990193,53990185,53990185,0,0,0,W,0,351415,0,5831965,0,0,0,0
ndpi_stat,1,1,3,2982789,2982809,56973062,56973062,56973062,0,0,0,W,0,350783,0,6182748,0,0,0,0
ndpi_stat,1,1,3,2979452,2979452,59952582,59952582,59952582,0,0,0,W,0,347572,0,6530320,0,0,0,0
ndpi_stat,1,1,3,2988921,2988921,62941603,62941603,62941603,0,0,0,W,0,348911,0,6879231,0,0,0,0
ndpi_stat,1,1,3,2984087,2984075,65925766,65925754,65925754,0,0,0,W,0,349481,0,7228712,0,0,0,0
ndpi_stat,1,1,3,2984555,2984551,68910385,68910381,68910381,0,0,0,W,0,348893,0,7577605,0,0,0,0
ndpi_stat,1,1,3,2979854,2979842,71890303,71890283,71890283,0,0,0,W,0,350146,0,7927751,0,0,0,0
ndpi_stat,1,1,3,2965412,2965412,74855791,74855791,74855791,0,0,0,W,0,343856,0,8271607,0,0,0,0
ndpi_stat,1,1,3,3166893,3150510,78022756,78006373,78006373,0,0,0,W,0,172718,0,8444325,0,0,0,0
ndpi_stat,1,1,3,3154369,3170724,81177125,81177097,81177107,0,0,0,W,0,176860,0,8621185,0,0,0,0
ndpi_stat,1,1,3,2983147,2983151,84160320,84160320,84160320,0,0,0,W,0,347021,0,8968206,0,0,0,0
ndpi_stat,1,1,3,2981631,2981639,87142011,87142011,87142011,0,0,0,W,0,351533,0,9319739,0,0,0,0
ndpi_stat,1,1,3,2988249,2988233,90130316,90130300,90130300,0,0,0,W,0,349739,0,9669478,0,0,0,0
ndpi_stat,1,1,3,2984843,2984847,93115343,93115331,93115331,0,0,0,W,0,346633,0,10016111,0,0,0,0
ndpi_stat,1,1,3,2982938,2982950,96098353,96098349,96098349,0,0,0,W,0,351630,0,10367741,0,0,0,0
ndpi_stat,1,1,3,2988157,2988133,99086558,99086522,99086542,0,0,0,W,0,347875,0,10715616,0,0,0,0
ndpi_stat,1,1,3,2983873,2983849,102070527,102070503,102070503,0,0,0,W,0,347479,0,11063095,0,0,0,0
ndpi_stat,1,1,3,2935393,2935393,105005976,105005976,105005976,0,0,0,W,0,349159,0,11412254,0,0,0,0
ndpi_stat,1,1,3,2973676,2973684,107979744,107979744,107979744,0,0,0,W,0,347288,0,11759542,0,0,0,0
ndpi_stat,1,1,3,3135309,3118934,111115137,111098754,111098754,0,0,0,W,0,199990,0,11959532,0,0,0,0
ndpi_stat,1,1,3,3181125,3197508,114296262,114296262,114296262,0,0,0,W,0,150601,0,12110133,0,0,0,0
ndpi_stat,1,1,3,2985162,2985174,117281527,117281527,117281527,0,0,0,W,0,351458,0,12461591,0,0,0,0
ndpi_stat,1,1,3,2981847,2981859,120263450,120263450,120263450,0,0,0,W,0,349105,0,12810696,0,0,0,0
ndpi_stat,1,1,3,2984379,2984348,123247969,123247925,123247925,0,0,0,W,0,350405,0,13161101,0,0,0,0
ndpi_stat,1,1,3,2983137,2983145,126231514,126231510,126231510,0,0,0,W,0,352067,0,13513168,0,0,0,0
ndpi_stat,1,1,3,2988132,2988136,129219734,129219734,129219734,0,0,0,W,0,348020,0,13861188,0,0,0,0
ndpi_stat,1,1,3,2989185,2989185,132209027,132209027,132209027,0,0,0,W,0,348767,0,14209955,0,0,0,0
ndpi_stat,1,1,3,2989480,2989478,135198565,135198557,135198561,0,0,0,W,0,349106,0,14559061,0,0,0,0
ndpi_stat,1,1,3,2848124,2848076,138046753,138046705,138046705,0,0,0,W,0,350888,0,14909949,0,0,0,0
ndpi_stat,1,1,3,2985029,2985025,141031842,141031830,141031830,0,0,0,W,0,347875,0,15257824,0,0,0,0
ndpi_stat,1,1,3,3131237,3114862,144163135,144146748,144146752,0,0,0,W,0,206211,0,15464035,0,0,0,0
ndpi_stat,1,1,3,3182455,3198834,147345590,147345582,147345582,0,0,0,W,0,144973,0,15609008,0,0,0,0
ndpi_stat,1,1,3,2981658,2981670,150327324,150327324,150327324,0,0,0,W,0,352010,0,15961018,0,0,0,0
ndpi_stat,1,1,3,2981156,2981148,153308596,153308568,153308568,0,0,0,W,0,349932,0,16310950,0,0,0,0
ndpi_stat,1,1,3,2981526,2981522,156290207,156290203,156290207,0,0,0,W,0,354813,0,16665763,0,0,0,0
ndpi_stat,1,1,3,2984879,2984887,159275190,159275186,159275186,0,0,0,W,0,345373,0,17011136,0,0,0,0
ndpi_stat,1,1,3,2988903,2988907,162264173,162264173,162264173,0,0,0,W,0,348785,0,17359921,0,0,0,0
ndpi_stat,1,1,3,2986017,2986017,165250278,165250278,165250286,0,0,0,W,0,347435,0,17707356,0,0,0,0
ndpi_stat,1,1,3,2869357,2869357,168119699,168119699,168119699,0,0,0,W,0,418735,0,18126091,0,0,0,0
ndpi_stat,1,1,3,2981715,2981706,171101486,171101473,171101473,0,0,0,W,0,350586,0,18476677,0,0,0,0
ndpi_stat,1,1,3,2985034,2985032,174086610,174086593,174086605,0,0,0,W,0,347788,0,18824465,0,0,0,0
ndpi_stat,1,1,3,3126426,3110043,177213083,177196700,177196700,0,0,0,W,0,213361,0,19037826,0,0,0,0
ndpi_stat,1,1,3,3200718,3217101,180413801,180413801,180413801,0,0,0,W,0,131851,0,19169677,0,0,0,0
ndpi_stat,1,1,3,2986069,2986081,183399962,183399946,183399957,0,0,0,W,0,348738,0,19518415,0,0,0,0
ndpi_stat,1,1,3,2988978,2988978,186389020,186389020,186389020,0,0,0,W,0,348015,0,19866430,0,0,0,0
ndpi_stat,1,1,3,2983014,2983016,189372098,189372096,189372098,0,0,0,W,0,349342,0,20215772,0,0,0,0
ndpi_stat,1,1,3,2985949,2985952,192358147,192358138,192358138,0,0,0,W,0,347641,0,20563413,0,0,0,0
ndpi_stat,1,1,3,2978500,2978513,195336769,195336762,195336762,0,0,0,W,0,351803,0,20915216,0,0,0,0
ndpi_stat,1,1,3,2979724,2979721,198316562,198316558,198316558,0,0,0,W,0,349104,0,21264320,0,0,0,0
ndpi_stat,1,1,3,2977732,2977736,201294402,201294386,201294402,0,0,0,W,0,347748,0,21612068,0,0,0,0
ndpi_stat,1,1,3,2985894,2985894,204280364,204280364,204280364,0,0,0,W,0,349266,0,21961334,0,0,0,0
ndpi_stat,1,1,3,2985967,2985963,207266395,207266379,207266387,0,0,0,W,0,348317,0,22309651,0,0,0,0
ndpi_stat,1,1,3,3097714,3081348,210364185,210347799,210347799,0,0,0,W,0,236982,0,22546633,0,0,0,0
ndpi_stat,1,1,3,3223140,3239519,213587325,213587318,213587318,0,0,0,W,0,112056,0,22658689,0,0,0,0
ndpi_stat,1,1,3,2980798,2980814,216568187,216568183,216568187,0,0,0,W,0,350802,0,23009491,0,0,0,0
ndpi_stat,1,1,3,2982185,2982185,219550416,219550416,219550416,0,0,0,W,0,351107,0,23360598,0,0,0,0
ndpi_stat,1,1,3,2986953,2986953,222537449,222537441,222537446,0,0,0,W,0,346555,0,23707153,0,0,0,0
ndpi_stat,1,1,3,2989115,2989115,225526648,225526636,225526636,0,0,0,W,0,348505,0,24055658,0,0,0,0
ndpi_stat,1,1,3,2987962,2987970,228514690,228514690,228514694,0,0,0,W,0,348226,0,24403884,0,0,0,0
ndpi_stat,1,1,3,2967804,2967804,231482578,231482578,231482578,0,0,0,W,0,351448,0,24755332,0,0,0,0
ndpi_stat,1,1,3,2981933,2981945,234464599,234464595,234464595,0,0,0,W,0,348563,0,25103895,0,0,0,0
ndpi_stat,1,1,3,2975362,2975354,237440049,237440029,237440037,0,0,0,W,0,350082,0,25453977,0,0,0,0
ndpi_stat,1,1,3,2985057,2985057,240425178,240425178,240425178,0,0,0,W,0,349023,0,25803000,0,0,0,0
ndpi_stat,1,1,3,3079395,3063016,243504649,243488266,243488266,0,0,0,W,0,258219,0,26061219,0,0,0,0
ndpi_stat,1,1,3,3245035,3261418,246749684,246749684,246749684,0,0,0,W,0,89620,0,26150839,0,0,0,0
ndpi_stat,1,1,3,2986431,2986435,249736234,249736234,249736238,0,0,0,W,0,350613,0,26501452,0,0,0,0
ndpi_stat,1,1,3,2985254,2985254,252722008,252721996,252721996,0,0,0,W,0,352738,0,26854190,0,0,0,0
ndpi_stat,1,1,3,2985644,2985644,255707740,255707740,255707740,0,0,0,W,0,348944,0,27203134,0,0,0,0
ndpi_stat,1,1,3,2989947,2989939,258697771,258697759,258697759,0,0,0,W,0,346449,0,27549583,0,0,0,0
ndpi_stat,1,1,3,2923490,2923502,261621381,261621381,261621381,0,0,0,W,0,373922,0,27923505,0,0,0,0
ndpi_stat,1,1,3,2983124,2983125,264604581,264604578,264604578,0,0,0,W,0,350383,0,28273888,0,0,0,0
ndpi_stat,1,1,3,2977710,2977690,267582372,267582348,267582348,0,0,0,W,0,349878,0,28623766,0,0,0,0
ndpi_stat,1,1,3,2981408,2981416,270563831,270563831,270563831,0,0,0,W,0,351693,0,28975459,0,0,0,0
ndpi_stat,1,1,3,2985438,2985422,273549341,273549325,273549325,0,0,0,W,0,349790,0,29325249,0,0,0,0
ndpi_stat,1,1,3,3056025,3039646,276605436,276589053,276589053,0,0,0,W,0,281028,0,29606277,0,0,0,0
ndpi_stat,1,1,3,3267724,3284107,279873160,279873160,279873160,0,0,0,W,0,66989,0,29673266,0,0,0,0
ndpi_stat,1,1,3,2987330,2987340,282860638,282860625,282860641,0,0,0,W,0,351335,0,30024601,0,0,0,0
ndpi_stat,1,1,3,2982375,2982375,285843092,285843088,285843091,0,0,0,W,0,349660,0,30374261,0,0,0,0
ndpi_stat,1,1,3,2984079,2984083,288827221,288827221,288827221,0,0,0,W,0,347768,0,30722029,0,0,0,0
ndpi_stat,1,1,3,2973411,2973419,291800744,291800736,291800736,0,0,0,W,0,347873,0,31069902,0,0,0,0
ndpi_stat,1,1,3,2984648,2984660,294785488,294785488,294785488,0,0,0,W,0,348723,0,31418625,0,0,0,0
ndpi_stat,1,1,3,2987933,2987933,297773490,297773478,297773478,0,0,0,W,0,348675,0,31767300,0,0,0,0
ndpi_stat,1,1,3,2982002,2982009,300755535,300755531,300755531,0,0,0,W,0,348567,0,32115867,0,0,0,0
ndpi_stat,1,1,3,2989341,2989321,303744936,303744916,303744916,0,0,0,W,0,350579,0,32466446,0,0,0,0
ndpi_stat,1,1,3,2984686,2984698,306729706,306729698,306729706,0,0,0,W,0,350938,0,32817384,0,0,0,0
ndpi_stat,1,1,3,3030806,3014440,309760592,309744206,309744206,0,0,0,W,0,302752,0,33120136,0,0,0,0
ndpi_stat,1,1,3,3287056,3303418,313047648,313047624,313047624,0,0,0,W,0,46766,0,33166902,0,0,0,0
ndpi_stat,1,1,3,2982965,2982967,316030666,316030666,316030666,0,0,0,W,0,348170,0,33515072,0,0,0,0
ndpi_stat,1,1,3,2983556,2983570,319014304,319014304,319014304,0,0,0,W,0,349618,0,33864690,0,0,0,0
ndpi_stat,1,1,3,2976008,2976016,321990420,321990420,321990420,0,0,0,W,0,348436,0,34213126,0,0,0,0
ndpi_stat,1,1,3,2983794,2983798,324974402,324974402,324974402,0,0,0,W,0,347278,0,34560404,0,0,0,0
ndpi_stat,1,1,3,2982607,2982615,327957085,327957085,327957085,0,0,0,W,0,348839,0,34909243,0,0,0,0
ndpi_stat,1,1,3,2985772,2985766,330942898,330942886,330942886,0,0,0,W,0,348697,0,35257940,0,0,0,0
ndpi_stat,1,1,3,2986022,2986022,333928972,333928972,333928972,0,0,0,W,0,348782,0,35606722,0,0,0,0
ndpi_stat,1,1,3,2984739,2984739,336913803,336913800,336913805,0,0,0,W,0,350973,0,35957695,0,0,0,0
ndpi_stat,1,1,3,2982134,2982122,339895997,339895981,339895981,0,0,0,W,0,351322,0,36309017,0,0,0,0
ndpi_stat,1,1,3,3009062,2992676,342905167,342888777,342888777,0,0,0,W,0,323587,0,36632604,0,0,0,0
ndpi_stat,1,1,3,3310095,3316672,346215262,346205449,346205449,0,0,0,W,0,24261,0,36656865,0,0,0,0
ndpi_stat,1,1,3,2986548,2996432,349201881,349201881,349201881,0,0,0,W,0,348456,0,37005321,0,0,0,0
ndpi_stat,1,1,3,2984683,2984671,352186632,352186620,352186620,0,0,0,W,0,348697,0,37354018,0,0,0,0
ndpi_stat,1,1,3,2967524,2967524,355154224,355154224,355154224,0,0,0,W,0,346732,0,37700750,0,0,0,0
ndpi_stat,1,1,3,2989459,2989475,358143783,358143783,358143783,0,0,0,W,0,347738,0,38048488,0,0,0,0
ndpi_stat,1,1,3,2985452,2985459,361129322,361129318,361129318,0,0,0,W,0,347836,0,38396324,0,0,0,0
ndpi_stat,1,1,3,2988035,2988027,364117409,364117401,364117401,0,0,0,W,0,346973,0,38743297,0,0,0,0
ndpi_stat,1,1,3,2982079,2982079,367099552,367099552,367099552,0,0,0,W,0,348829,0,39092126,0,0,0,0
ndpi_stat,1,1,3,2983164,2983176,370082824,370082824,370082824,0,0,0,W,0,350668,0,39442794,0,0,0,0
ndpi_stat,1,1,3,2984348,2984348,373067207,373067207,373067207,0,0,0,W,0,351725,0,39794519,0,0,0,0
ndpi_stat,1,1,3,2987916,2971553,376055223,376038840,376038840,0,0,0,W,0,348185,0,40142704,0,0,0,0
ndpi_stat,1,1,3,3317251,3317248,379372474,379356088,379356088,0,0,0,W,0,17514,0,40160218,0,0,0,0
ndpi_stat,1,1,3,2996439,3012817,382368913,382368905,382368913,0,0,0,W,0,331415,0,40491633,0,0,0,0
ndpi_stat,1,1,3,2929017,2929021,385298002,385298002,385298002,0,0,0,W,0,351731,0,40843364,0,0,0,0
ndpi_stat,1,1,3,2976858,2976846,388274924,388274912,388274924,0,0,0,W,0,353214,0,41196578,0,0,0,0
ndpi_stat,1,1,3,2981988,2981980,391256972,391256964,391256964,0,0,0,W,0,349620,0,41546198,0,0,0,0
ndpi_stat,1,1,3,2982203,2982207,394239255,394239255,394239255,0,0,0,W,0,349551,0,41895749,0,0,0,0
ndpi_stat,1,1,3,2983644,2983660,397222941,397222937,397222937,0,0,0,W,0,348216,0,42243965,0,0,0,0
ndpi_stat,1,1,3,2985769,2985773,400208782,400208770,400208770,0,0,0,W,0,351087,0,42595052,0,0,0,0
ndpi_stat,1,1,3,2986911,2986911,403195765,403195765,403195765,0,0,0,W,0,348093,0,42943145,0,0,0,0
ndpi_stat,1,1,3,2985776,2985773,406181613,406181610,406181610,0,0,0,W,0,349211,0,43292356,0,0,0,0
ndpi_stat,1,1,3,2990608,2990608,409172281,409172281,409172281,0,0,0,W,0,349097,0,43641453,0,0,0,0
ndpi_stat,1,1,3,3309173,3292794,412481542,412465155,412465155,0,0,0,W,0,25622,0,43667075,0,0,0,0
ndpi_stat,1,1,3,2887270,2903657,415368812,415368812,415368812,0,0,0,W,0,322843,0,43989918,0,0,0,0
ndpi_stat,1,1,3,2970542,2970542,418339426,418339422,418339426,0,0,0,W,0,353134,0,44343052,0,0,0,0
ndpi_stat,1,1,3,2980966,2980966,421320484,421320468,421320468,0,0,0,W,0,350178,0,44693230,0,0,0,0
ndpi_stat,1,1,3,2986641,2986654,424307197,424307190,424307190,0,0,0,W,0,347097,0,45040327,0,0,0,0
ndpi_stat,1,1,3,2986639,2986648,427293882,427293882,427293882,0,0,0,W,0,348471,0,45388798,0,0,0,0
ndpi_stat,1,1,3,2983667,2983659,430277631,430277623,430277623,0,0,0,W,0,351745,0,45740543,0,0,0,0
ndpi_stat,1,1,3,2984682,2984702,433262377,433262377,433262377,0,0,0,W,0,348981,0,46089524,0,0,0,0
ndpi_stat,1,1,3,2987713,2987712,436250126,436250122,436250122,0,0,0,W,0,348300,0,46437824,0,0,0,0
ndpi_stat,1,1,3,2986205,2986211,439236379,439236369,439236369,0,0,0,W,0,348147,0,46785971,0,0,0,0
ndpi_stat,1,1,3,2986006,2985994,442222445,442222433,442222433,0,0,0,W,0,348486,0,47134457,0,0,0,0
ndpi_stat,1,1,3,3236179,3219788,445458700,445442305,445442305,0,0,0,W,0,36153,0,47170610,0,0,0,0
ndpi_stat,1,1,3,2897967,2914362,448356667,448356667,448356667,0,0,0,W,0,366557,0,47537167,0,0,0,0
ndpi_stat,1,1,3,2983188,2983187,451339991,451339990,451339991,0,0,0,W,0,351057,0,47888224,0,0,0,0
ndpi_stat,1,1,3,2983270,2983267,454323295,454323292,454323292,0,0,0,W,0,348619,0,48236843,0,0,0,0
ndpi_stat,1,1,3,2985691,2985707,457309050,457309050,457309050,0,0,0,W,0,348741,0,48585584,0,0,0,0
ndpi_stat,1,1,3,2981047,2981043,460290161,460290157,460290157,0,0,0,W,0,350429,0,48936013,0,0,0,0
ndpi_stat,1,1,3,2978097,2978103,463268314,463268308,463268314,0,0,0,W,0,349597,0,49285610,0,0,0,0
ndpi_stat,1,1,3,2985212,2985205,466253580,466253573,466253573,0,0,0,W,0,347923,0,49633533,0,0,0,0
ndpi_stat,1,1,3,2983863,2983866,469237508,469237508,469237508,0,0,0,W,0,348369,0,49981902,0,0,0,0
ndpi_stat,1,1,3,2984989,2984985,472222589,472222585,472222589,0,0,0,W,0,349851,0,50331753,0,0,0,0
ndpi_stat,1,1,3,2990090,2990082,475212783,475212755,475212755,0,0,0,W,0,349638,0,50681391,0,0,0,0
ndpi_stat,1,1,3,3176497,3160121,478389360,478372972,478372972,0,0,0,W,0,103011,0,50784402,0,0,0,0
ndpi_stat,1,1,3,3077133,3093517,481466493,481466489,481466489,0,0,0,W,0,246683,0,51031085,0,0,0,0
ndpi_stat,1,1,3,2983698,2983698,484450251,484450243,484450247,0,0,0,W,0,349126,0,51380211,0,0,0,0
ndpi_stat,1,1,3,2987276,2987264,487437569,487437554,487437554,0,0,0,W,0,349482,0,51729693,0,0,0,0
ndpi_stat,1,1,3,2985327,2985311,490422952,490422932,490422932,0,0,0,W,0,348093,0,52077786,0,0,0,0
ndpi_stat,1,1,3,2989493,2989493,493412525,493412525,493412525,0,0,0,W,0,347487,0,52425273,0,0,0,0
ndpi_stat,1,1,3,2929799,2929807,496342404,496342396,496342404,0,0,0,W,0,352773,0,52778046,0,0,0,0
ndpi_stat,1,1,3,2989854,2989856,499332354,499332336,499332336,0,0,0,W,0,347924,0,53125970,0,0,0,0
ndpi_stat,1,1,3,2983798,2983797,502316478,502316473,502316473,0,0,0,W,0,348779,0,53474749,0,0,0,0
ndpi_stat,1,1,3,2989305,2989302,505305854,505305847,505305847,0,0,0,W,0,348766,0,53823515,0,0,0,0
ndpi_stat,1,1,3,2977522,2977522,508283441,508283429,508283429,0,0,0,W,0,348326,0,54171841,0,0,0,0
ndpi_stat,1,1,3,3216609,3200226,511500150,511483767,511483767,0,0,0,W,0,120931,0,54292772,0,0,0,0
ndpi_stat,1,1,3,3102184,3118563,514602334,514602330,514602330,0,0,0,W,0,231132,0,54523904,0,0,0,0
ndpi_stat,1,1,3,2988095,2988098,517590490,517590490,517590490,0,0,0,W,0,348660,0,54872564,0,0,0,0
ndpi_stat,1,1,3,2988605,2988605,520579171,520579171,520579171,0,0,0,W,0,348895,0,55221459,0,0,0,0
ndpi_stat,1,1,3,2987989,2987989,523567276,523567276,523567276,0,0,0,W,0,350667,0,55572126,0,0,0,0
ndpi_stat,1,1,3,2984150,2984162,526551530,526551526,526551530,0,0,0,W,0,353466,0,55925592,0,0,0,0
ndpi_stat,1,1,3,2980714,2980730,529532312,529532312,529532312,0,0,0,W,0,352786,0,56278378,0,0,0,0
ndpi_stat,1,1,3,2986317,2986337,532518737,532518737,532518737,0,0,0,W,0,347809,0,56626187,0,0,0,0
ndpi_stat,1,1,3,2987248,2987244,535506045,535506031,535506031,0,0,0,W,0,347704,0,56973891,0,0,0,0
ndpi_stat,1,1,3,2982493,2982489,538488628,538488624,538488628,0,0,0,W,0,348919,0,57322810,0,0,0,0
ndpi_stat,1,1,3,2987235,2987231,541475939,541475935,541475935,0,0,0,W,0,350553,0,57673363,0,0,0,0
ndpi_stat,1,1,3,3188749,3172357,544664756,544648364,544648365,0,0,0,W,0,144543,0,57817906,0,0,0,0
ndpi_stat,1,1,3,3126939,3143327,547791695,547791691,547791695,0,0,0,W,0,209057,0,58026963,0,0,0,0
ndpi_stat,1,1,3,2985614,2985646,550777417,550777417,550777417,0,0,0,W,0,348142,0,58375105,0,0,0,0
ndpi_stat,1,1,3,2979364,2979364,553756857,553756857,553756857,0,0,0,W,0,352164,0,58727269,0,0,0,0
ndpi_stat,1,1,3,2986102,2986110,556743055,556743055,556743067,0,0,0,W,0,348622,0,59075891,0,0,0,0
ndpi_stat,1,1,3,2989330,2989322,559732481,559732473,559732481,0,0,0,W,0,347310,0,59423201,0,0,0,0
ndpi_stat,1,1,3,2985484,2985480,562718073,562718061,562718061,0,0,0,W,0,349184,0,59772385,0,0,0,0
ndpi_stat,1,1,3,2988177,2988173,565706330,565706326,565706326,0,0,0,W,0,348295,0,60120680,0,0,0,0
ndpi_stat,1,1,3,2975555,2975507,568681933,568681885,568681924,0,0,0,W,0,350849,0,60471529,0,0,0,0
ndpi_stat,1,1,3,2984008,2984020,571666037,571666037,571666037,0,0,0,W,0,349246,0,60820775,0,0,0,0
ndpi_stat,1,1,3,2984361,2984361,574650444,574650436,574650444,0,0,0,W,0,347891,0,61168666,0,0,0,0
ndpi_stat,1,1,3,3182235,3165843,577832763,577816371,577816371,0,0,0,W,0,154549,0,61323215,0,0,0,0
ndpi_stat,1,1,3,3140296,3156672,580973059,580973043,580973043,0,0,0,W,0,195312,0,61518527,0,0,0,0
ndpi_stat,1,1,3,2985187,2985191,583958298,583958298,583958298,0,0,0,W,0,348481,0,61867008,0,0,0,0
ndpi_stat,1,1,3,2981017,2981022,586939391,586939388,586939388,0,0,0,W,0,347467,0,62214475,0,0,0,0
ndpi_stat,1,1,3,2989784,2989800,589929239,589929239,589929239,0,0,0,W,0,349256,0,62563731,0,0,0,0
ndpi_stat,1,1,3,2983136,2983139,592912443,592912422,592912422,0,0,0,W,0,352681,0,62916412,0,0,0,0
ndpi_stat,1,1,3,2985307,2985295,595897833,595897813,595897813,0,0,0,W,0,348613,0,63265025,0,0,0,0
ndpi_stat,1,1,3,2974304,2974312,598872225,598872225,598872225,0,0,0,W,0,350204,0,63615229,0,0,0,0
ndpi_stat,1,1,3,2970143,2970147,601842468,601842468,601842468,0,0,0,W,0,347965,0,63963194,0,0,0,0
ndpi_stat,1,1,3,2983536,2983536,604826092,604826092,604826092,0,0,0,W,0,350578,0,64313772,0,0,0,0
ndpi_stat,1,1,3,2988406,2988404,607814552,607814550,607814550,0,0,0,W,0,348145,0,64661917,0,0,0,0
ndpi_stat,1,1,3,3158277,3141862,610972886,610956471,610956471,0,0,0,W,0,175959,0,64837876,0,0,0,0
ndpi_stat,1,1,3,3161901,3178312,614134787,614134783,614134783,0,0,0,W,0,174899,0,65012775,0,0,0,0
ndpi_stat,1,1,3,2985433,2985421,617120312,617120300,617120312,0,0,0,W,0,348267,0,65361042,0,0,0,0
ndpi_stat,1,1,3,2990915,2990911,620111299,620111291,620111291,0,0,0,W,0,348113,0,65709155,0,0,0,0
ndpi_stat,1,1,3,2985333,2985333,623096712,623096712,623096712,0,0,0,W,0,349759,0,66058914,0,0,0,0
ndpi_stat,1,1,3,2990431,2990447,626087283,626087283,626087283,0,0,0,W,0,347325,0,66406239,0,0,0,0
ndpi_stat,1,1,3,2980470,2980477,629068197,629068196,629068196,0,0,0,W,0,350745,0,66756984,0,0,0,0
ndpi_stat,1,1,3,2974808,2974804,632043062,632043058,632043058,0,0,0,W,0,347628,0,67104612,0,0,0,0
ndpi_stat,1,1,3,2985447,2985429,635028597,635028575,635028575,0,0,0,W,0,348219,0,67452831,0,0,0,0
ndpi_stat,1,1,3,2980843,2980832,638009500,638009480,638009480,0,0,0,W,0,350795,0,67803626,0,0,0,0
ndpi_stat,1,1,3,2987177,2987185,640996737,640996737,640996737,0,0,0,W,0,348676,0,68152302,0,0,0,0
ndpi_stat,1,1,3,3155559,3139176,644152371,644135984,644135984,0,0,0,W,0,176989,0,68329291,0,0,0,0
ndpi_stat,1,1,3,3159232,3175611,647311603,647311595,647311595,0,0,0,W,0,171772,0,68501063,0,0,0,0
ndpi_stat,1,1,3,2984471,2984463,650296150,650296134,650296134,0,0,0,W,0,349833,0,68850896,0,0,0,0
ndpi_stat,1,1,3,2983367,2983343,653279605,653279581,653279581,0,0,0,W,0,351901,0,69202797,0,0,0,0
ndpi_stat,1,1,3,2983328,2983332,656262997,656262993,656262993,0,0,0,W,0,347856,0,69550653,0,0,0,0
ndpi_stat,1,1,3,2985723,2985734,659248780,659248779,659248779,0,0,0,W,0,348049,0,69898702,0,0,0,0
ndpi_stat,1,1,3,2972604,2972624,662221464,662221464,662221464,0,0,0,W,0,351212,0,70249914,0,0,0,0
ndpi_stat,1,1,3,2978447,2978440,665199975,665199968,665199975,0,0,0,W,0,347631,0,70597545,0,0,0,0
ndpi_stat,1,1,3,2982111,2982131,668182164,668182152,668182152,0,0,0,W,0,348789,0,70946334,0,0,0,0
ndpi_stat,1,1,3,2981425,2981439,671163648,671163647,671163647,0,0,0,W,0,347962,0,71294296,0,0,0,0
ndpi_stat,1,1,3,2988226,2988225,674151975,674151963,674151963,0,0,0,W,0,349911,0,71644207,0,0,0,0
ndpi_stat,1,1,3,3140435,3124020,677292453,677276038,677276038,0,0,0,W,0,193830,0,71838037,0,0,0,0
ndpi_stat,1,1,3,3177032,3193447,680469485,680469485,680469485,0,0,0,W,0,156168,0,71994205,0,0,0,0
ndpi_stat,1,1,3,2987918,2987933,683457491,683457482,683457482,0,0,0,W,0,348981,0,72343186,0,0,0,0
ndpi_stat,1,1,3,2981483,2981473,686439035,686439023,686439035,0,0,0,W,0,351669,0,72694855,0,0,0,0
ndpi_stat,1,1,3,2985197,2985197,689424304,689424304,689424304,0,0,0,W,0,347599,0,73042454,0,0,0,0
ndpi_stat,1,1,3,2983779,2983787,692408159,692408155,692408155,0,0,0,W,0,347725,0,73390179,0,0,0,0
ndpi_stat,1,1,3,2981064,2981057,695389339,695389320,695389320,0,0,0,W,0,347843,0,73738022,0,0,0,0
ndpi_stat,1,1,3,2980849,2980849,698370222,698370222,698370222,0,0,0,W,0,352926,0,74090948,0,0,0,0
ndpi_stat,1,1,3,2986224,2986217,701356486,701356479,701356486,0,0,0,W,0,348627,0,74439575,0,0,0,0
ndpi_stat,1,1,3,2985390,2985374,704341913,704341897,704341897,0,0,0,W,0,349178,0,74788753,0,0,0,0
ndpi_stat,1,1,3,2984271,2984275,707326236,707326236,707326236,0,0,0,W,0,351665,0,75140418,0,0,0,0
ndpi_stat,1,1,3,3116431,3100040,710442747,710426356,710426356,0,0,0,W,0,218477,0,75358895,0,0,0,0
ndpi_stat,1,1,3,3202849,3219236,713645596,713645592,713645592,0,0,0,W,0,129827,0,75488722,0,0,0,0
ndpi_stat,1,1,3,2985513,2985517,716631205,716631189,716631196,0,0,0,W,0,347595,0,75836317,0,0,0,0
ndpi_stat,1,1,3,2989348,2989350,719620612,719620612,719620612,0,0,0,W,0,348161,0,76184478,0,0,0,0
ndpi_stat,1,1,3,2986843,2986846,722607543,722607539,722607539,0,0,0,W,0,348493,0,76532971,0,0,0,0
ndpi_stat,1,1,3,2863071,2863075,725470682,725470682,725470682,0,0,0,W,0,350881,0,76883852,0,0,0,0
ndpi_stat,1,1,3,2983080,2983068,728453818,728453802,728453802,0,0,0,W,0,348976,0,77232828,0,0,0,0
ndpi_stat,1,1,3,2984278,2984272,731438200,731438188,731438188,0,0,0,W,0,352722,0,77585550,0,0,0,0
ndpi_stat,1,1,3,2983094,2983086,734421342,734421334,734421334,0,0,0,W,0,348446,0,77933996,0,0,0,0
ndpi_stat,1,1,3,2979572,2979548,737400998,737400974,737400974,0,0,0,W,0,352120,0,78286116,0,0,0,0
ndpi_stat,1,1,3,2985323,2985315,740386381,740386365,740386365,0,0,0,W,0,349593,0,78635709,0,0,0,0
ndpi_stat,1,1,3,3090383,3073999,743476844,743460460,743460460,0,0,0,W,0,244571,0,78880280,0,0,0,0
ndpi_stat,1,1,3,3225774,3242146,746702618,746702606,746702618,0,0,0,W,0,107780,0,78988060,0,0,0,0
ndpi_stat,1,1,3,2986874,2986886,749689560,749689560,749689560,0,0,0,W,0,350214,0,79338274,0,0,0,0
ndpi_stat,1,1,3,2987244,2987248,752676916,752676908,752676908,0,0,0,W,0,348064,0,79686338,0,0,0,0
ndpi_stat,1,1,3,2970989,2970993,755648289,755648285,755648285,0,0,0,W,0,352143,0,80038481,0,0,0,0
ndpi_stat,1,1,3,2985861,2985861,758634218,758634202,758634202,0,0,0,W,0,348055,0,80386536,0,0,0,0
ndpi_stat,1,1,3,2988294,2988298,761622572,761622572,761622572,0,0,0,W,0,348590,0,80735126,0,0,0,0
ndpi_stat,1,1,3,2983756,2983756,764606400,764606400,764606400,0,0,0,W,0,349484,0,81084610,0,0,0,0
ndpi_stat,1,1,3,2986742,2986750,767593222,767593222,767593222,0,0,0,W,0,346475,0,81431085,0,0,0,0
ndpi_stat,1,1,3,2981712,2981704,770575009,770575001,770575001,0,0,0,W,0,349944,0,81781029,0,0,0,0
ndpi_stat,1,1,3,2987464,2987460,773562573,773562569,773562569,0,0,0,W,0,350856,0,82131885,0,0,0,0
ndpi_stat,1,1,3,3072438,3056052,776635061,776618673,776618673,0,0,0,W,0,264316,0,82396201,0,0,0,0
ndpi_stat,1,1,3,3250519,3266907,779885580,779885580,779885580,0,0,0,W,0,84013,0,82480214,0,0,0,0
ndpi_stat,1,1,3,2981570,2981565,782867210,782867205,782867205,0,0,0,W,0,352051,0,82832265,0,0,0,0
ndpi_stat,1,1,3,2977209,2977201,785844514,785844506,785844514,0,0,0,W,0,348767,0,83181032,0,0,0,0
ndpi_stat,1,1,3,2984358,2984354,788828948,788828944,788828944,0,0,0,W,0,348530,0,83529562,0,0,0,0
ndpi_stat,1,1,3,2982176,2982164,791811180,791811160,791811160,0,0,0,W,0,349304,0,83878866,0,0,0,0
ndpi_stat,1,1,3,2983404,2983392,794794625,794794613,794794613,0,0,0,W,0,350775,0,84229641,0,0,0,0
ndpi_stat,1,1,3,2989840,2989832,797784529,797784521,797784521,0,0,0,W,0,346924,0,84576565,0,0,0,0
ndpi_stat,1,1,3,2979248,2979244,800763901,800763885,800763885,0,0,0,W,0,351584,0,84928149,0,0,0,0
ndpi_stat,1,1,3,2987601,2987625,803751618,803751618,803751618,0,0,0,W,0,349207,0,85277356,0,0,0,0
ndpi_stat,1,1,3,2985900,2985908,806737570,806737570,806737570,0,0,0,W,0,350080,0,85627436,0,0,0,0
ndpi_stat,1,1,3,3046288,3029925,809783934,809767551,809767551,0,0,0,W,0,289907,0,85917343,0,0,0,0
ndpi_stat,1,1,3,3271282,3287653,813055216,813055204,813055204,0,0,0,W,0,61835,0,85979178,0,0,0,0
ndpi_stat,1,1,3,2983670,2983665,816038946,816038937,816038937,0,0,0,W,0,348559,0,86327737,0,0,0,0
ndpi_stat,1,1,3,2832035,2832043,818871044,818871044,818871044,0,0,0,W,0,439717,0,86767454,0,0,0,0
ndpi_stat,1,1,3,2983195,2983203,821854323,821854323,821854323,0,0,0,W,0,348649,0,87116103,0,0,0,0
ndpi_stat,1,1,3,2989244,2989249,824843622,824843620,824843622,0,0,0,W,0,349965,0,87466068,0,0,0,0
ndpi_stat,1,1,3,2985005,2984989,827828681,827828665,827828665,0,0,0,W,0,348945,0,87815013,0,0,0,0
ndpi_stat,1,1,3,2987375,2987375,830816088,830816088,830816088,0,0,0,W,0,348349,0,88163362,0,0,0,0
ndpi_stat,1,1,3,2984567,2984563,833800719,833800715,833800715,0,0,0,W,0,350929,0,88514291,0,0,0,0
ndpi_stat,1,1,3,2982907,2982905,836783674,836783670,836783670,0,0,0,W,0,353045,0,88867336,0,0,0,0
ndpi_stat,1,1,3,2983787,2983807,839767617,839767613,839767613,0,0,0,W,0,350781,0,89218117,0,0,0,0
ndpi_stat,1,1,3,3023528,3007149,842791217,842774834,842774834,0,0,0,W,0,310658,0,89528775,0,0,0,0
ndpi_stat,1,1,3,3297980,3314363,846089197,846089197,846089205,0,0,0,W,0,37914,0,89566689,0,0,0,0
ndpi_stat,1,1,3,2886630,2886634,848975975,848975967,848975967,0,0,0,W,0,349090,0,89915779,0,0,0,0
ndpi_stat,1,1,3,2977721,2977721,851953768,851953768,851953768,0,0,0,W,0,349427,0,90265206,0,0,0,0
ndpi_stat,1,1,3,2981358,2981361,854935193,854935193,854935193,0,0,0,W,0,349229,0,90614435,0,0,0,0
ndpi_stat,1,1,3,2981161,2981149,857916403,857916391,857916391,0,0,0,W,0,348696,0,90963131,0,0,0,0
ndpi_stat,1,1,3,2981111,2981118,860897606,860897601,860897601,0,0,0,W,0,352443,0,91315574,0,0,0,0
ndpi_stat,1,1,3,2986353,2986349,863884018,863884014,863884014,0,0,0,W,0,348810,0,91664384,0,0,0,0
ndpi_stat,1,1,3,2980473,2980477,866864551,866864539,866864539,0,0,0,W,0,349631,0,92014015,0,0,0,0
ndpi_stat,1,1,3,2991298,2991303,869855929,869855926,869855926,0,0,0,W,0,348918,0,92362933,0,0,0,0
ndpi_stat,1,1,3,2986858,2986870,872842847,872842843,872842843,0,0,0,W,0,348906,0,92711839,0,0,0,0
ndpi_stat,1,1,3,2996348,2979976,875839278,875822895,875822895,0,0,0,W,0,336215,0,93048054,0,0,0,0
ndpi_stat,1,1,3,3300584,3301096,879139862,879123991,879123991,0,0,0,W,0,14634,0,93062688,0,0,0,0
ndpi_stat,1,1,3,2977506,2993819,882117816,882117810,882117810,0,0,0,W,0,351662,0,93414350,0,0,0,0
ndpi_stat,1,1,3,2982847,2982838,885100727,885100714,885100714,0,0,0,W,0,352774,0,93767124,0,0,0,0
ndpi_stat,1,1,3,2939967,2939960,888040746,888040722,888040746,0,0,0,W,0,350576,0,94117700,0,0,0,0
ndpi_stat,1,1,3,2980593,2980593,891021419,891021419,891021422,0,0,0,W,0,352057,0,94469757,0,0,0,0
ndpi_stat,1,1,3,2988819,2988831,894010316,894010312,894010320,0,0,0,W,0,348505,0,94818262,0,0,0,0
ndpi_stat,1,1,3,2988247,2988252,896998667,896998668,896998668,0,0,0,W,0,347735,0,95165997,0,0,0,0
ndpi_stat,1,1,3,2985743,2985735,899984473,899984465,899984465,0,0,0,W,0,346968,0,95512965,0,0,0,0
ndpi_stat,1,1,3,2983186,2983183,902967719,902967716,902967716,0,0,0,W,0,350781,0,95863746,0,0,0,0
ndpi_stat,1,1,3,2984006,2984024,905951784,905951784,905951784,0,0,0,W,0,349092,0,96212838,0,0,0,0
ndpi_stat,1,1,3,3000319,2983932,908952191,908935800,908935800,0,0,0,W,0,330645,0,96543483,0,0,0,0
ndpi_stat,1,1,3,3306136,3307760,912258327,912243560,912243560,0,0,0,W,0,20024,0,96563507,0,0,0,0
ndpi_stat,1,1,3,2985074,2999926,915243489,915243486,915243486,0,0,0,W,0,348305,0,96911812,0,0,0,0
ndpi_stat,1,1,3,2985227,2985227,918228738,918228738,918228738,0,0,0,W,0,347356,0,97259168,0,0,0,0
ndpi_stat,1,1,3,2983799,2983803,921212581,921212581,921212581,0,0,0,W,0,350829,0,97609997,0,0,0,0
ndpi_stat,1,1,3,2979669,2979659,924192296,924192280,924192296,0,0,0,W,0,351693,0,97961690,0,0,0,0
ndpi_stat,1,1,3,2983200,2983212,927175612,927175612,927175612,0,0,0,W,0,347736,0,98309426,0,0,0,0
ndpi_stat,1,1,3,2987872,2987874,930163576,930163574,930163574,0,0,0,W,0,347555,0,98656981,0,0,0,0
ndpi_stat,1,1,3,2984071,2984084,933147696,933147689,933147689,0,0,0,W,0,351828,0,99008809,0,0,0,0
ndpi_stat,1,1,3,2984874,2984870,936132631,936132611,936132611,0,0,0,W,0,348126,0,99356935,0,0,0,0
ndpi_stat,1,1,3,2984709,2984668,939117404,939117355,939117355,0,0,0,W,0,350032,0,99706967,0,0,0,0
ndpi_stat,1,1,3,2999421,2983099,942116925,942100542,942100542,0,0,0,W,0,326176,0,100033143,0,0,0,0
ndpi_stat,1,1,3,3309470,3316868,945426395,945417410,945417410,0,0,0,W,0,21796,0,100054939,0,0,0,0
ndpi_stat,1,1,3,2986495,2995556,948412982,948412966,948412966,0,0,0,W,0,349653,0,100404592,0,0,0,0
ndpi_stat,1,1,3,2984225,2984241,951397283,951397283,951397287,0,0,0,W,0,348907,0,100753499,0,0,0,0
ndpi_stat,1,1,3,2983176,2983180,954380535,954380527,954380527,0,0,0,W,0,347244,0,101100743,0,0,0,0
ndpi_stat,1,1,3,2980223,2980227,957360818,957360818,957360818,0,0,0,W,0,353565,0,101454308,0,0,0,0
ndpi_stat,1,1,3,2976527,2976523,960337389,960337381,960337381,0,0,0,W,0,348625,0,101802933,0,0,0,0
ndpi_stat,1,1,3,2983887,2983883,963321360,963321356,963321356,0,0,0,W,0,348673,0,102151606,0,0,0,0
ndpi_stat,1,1,3,2981699,2981715,966303131,966303131,966303131,0,0,0,W,0,348521,0,102500127,0,0,0,0
ndpi_stat,1,1,3,2981132,2981140,969284343,969284343,969284343,0,0,0,W,0,349900,0,102850027,0,0,0,0
ndpi_stat,1,1,3,2851864,2851868,972136295,972136295,972136295,0,0,0,W,0,346944,0,103196971,0,0,0,0
ndpi_stat,1,1,3,2977496,2975896,975113879,975112275,975112307,0,0,0,W,0,350524,0,103547495,0,0,0,0
ndpi_stat,1,1,3,3306716,3291749,978420695,978404312,978404312,0,0,0,W,0,31868,0,103579363,0,0,0,0
ndpi_stat,1,1,3,3017010,3033385,981437705,981437697,981437705,0,0,0,W,0,317518,0,103896881,0,0,0,0
ndpi_stat,1,1,3,2984947,2984955,984422712,984422712,984422714,0,0,0,W,0,349109,0,104245990,0,0,0,0
ndpi_stat,1,1,3,2988285,2988293,987411081,987411081,987411081,0,0,0,W,0,348788,0,104594778,0,0,0,0
ndpi_stat,1,1,3,2986153,2986143,990397291,990397281,990397281,0,0,0,W,0,349041,0,104943819,0,0,0,0
ndpi_stat,1,1,3,2985568,2985568,993382929,993382929,993382929,0,0,0,W,0,348658,0,105292477,0,0,0,0
ndpi_stat,1,1,3,2985428,2985436,996368409,996368409,996368409,0,0,0,W,0,348674,0,105641151,0,0,0,0
ndpi_stat,1,1,3,2982238,2982238,999350729,999350729,999350729,0,0,0,W,0,350266,0,105991417,0,0,0,0
ndpi_stat,1,1,3,2954838,2954830,1002305771,1002305755,1002305755,0,0,0,W,0,357786,0,106349203,0,0,0,0
ndpi_stat,1,1,3,2982239,2982255,1005288438,1005288434,1005288434,0,0,0,W,0,348433,0,106697636,0,0,0,0
ndpi_stat,1,1,3,2986449,2986457,1008274963,1008274959,1008274959,0,0,0,W,0,348643,0,107046279,0,0,0,0
ndpi_stat,1,1,3,3296363,3279984,1011571378,1011554995,1011554995,0,0,0,W,0,39813,0,107086092,0,0,0,0
ndpi_stat,1,1,3,3026560,3042936,1014597938,1014597931,1014597931,0,0,0,W,0,308909,0,107395001,0,0,0,0
ndpi_stat,1,1,3,2985665,2985653,1017583662,1017583650,1017583662,0,0,0,W,0,349107,0,107744108,0,0,0,0
ndpi_stat,1,1,3,2981023,2981038,1020564769,1020564768,1020564768,0,0,0,W,0,351231,0,108095339,0,0,0,0
ndpi_stat,1,1,3,2988359,2988363,1023553234,1023553234,1023553234,0,0,0,W,0,347093,0,108442432,0,0,0,0
ndpi_stat,1,1,3,2986486,2986490,1026539820,1026539820,1026539820,0,0,0,W,0,348902,0,108791334,0,0,0,0
ndpi_stat,1,1,3,2989656,2989656,1029529628,1029529628,1029529628,0,0,0,W,0,349688,0,109141022,0,0,0,0
ndpi_stat,1,1,3,2926932,2926936,1032456676,1032456660,1032456660,0,0,0,W,0,352916,0,109493938,0,0,0,0
ndpi_stat,1,1,3,2977361,2977365,1035434185,1035434181,1035434181,0,0,0,W,0,348895,0,109842833,0,0,0,0
ndpi_stat,1,1,3,2979432,2979428,1038413717,1038413697,1038413709,0,0,0,W,0,352404,0,110195237,0,0,0,0
ndpi_stat,1,1,3,2986549,2986541,1041400306,1041400298,1041400298,0,0,0,W,0,348319,0,110543556,0,0,0,0
ndpi_stat,1,1,3,3268706,3252320,1044669052,1044652666,1044652666,0,0,0,W,0,61905,0,110605461,0,0,0,0
ndpi_stat,1,1,3,3049925,3066299,1047718977,1047718965,1047718965,0,0,0,W,0,287604,0,110893065,0,0,0,0
ndpi_stat,1,1,3,2983275,2983272,1050702328,1050702321,1050702327,0,0,0,W,0,348285,0,111241350,0,0,0,0
ndpi_stat,1,1,3,2988925,2988926,1053691318,1053691318,1053691318,0,0,0,W,0,347866,0,111589216,0,0,0,0
ndpi_stat,1,1,3,2989160,2989168,1056680606,1056680606,1056680606,0,0,0,W,0,347108,0,111936324,0,0,0,0
ndpi_stat,1,1,3,2985589,2985593,1059666275,1059666271,1059666275,0,0,0,W,0,348223,0,112284547,0,0,0,0
ndpi_stat,1,1,3,2985589,2985581,1062651960,1062651948,1062651948,0,0,0,W,0,348223,0,112632770,0,0,0,0
ndpi_stat,1,1,3,2966758,2966762,1065618806,1065618802,1065618802,0,0,0,W,0,347890,0,112980660,0,0,0,0
ndpi_stat,1,1,3,2987317,2987321,1068606207,1068606207,1068606209,0,0,0,W,0,349290,0,113329950,0,0,0,0
ndpi_stat,1,1,3,2981840,2981843,1071588076,1071588076,1071588076,0,0,0,W,0,350845,0,113680795,0,0,0,0
ndpi_stat,1,1,3,2981104,2981092,1074569259,1074569243,1074569243,0,0,0,W,0,352300,0,114033095,0,0,0,0
ndpi_stat,1,1,3,3257902,3241535,1077827225,1077810842,1077810842,0,0,0,W,0,79274,0,114112369,0,0,0,0
ndpi_stat,1,1,3,3062822,3079205,1080890047,1080890047,1080890047,0,0,0,W,0,268520,0,114380889,0,0,0,0
ndpi_stat,1,1,3,2990895,2990891,1083880996,1083880992,1083880992,0,0,0,W,0,349001,0,114729890,0,0,0,0
ndpi_stat,1,1,3,2988780,2988776,1086869876,1086869856,1086869856,0,0,0,W,0,348464,0,115078354,0,0,0,0
ndpi_stat,1,1,3,2983538,2983530,1089853502,1089853494,1089853494,0,0,0,W,0,348990,0,115427344,0,0,0,0
ndpi_stat,1,1,3,2987663,2987675,1092841289,1092841285,1092841289,0,0,0,W,0,348873,0,115776217,0,0,0,0
ndpi_stat,1,1,3,2970383,2970378,1095811751,1095811739,1095811751,0,0,0,W,0,350874,0,116127091,0,0,0,0
ndpi_stat,1,1,3,2979513,2979517,1098791356,1098791344,1098791344,0,0,0,W,0,351999,0,116479090,0,0,0,0
ndpi_stat,1,1,3,2983390,2983401,1101774818,1101774817,1101774817,0,0,0,W,0,348840,0,116827930,0,0,0,0
ndpi_stat,1,1,3,2984815,2984813,1104759680,1104759678,1104759678,0,0,0,W,0,349660,0,117177590,0,0,0,0
ndpi_stat,1,1,3,2977577,2977602,1107737350,1107737350,1107737350,0,0,0,W,0,352303,0,117529893,0,0,0,0
ndpi_stat,1,1,3,3245872,3229487,1110983299,1110966914,1110966914,0,0,0,W,0,88230,0,117618123,0,0,0,0
ndpi_stat,1,1,3,3073300,3089682,1114056599,1114056596,1114056599,0,0,0,W,0,260301,0,117878424,0,0,0,0
ndpi_stat,1,1,3,2984433,2984449,1117041147,1117041143,1117041143,0,0,0,W,0,349323,0,118227747,0,0,0,0
ndpi_stat,1,1,3,2983783,2983781,1120025116,1120025114,1120025114,0,0,0,W,0,349470,0,118577217,0,0,0,0
ndpi_stat,1,1,3,2987257,2987260,1123012442,1123012441,1123012450,0,0,0,W,0,350131,0,118927348,0,0,0,0
ndpi_stat,1,1,3,2975425,2975413,1125987959,1125987947,1125987963,0,0,0,W,0,351647,0,119278995,0,0,0,0
ndpi_stat,1,1,3,2978359,2978359,1128966754,1128966750,1128966750,0,0,0,W,0,348429,0,119627424,0,0,0,0
ndpi_stat,1,1,3,2982134,2982137,1131948946,1131948946,1131948946,0,0,0,W,0,347904,0,119975328,0,0,0,0
ndpi_stat,1,1,3,2985000,2985000,1134934037,1134934037,1134934037,0,0,0,W,0,351598,0,120326926,0,0,0,0
ndpi_stat,1,1,3,2982829,2982833,1137916913,1137916913,1137916913,0,0,0,W,0,350795,0,120677721,0,0,0,0
ndpi_stat,1,1,3,2986095,2986083,1140903068,1140903056,1140903056,0,0,0,W,0,351317,0,121029038,0,0,0,0
ndpi_stat,1,1,3,3236658,3220279,1144139790,1144123407,1144123407,0,0,0,W,0,97280,0,121126318,0,0,0,0
ndpi_stat,1,1,3,3086279,3102662,1147226069,1147226069,1147226069,0,0,0,W,0,250767,0,121377085,0,0,0,0
ndpi_stat,1,1,3,2985283,2985291,1150211449,1150211449,1150211449,0,0,0,W,0,348624,0,121725709,0,0,0,0
ndpi_stat,1,1,3,2982907,2982923,1153194436,1153194436,1153194436,0,0,0,W,0,351925,0,122077634,0,0,0,0
ndpi_stat,1,1,3,2973659,2973659,1156168159,1156168159,1156168159,0,0,0,W,0,346837,0,122424471,0,0,0,0
ndpi_stat,1,1,3,2981494,2981498,1159149737,1159149725,1159149725,0,0,0,W,0,349134,0,122773605,0,0,0,0
ndpi_stat,1,1,3,2984858,2984859,1162134651,1162134651,1162134651,0,0,0,W,0,347579,0,123121184,0,0,0,0
ndpi_stat,1,1,3,2984596,2984596,1165119335,1165119335,1165119335,0,0,0,W,0,350295,0,123471479,0,0,0,0
ndpi_stat,1,1,3,2980993,2980989,1168100380,1168100364,1168100364,0,0,0,W,0,349551,0,123821030,0,0,0,0
ndpi_stat,1,1,3,2982994,2982994,1171083442,1171083442,1171083442,0,0,0,W,0,350590,0,124171620,0,0,0,0
ndpi_stat,1,1,3,2982701,2982697,1174066259,1174066255,1174066255,0,0,0,W,0,351279,0,124522899,0,0,0,0
ndpi_stat,1,1,3,3226465,3210093,1177292820,1177276436,1177276437,0,0,0,W,0,108540,0,124631439,0,0,0,0
ndpi_stat,1,1,3,3090188,3106560,1180383008,1180382996,1180383004,0,0,0,W,0,241859,0,124873298,0,0,0,0
ndpi_stat,1,1,3,2988864,2988862,1183371960,1183371958,1183371958,0,0,0,W,0,350114,0,125223412,0,0,0,0
ndpi_stat,1,1,3,2983485,2983501,1186355535,1186355535,1186355535,0,0,0,W,0,352167,0,125575579,0,0,0,0
ndpi_stat,1,1,3,2969309,2969321,1189324928,1189324924,1189324924,0,0,0,W,0,344951,0,125920530,0,0,0,0
ndpi_stat,1,1,3,2987799,2987785,1192312795,1192312781,1192312781,0,0,0,W,0,349441,0,126269971,0,0,0,0
ndpi_stat,1,1,3,2982235,2982227,1195295123,1195295115,1195295115,0,0,0,W,0,347900,0,126617871,0,0,0,0
ndpi_stat,1,1,3,2982719,2982699,1198277893,1198277869,1198277884,0,0,0,W,0,349477,0,126967348,0,0,0,0
ndpi_stat,1,1,3,2987680,2987680,1201265644,1201265644,1201265644,0,0,0,W,0,350298,0,127317646,0,0,0,0
ndpi_stat,1,1,3,2989477,2989493,1204255193,1204255193,1204255195,0,0,0,W,0,348651,0,127666297,0,0,0,0
ndpi_stat,1,1,3,2986623,2986619,1207241884,1207241880,1207241880,0,0,0,W,0,348669,0,128014966,0,0,0,0
ndpi_stat,1,1,3,3178285,3161908,1210420261,1210403878,1210403878,0,0,0,W,0,154392,0,128169358,0,0,0,0
ndpi_stat,1,1,3,3139881,3156260,1213560142,1213560138,1213560138,0,0,0,W,0,195570,0,128364928,0,0,0,0
ndpi_stat,1,1,3,2981426,2981430,1216541652,1216541652,1216541659,0,0,0,W,0,351423,0,128716351,0,0,0,0
ndpi_stat,1,1,3,2971659,2971651,1219513386,1219513378,1219513378,0,0,0,W,0,348625,0,129064976,0,0,0,0
ndpi_stat,1,1,3,2981648,2981632,1222495114,1222495098,1222495098,0,0,0,W,0,346264,0,129411240,0,0,0,0
ndpi_stat,1,1,3,2981851,2981859,1225477037,1225477037,1225477037,0,0,0,W,0,349106,0,129760346,0,0,0,0
ndpi_stat,1,1,3,2989750,2989758,1228466874,1228466874,1228466874,0,0,0,W,0,347613,0,130107959,0,0,0,0
ndpi_stat,1,1,3,2984130,2984126,1231451065,1231451061,1231451069,0,0,0,W,0,352570,0,130460529,0,0,0,0
ndpi_stat,1,1,3,2985406,2985406,1234436511,1234436511,1234436511,0,0,0,W,0,350334,0,130810863,0,0,0,0
ndpi_stat,1,1,3,2987194,2987206,1237423777,1237423777,1237423777,0,0,0,W,0,347762,0,131158625,0,0,0,0
ndpi_stat,1,1,3,2988437,2988425,1240412274,1240412262,1240412262,0,0,0,W,0,348647,0,131507272,0,0,0,0
ndpi_stat,1,1,3,3178703,3162320,1243591061,1243574674,1243574674,0,0,0,W,0,157609,0,131664881,0,0,0,0
ndpi_stat,1,1,3,3147265,3163644,1246738326,1246738318,1246738326,0,0,0,W,0,190643,0,131855524,0,0,0,0
ndpi_stat,1,1,3,2969564,2969572,1249708318,1249708318,1249708318,0,0,0,W,0,348400,0,132203924,0,0,0,0
ndpi_stat,1,1,3,2978718,2978706,1252687152,1252687140,1252687144,0,0,0,W,0,351062,0,132554986,0,0,0,0
ndpi_stat,1,1,3,2979875,2979867,1255667169,1255667153,1255667153,0,0,0,W,0,349655,0,132904641,0,0,0,0
ndpi_stat,1,1,3,2984124,2984112,1258651351,1258651339,1258651339,0,0,0,W,0,349358,0,133253999,0,0,0,0
ndpi_stat,1,1,3,2986093,2986084,1261637508,1261637499,1261637508,0,0,0,W,0,348125,0,133602124,0,0,0,0
ndpi_stat,1,1,3,2980795,2980787,1264618409,1264618397,1264618397,0,0,0,W,0,348893,0,133951017,0,0,0,0
ndpi_stat,1,1,3,2986165,2986173,1267604686,1267604670,1267604670,0,0,0,W,0,350155,0,134301172,0,0,0,0
ndpi_stat,1,1,3,2986198,2986198,1270590960,1270590956,1270590960,0,0,0,W,0,348898,0,134650070,0,0,0,0
ndpi_stat,1,1,3,2988916,2988920,1273579932,1273579928,1273579928,0,0,0,W,0,349308,0,134999378,0,0,0,0
ndpi_stat,1,1,3,3154091,3137709,1276734088,1276717701,1276717701,0,0,0,W,0,181815,0,135181193,0,0,0,0
ndpi_stat,1,1,3,2983400,2999687,1279717488,1279717388,1279717388,0,0,0,W,0,166933,0,135348126,0,0,0,0
ndpi_stat,1,1,3,2938699,2938707,1282656291,1282656291,1282656291,0,0,0,W,0,361697,0,135709823,0,0,0,0
ndpi_stat,1,1,3,2983528,2983512,1285639901,1285639885,1285639885,0,0,0,W,0,352702,0,136062525,0,0,0,0
ndpi_stat,1,1,3,2985891,2985888,1288625835,1288625826,1288625826,0,0,0,W,0,348449,0,136410974,0,0,0,0
ndpi_stat,1,1,3,2984976,2984960,1291610860,1291610840,1291610840,0,0,0,W,0,348588,0,136759562,0,0,0,0
ndpi_stat,1,1,3,2985304,2985288,1294596200,1294596184,1294596184,0,0,0,W,0,351050,0,137110612,0,0,0,0
ndpi_stat,1,1,3,2985345,2985337,1297581595,1297581579,1297581579,0,0,0,W,0,351367,0,137461979,0,0,0,0
ndpi_stat,1,1,3,2986021,2986017,1300567656,1300567648,1300567656,0,0,0,W,0,349119,0,137811098,0,0,0,0
ndpi_stat,1,1,3,2984180,2984172,1303551896,1303551888,1303551888,0,0,0,W,0,349104,0,138160202,0,0,0,0
ndpi_stat,1,1,3,2984163,2984163,1306536119,1306536119,1306536119,0,0,0,W,0,348477,0,138508679,0,0,0,0
ndpi_stat,1,1,3,3132251,3115868,1309668450,1309652063,1309652063,0,0,0,W,0,206477,0,138715156,0,0,0,0
ndpi_stat,1,1,3,3149377,3165760,1312817827,1312817823,1312817823,0,0,0,W,0,157719,0,138872875,0,0,0,0
ndpi_stat,1,1,3,2986381,2986385,1315804276,1315804272,1315804272,0,0,0,W,0,348287,0,139221162,0,0,0,0
ndpi_stat,1,1,3,2988277,2988290,1318792633,1318792626,1318792626,0,0,0,W,0,349020,0,139570182,0,0,0,0
ndpi_stat,1,1,3,2972970,2972958,1321765642,1321765630,1321765630,0,0,0,W,0,351254,0,139921436,0,0,0,0
ndpi_stat,1,1,3,2986036,2986036,1324751746,1324751746,1324751746,0,0,0,W,0,348564,0,140270000,0,0,0,0
ndpi_stat,1,1,3,2986929,2986937,1327738759,1327738759,1327738759,0,0,0,W,0,347487,0,140617487,0,0,0,0
ndpi_stat,1,1,3,2977018,2977011,1330715829,1330715822,1330715829,0,0,0,W,0,349781,0,140967268,0,0,0,0
ndpi_stat,1,1,3,2982428,2982436,1333698350,1333698346,1333698346,0,0,0,W,0,349952,0,141317220,0,0,0,0
ndpi_stat,1,1,3,2982865,2982865,1336681267,1336681263,1336681267,0,0,0,W,0,351883,0,141669103,0,0,0,0
ndpi_stat,1,1,3,2987854,2987846,1339669197,1339669189,1339669189,0,0,0,W,0,348226,0,142017329,0,0,0,0
ndpi_stat,1,1,3,3087512,3071126,1342756785,1342740399,1342740399,0,0,0,W,0,227313,0,142244642,0,0,0,0
ndpi_stat,1,1,3,3206320,3222698,1345963105,1345963097,1345963097,0,0,0,W,0,121451,0,142366093,0,0,0,0
ndpi_stat,1,1,3,2984902,2984898,1348948059,1348948047,1348948047,0,0,0,W,0,348802,0,142714895,0,0,0,0
ndpi_stat,1,1,3,2985101,2985101,1351933222,1351933222,1351933222,0,0,0,W,0,347177,0,143062072,0,0,0,0
ndpi_stat,1,1,3,2988523,2988528,1354921810,1354921806,1354921810,0,0,0,W,0,347836,0,143409908,0,0,0,0
ndpi_stat,1,1,3,2986765,2986766,1357908659,1357908653,1357908653,0,0,0,W,0,346775,0,143756683,0,0,0,0
ndpi_stat,1,1,3,2981739,2981744,1360890454,1360890451,1360890451,0,0,0,W,0,351728,0,144108411,0,0,0,0
ndpi_stat,1,1,3,2986556,2986545,1363877066,1363877054,1363877054,0,0,0,W,0,348981,0,144457392,0,0,0,0
ndpi_stat,1,1,3,2985590,2985578,1366862744,1366862732,1366862732,0,0,0,W,0,349622,0,144807014,0,0,0,0
ndpi_stat,1,1,3,2985401,2985397,1369848565,1369848549,1369848549,0,0,0,W,0,348503,0,145155517,0,0,0,0
ndpi_stat,1,1,3,2974327,2974335,1372822940,1372822940,1372822940,0,0,0,W,0,347845,0,145503362,0,0,0,0
ndpi_stat,1,1,3,3088025,3071641,1375911041,1375894657,1375894657,0,0,0,W,0,247667,0,145751029,0,0,0,0
ndpi_stat,1,1,3,3232715,3249087,1379143756,1379143744,1379143752,0,0,0,W,0,101437,0,145852466,0,0,0,0
ndpi_stat,1,1,3,2977631,2977639,1382121459,1382121459,1382121459,0,0,0,W,0,350893,0,146203359,0,0,0,0
ndpi_stat,1,1,3,2983863,2983865,1385105382,1385105376,1385105382,0,0,0,W,0,351884,0,146555243,0,0,0,0
ndpi_stat,1,1,3,2990253,2990257,1388095680,1388095680,1388095684,0,0,0,W,0,347931,0,146903174,0,0,0,0
ndpi_stat,1,1,3,2989717,2989725,1391085441,1391085441,1391085441,0,0,0,W,0,347359,0,147250533,0,0,0,0
ndpi_stat,1,1,3,2984786,2984778,1394070339,1394070327,1394070327,0,0,0,W,0,348534,0,147599067,0,0,0,0
ndpi_stat,1,1,3,2990022,2990018,1397060417,1397060413,1397060413,0,0,0,W,0,348606,0,147947673,0,0,0,0
ndpi_stat,1,1,3,2985432,2985432,1400045957,1400045949,1400045949,0,0,0,W,0,348656,0,148296329,0,0,0,0
ndpi_stat,1,1,3,2808986,2808984,1402855002,1402854998,1402854998,0,0,0,W,0,473419,0,148769748,0,0,0,0
ndpi_stat,1,1,3,2985424,2985416,1405840514,1405840506,1405840506,0,0,0,W,0,349408,0,149119156,0,0,0,0
ndpi_stat,1,1,3,3087132,3070753,1408927682,1408911299,1408911299,0,0,0,W,0,248884,0,149368040,0,0,0,0
ndpi_stat,1,1,3,3231298,3247681,1412158980,1412158980,1412158980,0,0,0,W,0,99450,0,149467490,0,0,0,0
ndpi_stat,1,1,3,2983291,2983295,1415142335,1415142335,1415142335,0,0,0,W,0,348985,0,149816475,0,0,0,0
ndpi_stat,1,1,3,2983306,2983301,1418125749,1418125740,1418125744,0,0,0,W,0,350495,0,150166970,0,0,0,0
ndpi_stat,1,1,3,2987328,2987293,1421113106,1421113070,1421113070,0,0,0,W,0,346298,0,150513268,0,0,0,0
ndpi_stat,1,1,3,2985017,2985029,1424098183,1424098175,1424098175,0,0,0,W,0,347079,0,150860347,0,0,0,0
ndpi_stat,1,1,3,2985216,2985212,1427083445,1427083441,1427083441,0,0,0,W,0,351614,0,151211961,0,0,0,0
ndpi_stat,1,1,3,2988175,2987658,1430071712,1430071195,1430071195,0,0,0,W,0,348529,0,151560490,0,0,0,0
ndpi_stat,1,1,3,2985902,2986307,1433057686,1433057662,1433057674,0,0,0,W,0,348986,0,151909476,0,0,0,0
ndpi_stat,1,1,3,2961970,2961961,1436019811,1436019799,1436019807,0,0,0,W,0,348743,0,152258219,0,0,0,0
ndpi_stat,1,1,3,2985532,2985524,1439005415,1439005407,1439005415,0,0,0,W,0,348240,0,152606459,0,0,0,0
ndpi_stat,1,1,3,3058164,3041789,1442063655,1442047272,1442047272,0,0,0,W,0,271652,0,152878111,0,0,0,0
ndpi_stat,1,1,3,3258088,3274455,1445321743,1445321727,1445321727,0,0,0,W,0,76188,0,152954299,0,0,0,0
ndpi_stat,1,1,3,2980124,2980132,1448301923,1448301923,1448301923,0,0,0,W,0,351072,0,153305371,0,0,0,0
ndpi_stat,1,1,3,2982793,2982793,1451284768,1451284768,1451284768,0,0,0,W,0,348123,0,153653494,0,0,0,0
ndpi_stat,1,1,3,2984952,2984972,1454269816,1454269816,1454269816,0,0,0,W,0,347628,0,154001122,0,0,0,0
ndpi_stat,1,1,3,2986317,2986337,1457256197,1457256197,1457256197,0,0,0,W,0,349519,0,154350641,0,0,0,0
ndpi_stat,1,1,3,2985885,2985889,1460242154,1460242150,1460242150,0,0,0,W,0,348395,0,154699036,0,0,0,0
ndpi_stat,1,1,3,2988696,2988708,1463230922,1463230918,1463230918,0,0,0,W,0,350696,0,155049732,0,0,0,0
ndpi_stat,1,1,3,2964650,2964670,1466195644,1466195644,1466195644,0,0,0,W,0,348838,0,155398570,0,0,0,0
ndpi_stat,1,1,3,2983300,2983300,1469179000,1469178996,1469178996,0,0,0,W,0,351756,0,155750326,0,0,0,0
ndpi_stat,1,1,3,2986291,2986303,1472165367,1472165367,1472165367,0,0,0,W,0,349549,0,156099875,0,0,0,0
ndpi_stat,1,1,3,3039165,3022785,1475204608,1475188216,1475188216,0,0,0,W,0,296143,0,156396018,0,0,0,0
ndpi_stat,1,1,3,3280745,3297137,1478485353,1478485353,1478485353,0,0,0,W,0,52139,0,156448157,0,0,0,0
ndpi_stat,1,1,3,2980066,2980066,1481465483,1481465483,1481465483,0,0,0,W,0,352194,0,156800351,0,0,0,0
ndpi_stat,1,1,3,2987072,2987064,1484452655,1484452639,1484452639,0,0,0,W,0,347288,0,157147639,0,0,0,0
ndpi_stat,1,1,3,2987482,2987486,1487440197,1487440197,1487440197,0,0,0,W,0,348258,0,157495897,0,0,0,0
ndpi_stat,1,1,3,2991191,2991207,1490431812,1490431812,1490431812,0,0,0,W,0,347433,0,157843330,0,0,0,0
ndpi_stat,1,1,3,2986223,2986251,1493418103,1493418103,1493418103,0,0,0,W,0,348541,0,158191871,0,0,0,0
ndpi_stat,1,1,3,2904028,2904032,1496322203,1496322195,1496322195,0,0,0,W,0,389392,0,158581263,0,0,0,0
ndpi_stat,1,1,3,2981156,2981160,1499303431,1499303431,1499303431,0,0,0,W,0,352208,0,158933471,0,0,0,0
ndpi_stat,1,1,3,2982616,2982616,1502286139,1502286127,1502286127,0,0,0,W,0,350352,0,159283823,0,0,0,0
ndpi_stat,1,1,3,2984939,2984932,1505271126,1505271115,1505271115,0,0,0,W,0,347942,0,159631765,0,0,0,0
ndpi_stat,1,1,3,3018850,3002483,1508290043,1508273660,1508273660,0,0,0,W,0,317586,0,159949351,0,0,0,0
ndpi_stat,1,1,3,3302460,3313683,1511592503,1511587343,1511587343,0,0,0,W,0,31636,0,159980987,0,0,0,0
ndpi_stat,1,1,3,2977090,2982394,1514569741,1514569737,1514569737,0,0,0,W,0,353306,0,160334293,0,0,0,0
ndpi_stat,1,1,3,2986324,2986316,1517556157,1517556149,1517556149,0,0,0,W,0,347032,0,160681325,0,0,0,0
ndpi_stat,1,1,3,2983104,2983092,1520539333,1520539317,1520539317,0,0,0,W,0,351948,0,161033273,0,0,0,0
ndpi_stat,1,1,3,2988821,2988799,1523528192,1523528168,1523528168,0,0,0,W,0,346461,0,161379734,0,0,0,0
ndpi_stat,1,1,3,2970508,2970496,1526498788,1526498764,1526498764,0,0,0,W,0,351948,0,161731682,0,0,0,0
ndpi_stat,1,1,3,2981747,2981739,1529480603,1529480595,1529480595,0,0,0,W,0,349633,0,162081315,0,0,0,0
ndpi_stat,1,1,3,2981675,2981679,1532462362,1532462354,1532462354,0,0,0,W,0,351621,0,162432936,0,0,0,0
ndpi_stat,1,1,3,2985554,2985550,1535447976,1535447968,1535447968,0,0,0,W,0,349574,0,162782510,0,0,0,0
ndpi_stat,1,1,3,2980900,2980888,1538429001,1538428989,1538428989,0,0,0,W,0,351895,0,163134405,0,0,0,0
ndpi_stat,1,1,3,3008572,2992189,1541437633,1541421250,1541421250,0,0,0,W,0,327020,0,163461425,0,0,0,0
ndpi_stat,1,1,3,3311280,3315960,1544748913,1544737210,1544737210,0,0,0,W,0,22060,0,163483485,0,0,0,0
ndpi_stat,1,1,3,2980531,2992310,1547729532,1547729520,1547729520,0,0,0,W,0,349609,0,163833094,0,0,0,0
ndpi_stat,1,1,3,2981862,2981878,1550711478,1550711478,1550711478,0,0,0,W,0,348514,0,164181608,0,0,0,0
ndpi_stat,1,1,3,2982420,2982444,1553693970,1553693970,1553693970,0,0,0,W,0,351364,0,164532972,0,0,0,0
ndpi_stat,1,1,3,2988633,2988633,1556682667,1556682659,1556682659,0,0,0,W,0,347215,0,164880187,0,0,0,0
ndpi_stat,1,1,3,2970204,2970212,1559652975,1559652971,1559652971,0,0,0,W,0,348696,0,165228883,0,0,0,0
ndpi_stat,1,1,3,2983947,2983963,1562636998,1562636990,1562636990,0,0,0,W,0,349145,0,165578028,0,0,0,0
ndpi_stat,1,1,3,2984398,2984393,1565621492,1565621487,1565621492,0,0,0,W,0,347991,0,165926019,0,0,0,0
ndpi_stat,1,1,3,2987520,2987520,1568609071,1568609071,1568609071,0,0,0,W,0,351040,0,166277059,0,0,0,0
ndpi_stat,1,1,3,2988107,2988102,1571597282,1571597277,1571597282,0,0,0,W,0,347718,0,166624777,0,0,0,0
ndpi_stat,1,1,3,2994122,2977741,1574591519,1574575130,1574575130,0,0,0,W,0,337935,0,166962712,0,0,0,0
ndpi_stat,1,1,3,3323019,3323024,1577914538,1577898154,1577898154,0,0,0,W,0,17779,0,166980491,0,0,0,0
ndpi_stat,1,1,3,2990129,3006505,1580904667,1580904659,1580904659,0,0,0,W,0,342596,0,167323087,0,0,0,0
ndpi_stat,1,1,3,2984808,2984816,1583889595,1583889587,1583889587,0,0,0,W,0,348480,0,167671567,0,0,0,0
ndpi_stat,1,1,3,2984914,2984924,1586874593,1586874591,1586874591,0,0,0,W,0,349009,0,168020576,0,0,0,0
ndpi_stat,1,1,3,2692650,2692642,1589567296,1589567288,1589567288,0,0,0,W,0,538190,0,168558766,0,0,0,0
ndpi_stat,1,1,3,2979667,2979687,1592547031,1592547031,1592547035,0,0,0,W,0,348553,0,168907319,0,0,0,0
ndpi_stat,1,1,3,2976309,2976301,1595523388,1595523368,1595523384,0,0,0,W,0,349911,0,169257230,0,0,0,0
ndpi_stat,1,1,3,2984627,2984634,1598508111,1598508110,1598508111,0,0,0,W,0,349181,0,169606411,0,0,0,0
ndpi_stat,1,1,3,2981430,2981427,1601489609,1601489606,1601489606,0,0,0,W,0,352365,0,169958776,0,0,0,0
ndpi_stat,1,1,3,2986380,2986388,1604476042,1604476042,1604476042,0,0,0,W,0,348636,0,170307412,0,0,0,0
ndpi_stat,1,1,3,2983707,2983707,1607459881,1607459881,1607459881,0,0,0,W,0,348693,0,170656105,0,0,0,0
ndpi_stat,1,1,3,3301400,3285029,1610761689,1610745306,1610745306,0,0,0,W,0,31450,0,170687555,0,0,0,0
ndpi_stat,1,1,3,3011425,3027800,1613773114,1613773106,1613773106,0,0,0,W,0,319345,0,171006900,0,0,0,0
ndpi_stat,1,1,3,2985386,2985390,1616758564,1616758564,1616758564,0,0,0,W,0,348650,0,171355550,0,0,0,0
ndpi_stat,1,1,3,2891825,2891825,1619650481,1619650481,1619650481,0,0,0,W,0,352199,0,171707749,0,0,0,0
ndpi_stat,1,1,3,2961583,2961595,1622612116,1622612116,1622612116,0,0,0,W,0,346113,0,172053862,0,0,0,0
ndpi_stat,1,1,3,2977647,2977641,1625589843,1625589837,1625589837,0,0,0,W,0,348757,0,172402619,0,0,0,0
ndpi_stat,1,1,3,2983954,2983946,1628573820,1628573812,1628573812,0,0,0,W,0,349863,0,172752482,0,0,0,0
ndpi_stat,1,1,3,2983256,2983256,1631557094,1631557094,1631557094,0,0,0,W,0,347306,0,173099788,0,0,0,0
ndpi_stat,1,1,3,2985966,2985966,1634543212,1634543208,1634543208,0,0,0,W,0,350483,0,173450271,0,0,0,0
ndpi_stat,1,1,3,2982680,2982690,1637525991,1637525985,1637525985,0,0,0,W,0,354514,0,173804785,0,0,0,0
ndpi_stat,1,1,3,2984053,2984061,1640510114,1640510102,1640510102,0,0,0,W,0,350987,0,174155772,0,0,0,0
ndpi_stat,1,1,3,3289328,3272929,1643799526,1643783111,1643783111,0,0,0,W,0,45299,0,174201071,0,0,0,0
ndpi_stat,1,1,3,3026700,3043099,1646826226,1646826210,1646826210,0,0,0,W,0,306865,0,174507936,0,0,0,0
ndpi_stat,1,1,3,2978443,2978446,1649804765,1649804765,1649804765,0,0,0,W,0,347697,0,174855633,0,0,0,0
ndpi_stat,1,1,3,2980390,2980377,1652785247,1652785234,1652785234,0,0,0,W,0,348927,0,175204560,0,0,0,0
ndpi_stat,1,1,3,2979699,2979699,1655765005,1655765005,1655765005,0,0,0,W,0,348417,0,175552977,0,0,0,0
ndpi_stat,1,1,3,2986985,2986999,1658752070,1658752070,1658752070,0,0,0,W,0,348796,0,175901773,0,0,0,0
ndpi_stat,1,1,3,2963119,2963123,1661715228,1661715228,1661715228,0,0,0,W,0,360837,0,176262610,0,0,0,0
ndpi_stat,1,1,3,2986936,2986948,1664702248,1664702248,1664702248,0,0,0,W,0,348373,0,176610983,0,0,0,0
ndpi_stat,1,1,3,2983016,2983016,1667685331,1667685331,1667685331,0,0,0,W,0,347592,0,176958575,0,0,0,0
ndpi_stat,1,1,3,2941164,2941160,1670626575,1670626571,1670626571,0,0,0,W,0,347328,0,177305903,0,0,0,0
ndpi_stat,1,1,3,2985889,2985893,1673612552,1673612552,1673612552,0,0,0,W,0,349467,0,177655370,0,0,0,0
ndpi_stat,1,1,3,3261489,3245130,1676874133,1676857750,1676857750,0,0,0,W,0,75503,0,177730873,0,0,0,0
ndpi_stat,1,1,3,3057280,3073663,1679931413,1679931413,1679931413,0,0,0,W,0,272984,0,178003857,0,0,0,0
ndpi_stat,1,1,3,2951819,2951911,1682883392,1682883388,1682883388,0,0,0,W,0,347513,0,178351370,0,0,0,0
ndpi_stat,1,1,3,2982052,2982049,1685865516,1685865505,1685865505,0,0,0,W,0,348643,0,178700013,0,0,0,0
ndpi_stat,1,1,3,2990107,2990115,1688855688,1688855688,1688855688,0,0,0,W,0,346864,0,179046877,0,0,0,0
ndpi_stat,1,1,3,2988054,2988054,1691843785,1691843785,1691843785,0,0,0,W,0,348332,0,179395209,0,0,0,0
ndpi_stat,1,1,3,2986413,2986421,1694830262,1694830262,1694830262,0,0,0,W,0,349731,0,179744940,0,0,0,0
ndpi_stat,1,1,3,2981204,2981200,1697811530,1697811526,1697811526,0,0,0,W,0,348836,0,180093776,0,0,0,0
ndpi_stat,1,1,3,2985436,2985423,1700797042,1700797029,1700797030,0,0,0,W,0,347281,0,180441057,0,0,0,0
ndpi_stat,1,1,3,2984895,2984881,1703782031,1703782010,1703782024,0,0,0,W,0,350475,0,180791532,0,0,0,0
ndpi_stat,1,1,3,2979459,2979447,1706761549,1706761537,1706761553,0,0,0,W,0,352025,0,181143557,0,0,0,0
ndpi_stat,1,1,3,3239460,3223089,1710001109,1709984722,1709984722,0,0,0,W,0,94352,0,181237909,0,0,0,0
ndpi_stat,1,1,3,3059064,3075451,1713060173,1713060173,1713060173,0,0,0,W,0,252992,0,181490901,0,0,0,0
ndpi_stat,1,1,3,2979016,2979000,1716039261,1716039245,1716039245,0,0,0,W,0,348276,0,181839177,0,0,0,0
ndpi_stat,1,1,3,2983918,2983910,1719023237,1719023229,1719023237,0,0,0,W,0,348704,0,182187881,0,0,0,0
ndpi_stat,1,1,3,2986280,2986283,1722009571,1722009571,1722009574,0,0,0,W,0,347132,0,182535013,0,0,0,0
ndpi_stat,1,1,3,2982867,2982877,1724992487,1724992487,1724992487,0,0,0,W,0,350136,0,182885149,0,0,0,0
ndpi_stat,1,1,3,2986775,2986767,1727979320,1727979312,1727979328,0,0,0,W,0,348485,0,183233634,0,0,0,0
n